dataset_id,teacher_info,probe4_info
g0001,35.82980062909675,27.067516618603214
g0002,33.201214440345275,24.600591551759678
g0003,24.940696816245204,0.00010741588507760008
g0004,48.676979064941,22.094872057224162
g0005,34.40083986316635,0.05534170491693491
g0006,34.48424522610478,0.08725879346745613
g0007,7.862815180007111,2.6587079738150305
g0008,31.956527607527622,1.566561937582762
g0009,46.84350388230251,26.993568469073722
g0010,29.336207260806507,0.13628262049254516
g0011,90.8057515228891,24.049860506195195
g0012,57.896863406978156,32.86077956342152
g0013,34.6012818709762,0.12095107394815645
g0014,38.70119630048765,1.3151988567815147
g0015,38.40456534249854,0.7554526106820034
g0016,41.404291995581225,0.2882987593925004
g0017,106.76664332556219,7.835011762149748e-09
g0018,32.524175305651376,0.32343023624764544
g0019,58.06628485353681,28.709978379717555
g0020,59.68382346755182,2.92585651559415
g0021,58.77912706241757,14.372031236521183
g0022,26.590587552121924,6.66773362947457
g0023,63.15534251540989,72.06832208648257
g0024,42.10192212667546,6.8458912159579866
g0025,33.60645130459711,0.11545395075387835
g0026,56.797931701941984,25.805239396354406
g0027,99.98805998924942,27.000000007835013
g0028,73.5764802533475,26.478526017492456
g0029,67.92866650076212,27.023221993866116
g0030,71.32929070619852,27.000000007835013
g0031,73.89633880811613,35.93053154008521
g0032,35.9386295363793,0.004197879682220038
g0033,40.578228712830324,5.756244282657096
g0034,34.80555493836391,0.8953696223587918
g0035,29.328561753407445,0.02811605571513723
g0036,63.41911304458788,34.22735567005863
g0037,14.970212323555225,0.9921619759922988
g0038,35.145284779088676,0.057314315518703814
g0039,26.71276750766887,1.1794549456720222
g0040,25.116007725592198,0.26364862416747237
g0041,84.36502556005883,28.59183117464718
g0042,27.728429661112212,0.006843789748976135
g0043,24.850645988221228,25.220556087494767
g0044,31.651710235341643,0.011919429632164606
g0045,64.18358671401141,26.17964158282538
g0046,90.58839472602924,27.000000007835013
g0047,40.22677990526044,3.218002602064942e-05
g0048,33.750971952179995,26.92670090996366
g0049,45.557119894682735,0.28741366323415035
g0050,27.19309174203636,26.452877338943395
g0051,34.22503318088497,0.004368630737215394
g0052,40.28048838318195,28.95506987702475
g0053,25.272065160059235,7.745061368657536e-05
g0054,28.83649276551118,34.179344227865194
g0055,26.643273171091092,30.714171843559363
g0056,31.523686048690294,25.232017639293485
g0057,31.500295414056605,28.888914108622043
g0058,10.414814263572195,1.4276989428757612
g0059,30.024283235531882,25.718680792383886
g0060,48.59614872438261,25.32732798162847
g0061,65.62544618974245,35.76149667905051
g0062,24.644881733798144,1.420325151066669
g0063,34.93377889591222,8.900162395301729
g0064,36.4107946718009,13.85919740711366
g0065,12.526424255068664,1.348697450304578
g0066,13.175569537639868,12.526952038509362
g0067,20.018545802065518,18.70072185261525
g0068,19.55453185746916,20.44685552914666
g0069,38.63301725914354,26.77978752188649
g0070,26.462229838898185,29.97898163368331
g0071,25.293872753992115,0.07908658877241258
g0072,28.117336944180302,0.008001062808945261
g0073,33.94185665126766,0.008821098269189196
g0074,59.06213635962633,0.21619155960111444
g0075,30.322490269013596,0.18661528157474394
g0076,48.067116607646916,4.45357564044409
g0077,10.914132828870107,0.08285301603844893
g0078,40.42881674354649,26.31458139826496
g0079,13.184685792908503,7.209839975797629
g0080,23.05191504549265,29.06413923210795
g0081,13.62128763906982,0.5660305777601862
g0082,24.416290651184884,23.031935703470328
g0083,56.2439960361967,25.233507782909513
g0084,31.067615769382495,0.5780363500437165
g0085,24.049457825318672,6.719392370005514
g0086,37.61464939613976,0.001991790747148729
g0087,31.61985301060031,0.106469554408706
g0088,21.12416759808144,20.501804768613965
g0089,20.228560933576038,19.944745161234426
g0090,28.124808302644954,27.382084856440592
g0091,11.137397504828312,0.015198290391611647
g0092,28.30789527159695,23.00742390227323
g0093,16.610646577449398,17.853093301566073
g0094,19.3397009515809,0.1274550450978384
g0095,12.989362726767466,5.218855732296382
g0096,20.822767918894534,24.272468749383222
g0097,10.238731061511492,0.7399734594511984
g0098,11.206650288936899,0.06102037311512401
g0099,8.311814320950228,0.14065184005006087
g0100,10.892604846412818,7.888420560586008
g0101,13.802402440609043,0.1354823432129736
g0102,6.568550152434589,3.1855122878133733
g0103,14.791728764322675,1.4894710180408592
g0104,1.747418037032543,0.7807068921785687
g0105,19.341899695170174,5.198580983725878
g0106,7.331309518614717,16.36145011486343
g0107,10.819774818592714,7.887757208447159
g0108,19.57673117848664,8.649027529261584
g0109,15.861074940197286,5.7679434707349255
g0110,10.322511065186136,12.11959823571132
g0111,13.742943043135368,5.446565677783788
g0112,6.193343337185477,5.917352366788084
g0113,12.0393718586568,19.257088620063367
g0114,1.5495056401866762,0.004498519210595042
g0115,18.293668949909982,2.010548626264339
g0116,21.618887323083396,25.400940604473334
g0117,4.006261122611988,0.6743305580574338
g0118,6.225491019026595,6.804569179829917
g0119,6.987440253831843,11.002133509933225
g0120,0.9260517842739261,1.2153475013540624
g0121,4.1700025143342625,3.215265919824716
g0122,21.97522851314477,23.97840240171569
g0123,1.2953344039120442,0.8001201510409456
g0124,1.4264215837897984,0.024556825728987
g0125,0.11057726843237803,0.01610382029404663
g0126,0.8460043221038119,0.7350191626019602
g0127,0.7351121234180513,1.2114590098712883
g0128,0.8094685152587745,0.7402227377358737
g0129,5.9074582509416995,0.5317135233517917
g0130,0.3885553901497281,0.2028195311147832
g0131,0.13240185014307398,0.002981472895604959
g0132,5.5946575590757455,6.613960204624502
g0133,4.164864776951854,7.4210226128665315
g0134,0.150356891586326,0.08005777582422009
g0135,3.5653667276737413,6.958463748445507
g0136,10.056191599895921,22.498535892154507
g0137,3.189862478807949,1.7083911532133222
g0138,0.293201826307064,0.3262244780738818
g0139,0.05254528522554628,0.08220582139374262
g0140,1.3281505942657703,0.038751045684980195
g0141,22.99369383080875,30.510465487294166
g0142,11.787475051357594,1.0502862506572803
g0143,20.62984821196477,5.0171423765717345
g0144,17.4920959475064,10.591878216208297
g0145,2.4303999841315527,1.79264660172822
g0146,8.358654710735152,7.995292488220401
g0147,19.186918265815645,0.7600645607540257
g0148,10.885565334878406,1.6733930018767569
g0149,3.064881992704691,0.19191674629210506
g0150,8.803058871205074,4.63377677220744
g0151,17.876157875101303,2.566275524715003
g0152,7.125659859747801,0.07688834049864296
g0153,20.775283520631245,2.9752741330779413
g0154,0.24121228656501734,0.03949356005500669
g0155,1.2880445025694947,0.46336426973203837
g0156,10.211164667461974,0.9917743936952085
g0157,2.722421126719728,0.5214555615806742
g0158,1.1852890443988546,0.3304146242321777
g0159,7.502786936020636,6.027515502897486
g0160,11.01528338333979,0.8806374631016117
g0161,27.097133940981234,21.138549059889765
g0162,15.888238102216691,6.625603742050017
g0163,33.93020708785844,16.47324563620247
g0164,14.484595749480425,9.585184262666058
g0165,17.559135286421874,6.483060396132807
g0166,18.951640211599365,6.67716503419907
g0167,25.983644076518633,3.9622581751247066
g0168,18.228955532100088,6.573555282231948
g0169,12.506819643763746,4.786731301313462
g0170,10.57523064045845,5.991856662934032
g0171,15.412964696537495,2.2592255235362164
g0172,15.318450475683335,2.9691821864738586
g0173,59.83167243280507,23.752239577666586
g0174,60.17004438996641,24.794235130061733
g0175,24.71503086970663,0.06799815589878766
g0176,10.261573288508254,1.1995380032261413
g0177,30.209250074906198,19.72357314450473
g0178,19.095943082355387,19.439304505518034
g0179,10.7787384717535,0.9989272173042436
g0180,26.721946849012514,20.821892845569455
g0181,17.931283306195265,16.876186416467792
g0182,16.711110934681237,20.07215893333317
g0183,10.5128510669644,0.5034572315999146
g0184,0.854117377685617,1.619380092996687
g0185,3.5926010540053253,4.58289613538228
g0186,18.903681297381013,22.453459289850127
g0187,11.122863175355464,21.303442018959952
g0188,17.91748153187006,23.02420616956876
g0189,11.168278490307419,1.1809806330426562
g0190,10.861222486885007,1.3833500904733236
g0191,15.56006891279611,0.49827525499777275
g0192,29.354083129462392,33.832539684006676
g0193,0.8541505675720684,1.303476329870466
g0194,18.193597319160297,1.420668198654916
g0195,14.506673913875511,8.522547784911874
g0196,4.681149589248807,0.5541646475812116
g0197,14.71425988745952,9.330191394210367
g0198,11.668220769178667,23.525479099542014
g0199,6.605159368855918,0.3127147891616532
g0200,22.781106561977523,35.033404596273705
