method,dataset_id,global_index,dataset_name,host,result_relpath,action,reason
pyoperon,g0006,6,feynman-ii.11.27,iaaccn22,results/W2/pyoperon/iaaccn22/g0006_feynman-ii.11.27/result.json,repaired,repaired
pyoperon,g0009,9,feynman-ii.15.4,iaaccn22,results/W2/pyoperon/iaaccn22/g0009_feynman-ii.15.4/result.json,repaired,repaired
pyoperon,g0012,12,feynman-i.26.2,iaaccn22,results/W2/pyoperon/iaaccn22/g0012_feynman-i.26.2/result.json,unrepaired,metric_nonfinite
pyoperon,g0015,15,feynman-i.41.16,iaaccn22,results/W2/pyoperon/iaaccn22/g0015_feynman-i.41.16/result.json,repaired,repaired
pyoperon,g0033,33,feynman-iii.4.33,iaaccn22,results/W2/pyoperon/iaaccn22/g0033_feynman-iii.4.33/result.json,repaired,repaired
pysr,g0007,7,CRK22,iaaccn22,results/W3/pysr/iaaccn22/g0007_CRK22/result.json,unrepaired,metric_nonfinite
tpsr,g0022,22,feynman-ii.11.20,iaaccn22,results/W5/tpsr/iaaccn22/g0022_feynman-ii.11.20/result.json,unrepaired,metric_nonfinite
tpsr,g0025,25,feynman-bonus.4,iaaccn22,results/W5/tpsr/iaaccn22/g0025_feynman-bonus.4/result.json,unrepaired,missing_equation
tpsr,g0039,39,feynman-ii.11.3,iaaccn22,results/W5/tpsr/iaaccn22/g0039_feynman-ii.11.3/result.json,unrepaired,missing_equation
pyoperon,g0072,72,feynman-i.43.31,iaaccn23,results/W2/pyoperon/iaaccn23/g0072_feynman-i.43.31/result.json,repaired,repaired
pyoperon,g0078,78,III.21.20_2_0,iaaccn23,results/W2/pyoperon/iaaccn23/g0078_III.21.20_2_0/result.json,unrepaired,metric_nonfinite
pysr,g0130,130,Keijzer-10,iaaccn24,results/W3/pysr/iaaccn24/g0130_Keijzer-10/result.json,unrepaired,metric_nonfinite
pysr,g0143,143,MatSci8,iaaccn24,results/W3/pysr/iaaccn24/g0143_MatSci8/result.json,unrepaired,metric_nonfinite
pyoperon,g0184,184,III.15.14_1_0,iaaccn25,results/W2/pyoperon/iaaccn25/g0184_III.15.14_1_0/result.json,unrepaired,metric_nonfinite
pyoperon,g0193,193,II.21.32_3_0,iaaccn25,results/W2/pyoperon/iaaccn25/g0193_II.21.32_3_0/result.json,unrepaired,metric_nonfinite
pyoperon,g0194,194,II.21.32_2_0,iaaccn25,results/W2/pyoperon/iaaccn25/g0194_II.21.32_2_0/result.json,unrepaired,metric_nonfinite
tpsr,g0174,174,feynman-ii.35.18,iaaccn25,results/W5/tpsr/iaaccn25/g0174_feynman-ii.35.18/result.json,unrepaired,metric_nonfinite
tpsr,g0175,175,feynman-bonus.2,iaaccn25,results/W5/tpsr/iaaccn25/g0175_feynman-bonus.2/result.json,unrepaired,metric_nonfinite
dso,g0130,130,Keijzer-10,iaaccn26,results/W4/dso/iaaccn26/g0130_Keijzer-10/result.json,unrepaired,metric_nonfinite
dso,g0141,141,Keijzer-15,iaaccn26,results/W4/dso/iaaccn26/g0141_Keijzer-15/result.json,unrepaired,metric_nonfinite
