dataset_id,global_index,dataset_name,host,result_relpath,action,reason
g0001,1,feynman-iii.15.12,iaaccn22,results/W1/gplearn/iaaccn22/g0001_feynman-iii.15.12/result.json,repaired,repaired
g0002,2,feynman-iii.15.14,iaaccn22,results/W1/gplearn/iaaccn22/g0002_feynman-iii.15.14/result.json,skipped_valid,already_valid
g0003,3,feynman-ii.11.20,iaaccn22,results/W1/gplearn/iaaccn22/g0003_feynman-ii.11.20/result.json,repaired,repaired
g0004,4,feynman-iii.12.43,iaaccn22,results/W1/gplearn/iaaccn22/g0004_feynman-iii.12.43/result.json,repaired,repaired
g0005,5,feynman-ii.11.27,iaaccn22,results/W1/gplearn/iaaccn22/g0005_feynman-ii.11.27/result.json,skipped_valid,already_valid
g0006,6,feynman-ii.11.27,iaaccn22,results/W1/gplearn/iaaccn22/g0006_feynman-ii.11.27/result.json,skipped_valid,already_valid
g0007,7,CRK22,iaaccn22,results/W1/gplearn/iaaccn22/g0007_CRK22/result.json,skipped_valid,already_valid
g0008,8,feynman-ii.34.29a,iaaccn22,results/W1/gplearn/iaaccn22/g0008_feynman-ii.34.29a/result.json,skipped_valid,already_valid
g0009,9,feynman-ii.15.4,iaaccn22,results/W1/gplearn/iaaccn22/g0009_feynman-ii.15.4/result.json,repaired,repaired
g0010,10,feynman-bonus.7,iaaccn22,results/W1/gplearn/iaaccn22/g0010_feynman-bonus.7/result.json,skipped_valid,already_valid
g0011,11,feynman-i.25.13,iaaccn22,results/W1/gplearn/iaaccn22/g0011_feynman-i.25.13/result.json,skipped_valid,already_valid
g0012,12,feynman-i.26.2,iaaccn22,results/W1/gplearn/iaaccn22/g0012_feynman-i.26.2/result.json,skipped_valid,already_valid
g0013,13,feynman-bonus.20,iaaccn22,results/W1/gplearn/iaaccn22/g0013_feynman-bonus.20/result.json,skipped_valid,already_valid
g0014,14,feynman-i.14.4,iaaccn22,results/W1/gplearn/iaaccn22/g0014_feynman-i.14.4/result.json,repaired,repaired
g0015,15,feynman-i.41.16,iaaccn22,results/W1/gplearn/iaaccn22/g0015_feynman-i.41.16/result.json,skipped_valid,already_valid
g0016,16,first_principles_newton,iaaccn22,results/W1/gplearn/iaaccn22/g0016_first_principles_newton/result.json,repaired,repaired
g0017,17,feynman-ii.11.28,iaaccn22,results/W1/gplearn/iaaccn22/g0017_feynman-ii.11.28/result.json,skipped_valid,already_valid
g0018,18,feynman-i.38.12,iaaccn22,results/W1/gplearn/iaaccn22/g0018_feynman-i.38.12/result.json,skipped_valid,already_valid
g0019,19,feynman-ii.15.5,iaaccn22,results/W1/gplearn/iaaccn22/g0019_feynman-ii.15.5/result.json,skipped_valid,already_valid
g0020,20,feynman-i.29.4,iaaccn22,results/W1/gplearn/iaaccn22/g0020_feynman-i.29.4/result.json,repaired,repaired
g0021,21,feynman-i.14.3,iaaccn22,results/W1/gplearn/iaaccn22/g0021_feynman-i.14.3/result.json,skipped_valid,already_valid
g0022,22,feynman-ii.11.20,iaaccn22,results/W1/gplearn/iaaccn22/g0022_feynman-ii.11.20/result.json,repaired,repaired
g0023,23,feynman-i.34.27,iaaccn22,results/W1/gplearn/iaaccn22/g0023_feynman-i.34.27/result.json,skipped_valid,already_valid
g0024,24,feynman-iii.13.18,iaaccn22,results/W1/gplearn/iaaccn22/g0024_feynman-iii.13.18/result.json,repaired,repaired
g0025,25,feynman-bonus.4,iaaccn22,results/W1/gplearn/iaaccn22/g0025_feynman-bonus.4/result.json,repaired,repaired
g0026,26,feynman-bonus.4,iaaccn22,results/W1/gplearn/iaaccn22/g0026_feynman-bonus.4/result.json,unrepaired,"artifact_invalid:变量索引超出输入维度: expected_n_features=5, found=['x0', 'x1', 'x3', 'x5', 'x6', 'x7'];变量索引超出输入维度: expected_n_features=5, found=['x0', 'x1', 'x3', 'x5', 'x6', 'x7'];变量索引超出输入维度: expected_n_features=5, found=['x0', 'x1', 'x3', 'x5', 'x6', 'x7']"
g0027,27,feynman-iii.17.37,iaaccn22,results/W1/gplearn/iaaccn22/g0027_feynman-iii.17.37/result.json,skipped_valid,already_valid
g0028,28,feynman-i.18.16,iaaccn22,results/W1/gplearn/iaaccn22/g0028_feynman-i.18.16/result.json,skipped_valid,already_valid
g0029,29,feynman-ii.34.11,iaaccn22,results/W1/gplearn/iaaccn22/g0029_feynman-ii.34.11/result.json,repaired,repaired
g0030,30,feynman-bonus.8,iaaccn22,results/W1/gplearn/iaaccn22/g0030_feynman-bonus.8/result.json,skipped_valid,already_valid
g0031,31,feynman-i.30.5,iaaccn22,results/W1/gplearn/iaaccn22/g0031_feynman-i.30.5/result.json,skipped_valid,already_valid
g0032,32,feynman-i.41.16,iaaccn22,results/W1/gplearn/iaaccn22/g0032_feynman-i.41.16/result.json,skipped_valid,already_valid
g0033,33,feynman-iii.4.33,iaaccn22,results/W1/gplearn/iaaccn22/g0033_feynman-iii.4.33/result.json,skipped_valid,already_valid
g0034,34,feynman-iii.4.33,iaaccn22,results/W1/gplearn/iaaccn22/g0034_feynman-iii.4.33/result.json,skipped_valid,already_valid
g0035,35,feynman-i.37.4,iaaccn22,results/W1/gplearn/iaaccn22/g0035_feynman-i.37.4/result.json,skipped_valid,already_valid
g0036,36,feynman-ii.37.1,iaaccn22,results/W1/gplearn/iaaccn22/g0036_feynman-ii.37.1/result.json,skipped_valid,already_valid
g0037,37,PO14,iaaccn22,results/W1/gplearn/iaaccn22/g0037_PO14/result.json,skipped_valid,already_valid
g0038,38,feynman-i.44.4,iaaccn22,results/W1/gplearn/iaaccn22/g0038_feynman-i.44.4/result.json,repaired,repaired
g0039,39,feynman-ii.11.3,iaaccn22,results/W1/gplearn/iaaccn22/g0039_feynman-ii.11.3/result.json,skipped_valid,already_valid
g0040,40,feynman-bonus.16,iaaccn22,results/W1/gplearn/iaaccn22/g0040_feynman-bonus.16/result.json,repaired,repaired
g0041,41,feynman-bonus.11,iaaccn22,results/W1/gplearn/iaaccn22/g0041_feynman-bonus.11/result.json,skipped_valid,already_valid
g0042,42,feynman-bonus.5,iaaccn22,results/W1/gplearn/iaaccn22/g0042_feynman-bonus.5/result.json,unrepaired,"artifact_invalid:变量索引超出输入维度: expected_n_features=3, found=['x0', 'x1', 'x2', 'x4', 'x5'];变量索引超出输入维度: expected_n_features=3, found=['x0', 'x1', 'x2', 'x4', 'x5'];变量索引超出输入维度: expected_n_features=3, found=['x0', 'x1', 'x2', 'x4', 'x5']"
g0043,43,feynman-i.18.4,iaaccn22,results/W1/gplearn/iaaccn22/g0043_feynman-i.18.4/result.json,skipped_valid,already_valid
g0044,44,feynman-bonus.5,iaaccn22,results/W1/gplearn/iaaccn22/g0044_feynman-bonus.5/result.json,repaired,repaired
g0045,45,feynman-i.11.19,iaaccn22,results/W1/gplearn/iaaccn22/g0045_feynman-i.11.19/result.json,skipped_valid,already_valid
g0046,46,feynman-ii.15.4,iaaccn22,results/W1/gplearn/iaaccn22/g0046_feynman-ii.15.4/result.json,repaired,repaired
g0047,47,feynman-i.15.3x,iaaccn22,results/W1/gplearn/iaaccn22/g0047_feynman-i.15.3x/result.json,repaired,repaired
g0048,48,feynman-bonus.17,iaaccn22,results/W1/gplearn/iaaccn22/g0048_feynman-bonus.17/result.json,repaired,repaired
g0049,49,feynman-iii.15.27,iaaccn22,results/W1/gplearn/iaaccn22/g0049_feynman-iii.15.27/result.json,repaired,repaired
g0050,50,feynman-i.24.6,iaaccn22,results/W1/gplearn/iaaccn22/g0050_feynman-i.24.6/result.json,repaired,repaired
g0051,51,feynman-bonus.10,iaaccn23,results/W1/gplearn/iaaccn23/g0051_feynman-bonus.10/result.json,skipped_valid,already_valid
g0052,52,feynman-i.18.12,iaaccn23,results/W1/gplearn/iaaccn23/g0052_feynman-i.18.12/result.json,skipped_valid,already_valid
g0053,53,feynman-ii.8.7,iaaccn23,results/W1/gplearn/iaaccn23/g0053_feynman-ii.8.7/result.json,repaired,repaired
g0054,54,feynman_II_2_42,iaaccn23,results/W1/gplearn/iaaccn23/g0054_feynman_II_2_42/result.json,skipped_valid,already_valid
g0055,55,feynman_II_34_11,iaaccn23,results/W1/gplearn/iaaccn23/g0055_feynman_II_34_11/result.json,repaired,repaired
g0056,56,feynman_II_15_5,iaaccn23,results/W1/gplearn/iaaccn23/g0056_feynman_II_15_5/result.json,repaired,repaired
g0057,57,feynman_III_17_37,iaaccn23,results/W1/gplearn/iaaccn23/g0057_feynman_III_17_37/result.json,skipped_valid,already_valid
g0058,58,feynman_II_36_38,iaaccn23,results/W1/gplearn/iaaccn23/g0058_feynman_II_36_38/result.json,repaired,repaired
g0059,59,feynman_II_38_3,iaaccn23,results/W1/gplearn/iaaccn23/g0059_feynman_II_38_3/result.json,skipped_valid,already_valid
g0060,60,feynman-i.27.6,iaaccn23,results/W1/gplearn/iaaccn23/g0060_feynman-i.27.6/result.json,skipped_valid,already_valid
g0061,61,feynman-ii.38.3,iaaccn23,results/W1/gplearn/iaaccn23/g0061_feynman-ii.38.3/result.json,skipped_valid,already_valid
g0062,62,Keijzer-7,iaaccn23,results/W1/gplearn/iaaccn23/g0062_Keijzer-7/result.json,skipped_valid,already_valid
g0063,63,feynman-bonus.11,iaaccn23,results/W1/gplearn/iaaccn23/g0063_feynman-bonus.11/result.json,skipped_valid,already_valid
g0064,64,feynman-i.39.10,iaaccn23,results/W1/gplearn/iaaccn23/g0064_feynman-i.39.10/result.json,repaired,repaired
g0065,65,feynman-i.50.26,iaaccn23,results/W1/gplearn/iaaccn23/g0065_feynman-i.50.26/result.json,repaired,repaired
g0066,66,Nguyen-5,iaaccn23,results/W1/gplearn/iaaccn23/g0066_Nguyen-5/result.json,repaired,repaired
g0067,67,Nguyen-6,iaaccn23,results/W1/gplearn/iaaccn23/g0067_Nguyen-6/result.json,repaired,repaired
g0068,68,Nguyen-9,iaaccn23,results/W1/gplearn/iaaccn23/g0068_Nguyen-9/result.json,skipped_valid,already_valid
g0069,69,feynman-ii.8.31,iaaccn23,results/W1/gplearn/iaaccn23/g0069_feynman-ii.8.31/result.json,skipped_valid,already_valid
g0070,70,III.21.20_3_0,iaaccn23,results/W1/gplearn/iaaccn23/g0070_III.21.20_3_0/result.json,repaired,repaired
g0071,71,feynman-ii.36.38,iaaccn23,results/W1/gplearn/iaaccn23/g0071_feynman-ii.36.38/result.json,repaired,repaired
g0072,72,feynman-i.43.31,iaaccn23,results/W1/gplearn/iaaccn23/g0072_feynman-i.43.31/result.json,skipped_valid,already_valid
g0073,73,feynman-i.43.31,iaaccn23,results/W1/gplearn/iaaccn23/g0073_feynman-i.43.31/result.json,skipped_valid,already_valid
g0074,74,feynman-iii.4.32,iaaccn23,results/W1/gplearn/iaaccn23/g0074_feynman-iii.4.32/result.json,repaired,repaired
g0075,75,feynman-bonus.3,iaaccn23,results/W1/gplearn/iaaccn23/g0075_feynman-bonus.3/result.json,repaired,repaired
g0076,76,feynman-bonus.17,iaaccn23,results/W1/gplearn/iaaccn23/g0076_feynman-bonus.17/result.json,repaired,repaired
g0077,77,I.40.1_4_0,iaaccn23,results/W1/gplearn/iaaccn23/g0077_I.40.1_4_0/result.json,skipped_valid,already_valid
g0078,78,III.21.20_2_0,iaaccn23,results/W1/gplearn/iaaccn23/g0078_III.21.20_2_0/result.json,repaired,repaired
g0079,79,I.11.19_5_0,iaaccn23,results/W1/gplearn/iaaccn23/g0079_I.11.19_5_0/result.json,repaired,repaired
g0080,80,II.37.1_2_0,iaaccn23,results/W1/gplearn/iaaccn23/g0080_II.37.1_2_0/result.json,repaired,repaired
g0081,81,II.36.38_4_0,iaaccn23,results/W1/gplearn/iaaccn23/g0081_II.36.38_4_0/result.json,repaired,repaired
g0082,82,II.34.2_1_0,iaaccn23,results/W1/gplearn/iaaccn23/g0082_II.34.2_1_0/result.json,repaired,repaired
g0083,83,feynman-i.12.11,iaaccn23,results/W1/gplearn/iaaccn23/g0083_feynman-i.12.11/result.json,repaired,repaired
g0084,84,feynman-ii.21.32,iaaccn23,results/W1/gplearn/iaaccn23/g0084_feynman-ii.21.32/result.json,repaired,repaired
g0085,85,feynman-i.12.1,iaaccn23,results/W1/gplearn/iaaccn23/g0085_feynman-i.12.1/result.json,skipped_valid,already_valid
g0086,86,feynman-i.10.7,iaaccn23,results/W1/gplearn/iaaccn23/g0086_feynman-i.10.7/result.json,skipped_valid,already_valid
g0087,87,feynman-bonus.7,iaaccn23,results/W1/gplearn/iaaccn23/g0087_feynman-bonus.7/result.json,skipped_valid,already_valid
g0088,88,strogatz_lv1,iaaccn23,results/W1/gplearn/iaaccn23/g0088_strogatz_lv1/result.json,skipped_valid,already_valid
g0089,89,strogatz_lv2,iaaccn23,results/W1/gplearn/iaaccn23/g0089_strogatz_lv2/result.json,repaired,repaired
g0090,90,Korns-1,iaaccn23,results/W1/gplearn/iaaccn23/g0090_Korns-1/result.json,repaired,repaired
g0091,91,strogatz_shearflow2,iaaccn23,results/W1/gplearn/iaaccn23/g0091_strogatz_shearflow2/result.json,repaired,repaired
g0092,92,strogatz_glider2,iaaccn23,results/W1/gplearn/iaaccn23/g0092_strogatz_glider2/result.json,repaired,repaired
g0093,93,Nguyen-11,iaaccn23,results/W1/gplearn/iaaccn23/g0093_Nguyen-11/result.json,skipped_valid,already_valid
g0094,94,first_principles_planck,iaaccn23,results/W1/gplearn/iaaccn23/g0094_first_principles_planck/result.json,repaired,repaired
g0095,95,strogatz_bacres2,iaaccn23,results/W1/gplearn/iaaccn23/g0095_strogatz_bacres2/result.json,repaired,repaired
g0096,96,strogatz_predprey2,iaaccn23,results/W1/gplearn/iaaccn23/g0096_strogatz_predprey2/result.json,repaired,repaired
g0097,97,Keijzer-1,iaaccn23,results/W1/gplearn/iaaccn23/g0097_Keijzer-1/result.json,repaired,repaired
g0098,98,strogatz_barmag1,iaaccn23,results/W1/gplearn/iaaccn23/g0098_strogatz_barmag1/result.json,skipped_valid,already_valid
g0099,99,Keijzer-2,iaaccn23,results/W1/gplearn/iaaccn23/g0099_Keijzer-2/result.json,skipped_valid,already_valid
g0100,100,PO18,iaaccn23,results/W1/gplearn/iaaccn23/g0100_PO18/result.json,skipped_valid,already_valid
g0101,101,PO21,iaaccn24,results/W1/gplearn/iaaccn24/g0101_PO21/result.json,skipped_valid,already_valid
g0102,102,CRK23,iaaccn24,results/W1/gplearn/iaaccn24/g0102_CRK23/result.json,skipped_valid,already_valid
g0103,103,BPG9,iaaccn24,results/W1/gplearn/iaaccn24/g0103_BPG9/result.json,skipped_valid,already_valid
g0104,104,PO27,iaaccn24,results/W1/gplearn/iaaccn24/g0104_PO27/result.json,skipped_valid,already_valid
g0105,105,BPG7,iaaccn24,results/W1/gplearn/iaaccn24/g0105_BPG7/result.json,skipped_valid,already_valid
g0106,106,Korns-4,iaaccn24,results/W1/gplearn/iaaccn24/g0106_Korns-4/result.json,skipped_valid,already_valid
g0107,107,BPG16,iaaccn24,results/W1/gplearn/iaaccn24/g0107_BPG16/result.json,skipped_valid,already_valid
g0108,108,BPG8,iaaccn24,results/W1/gplearn/iaaccn24/g0108_BPG8/result.json,repaired,repaired
g0109,109,BPG0,iaaccn24,results/W1/gplearn/iaaccn24/g0109_BPG0/result.json,skipped_valid,already_valid
g0110,110,CRK5,iaaccn24,results/W1/gplearn/iaaccn24/g0110_CRK5/result.json,skipped_valid,already_valid
g0111,111,CRK16,iaaccn24,results/W1/gplearn/iaaccn24/g0111_CRK16/result.json,skipped_valid,already_valid
g0112,112,CRK15,iaaccn24,results/W1/gplearn/iaaccn24/g0112_CRK15/result.json,repaired,repaired
g0113,113,Nguyen-7,iaaccn24,results/W1/gplearn/iaaccn24/g0113_Nguyen-7/result.json,skipped_valid,already_valid
g0114,114,Korns-8,iaaccn24,results/W1/gplearn/iaaccn24/g0114_Korns-8/result.json,repaired,repaired
g0115,115,MatSci23,iaaccn24,results/W1/gplearn/iaaccn24/g0115_MatSci23/result.json,repaired,repaired
g0116,116,Korns-2,iaaccn24,results/W1/gplearn/iaaccn24/g0116_Korns-2/result.json,repaired,repaired
g0117,117,PO37,iaaccn24,results/W1/gplearn/iaaccn24/g0117_PO37/result.json,skipped_valid,already_valid
g0118,118,BPG14,iaaccn24,results/W1/gplearn/iaaccn24/g0118_BPG14/result.json,repaired,repaired
g0119,119,first_principles_kepler,iaaccn24,results/W1/gplearn/iaaccn24/g0119_first_principles_kepler/result.json,skipped_valid,already_valid
g0120,120,feynman_test_8,iaaccn24,results/W1/gplearn/iaaccn24/g0120_feynman_test_8/result.json,skipped_valid,already_valid
g0121,121,CRK6,iaaccn24,results/W1/gplearn/iaaccn24/g0121_CRK6/result.json,skipped_valid,already_valid
g0122,122,feynman_I_27_6,iaaccn24,results/W1/gplearn/iaaccn24/g0122_feynman_I_27_6/result.json,skipped_valid,already_valid
g0123,123,feynman_I_6_2,iaaccn24,results/W1/gplearn/iaaccn24/g0123_feynman_I_6_2/result.json,skipped_valid,already_valid
g0124,124,I.13.12_3_0,iaaccn24,results/W1/gplearn/iaaccn24/g0124_I.13.12_3_0/result.json,repaired,repaired
g0125,125,II.36.38_5_0,iaaccn24,results/W1/gplearn/iaaccn24/g0125_II.36.38_5_0/result.json,repaired,repaired
g0126,126,feynman_I_6_2b,iaaccn24,results/W1/gplearn/iaaccn24/g0126_feynman_I_6_2b/result.json,skipped_valid,already_valid
g0127,127,feynman_test_7,iaaccn24,results/W1/gplearn/iaaccn24/g0127_feynman_test_7/result.json,repaired,repaired
g0128,128,feynman_test_4,iaaccn24,results/W1/gplearn/iaaccn24/g0128_feynman_test_4/result.json,skipped_valid,already_valid
g0129,129,Korns-5,iaaccn24,results/W1/gplearn/iaaccn24/g0129_Korns-5/result.json,repaired,repaired
g0130,130,Keijzer-10,iaaccn24,results/W1/gplearn/iaaccn24/g0130_Keijzer-10/result.json,skipped_valid,already_valid
g0131,131,II.6.15b_3_0,iaaccn24,results/W1/gplearn/iaaccn24/g0131_II.6.15b_3_0/result.json,repaired,repaired
g0132,132,CRK19,iaaccn24,results/W1/gplearn/iaaccn24/g0132_CRK19/result.json,skipped_valid,already_valid
g0133,133,feynman_III_10_19,iaaccn24,results/W1/gplearn/iaaccn24/g0133_feynman_III_10_19/result.json,repaired,repaired
g0134,134,Korns-11,iaaccn24,results/W1/gplearn/iaaccn24/g0134_Korns-11/result.json,repaired,repaired
g0135,135,Korns-12,iaaccn24,results/W1/gplearn/iaaccn24/g0135_Korns-12/result.json,repaired,repaired
g0136,136,I.24.6_3_1,iaaccn24,results/W1/gplearn/iaaccn24/g0136_I.24.6_3_1/result.json,repaired,repaired
g0137,137,feynman_I_24_6,iaaccn24,results/W1/gplearn/iaaccn24/g0137_feynman_I_24_6/result.json,repaired,repaired
g0138,138,I.50.26_0_0,iaaccn24,results/W1/gplearn/iaaccn24/g0138_I.50.26_0_0/result.json,skipped_valid,already_valid
g0139,139,II.36.38_0_0,iaaccn24,results/W1/gplearn/iaaccn24/g0139_II.36.38_0_0/result.json,repaired,repaired
g0140,140,Korns-9,iaaccn24,results/W1/gplearn/iaaccn24/g0140_Korns-9/result.json,repaired,repaired
g0141,141,Keijzer-15,iaaccn24,results/W1/gplearn/iaaccn24/g0141_Keijzer-15/result.json,repaired,repaired
g0142,142,BPG10,iaaccn24,results/W1/gplearn/iaaccn24/g0142_BPG10/result.json,skipped_valid,already_valid
g0143,143,MatSci8,iaaccn24,results/W1/gplearn/iaaccn24/g0143_MatSci8/result.json,repaired,repaired
g0144,144,Nguyen-8,iaaccn24,results/W1/gplearn/iaaccn24/g0144_Nguyen-8/result.json,skipped_valid,already_valid
g0145,145,first_principles_rydberg,iaaccn24,results/W1/gplearn/iaaccn24/g0145_first_principles_rydberg/result.json,repaired,repaired
g0146,146,CRK17,iaaccn24,results/W1/gplearn/iaaccn24/g0146_CRK17/result.json,skipped_valid,already_valid
g0147,147,MatSci25,iaaccn24,results/W1/gplearn/iaaccn24/g0147_MatSci25/result.json,repaired,repaired
g0148,148,MatSci11,iaaccn24,results/W1/gplearn/iaaccn24/g0148_MatSci11/result.json,repaired,repaired
g0149,149,PO32,iaaccn24,results/W1/gplearn/iaaccn24/g0149_PO32/result.json,skipped_valid,already_valid
g0150,150,CRK28,iaaccn24,results/W1/gplearn/iaaccn24/g0150_CRK28/result.json,skipped_valid,already_valid
g0151,151,MatSci3,iaaccn25,results/W1/gplearn/iaaccn25/g0151_MatSci3/result.json,skipped_valid,already_valid
g0152,152,first_principles_tully_fisher,iaaccn25,results/W1/gplearn/iaaccn25/g0152_first_principles_tully_fisher/result.json,skipped_valid,already_valid
g0153,153,MatSci21,iaaccn25,results/W1/gplearn/iaaccn25/g0153_MatSci21/result.json,repaired,repaired
g0154,154,first_principles_leavitt,iaaccn25,results/W1/gplearn/iaaccn25/g0154_first_principles_leavitt/result.json,repaired,repaired
g0155,155,PO8,iaaccn25,results/W1/gplearn/iaaccn25/g0155_PO8/result.json,repaired,repaired
g0156,156,Keijzer-12,iaaccn25,results/W1/gplearn/iaaccn25/g0156_Keijzer-12/result.json,repaired,repaired
g0157,157,PO26,iaaccn25,results/W1/gplearn/iaaccn25/g0157_PO26/result.json,skipped_valid,already_valid
g0158,158,PO0,iaaccn25,results/W1/gplearn/iaaccn25/g0158_PO0/result.json,repaired,repaired
g0159,159,CRK30,iaaccn25,results/W1/gplearn/iaaccn25/g0159_CRK30/result.json,skipped_valid,already_valid
g0160,160,PO16,iaaccn25,results/W1/gplearn/iaaccn25/g0160_PO16/result.json,skipped_valid,already_valid
g0161,161,CRK13,iaaccn25,results/W1/gplearn/iaaccn25/g0161_CRK13/result.json,skipped_valid,already_valid
g0162,162,CRK11,iaaccn25,results/W1/gplearn/iaaccn25/g0162_CRK11/result.json,skipped_valid,already_valid
g0163,163,CRK8,iaaccn25,results/W1/gplearn/iaaccn25/g0163_CRK8/result.json,skipped_valid,already_valid
g0164,164,CRK18,iaaccn25,results/W1/gplearn/iaaccn25/g0164_CRK18/result.json,repaired,repaired
g0165,165,CRK10,iaaccn25,results/W1/gplearn/iaaccn25/g0165_CRK10/result.json,skipped_valid,already_valid
g0166,166,CRK24,iaaccn25,results/W1/gplearn/iaaccn25/g0166_CRK24/result.json,skipped_valid,already_valid
g0167,167,BPG3,iaaccn25,results/W1/gplearn/iaaccn25/g0167_BPG3/result.json,skipped_valid,already_valid
g0168,168,CRK34,iaaccn25,results/W1/gplearn/iaaccn25/g0168_CRK34/result.json,skipped_valid,already_valid
g0169,169,CRK9,iaaccn25,results/W1/gplearn/iaaccn25/g0169_CRK9/result.json,skipped_valid,already_valid
g0170,170,BPG17,iaaccn25,results/W1/gplearn/iaaccn25/g0170_BPG17/result.json,skipped_valid,already_valid
g0171,171,CRK2,iaaccn25,results/W1/gplearn/iaaccn25/g0171_CRK2/result.json,skipped_valid,already_valid
g0172,172,CRK0,iaaccn25,results/W1/gplearn/iaaccn25/g0172_CRK0/result.json,skipped_valid,already_valid
g0173,173,feynman-ii.35.18,iaaccn25,results/W1/gplearn/iaaccn25/g0173_feynman-ii.35.18/result.json,repaired,repaired
g0174,174,feynman-ii.35.18,iaaccn25,results/W1/gplearn/iaaccn25/g0174_feynman-ii.35.18/result.json,repaired,repaired
g0175,175,feynman-bonus.2,iaaccn25,results/W1/gplearn/iaaccn25/g0175_feynman-bonus.2/result.json,repaired,repaired
g0176,176,feynman_II_8_7,iaaccn25,results/W1/gplearn/iaaccn25/g0176_feynman_II_8_7/result.json,skipped_valid,already_valid
g0177,177,feynman_I_14_3,iaaccn25,results/W1/gplearn/iaaccn25/g0177_feynman_I_14_3/result.json,skipped_valid,already_valid
g0178,178,feynman_I_43_16,iaaccn25,results/W1/gplearn/iaaccn25/g0178_feynman_I_43_16/result.json,skipped_valid,already_valid
g0179,179,feynman_III_15_14,iaaccn25,results/W1/gplearn/iaaccn25/g0179_feynman_III_15_14/result.json,skipped_valid,already_valid
g0180,180,feynman_II_15_4,iaaccn25,results/W1/gplearn/iaaccn25/g0180_feynman_II_15_4/result.json,skipped_valid,already_valid
g0181,181,feynman_II_3_24,iaaccn25,results/W1/gplearn/iaaccn25/g0181_feynman_II_3_24/result.json,skipped_valid,already_valid
g0182,182,I.11.19_3_0,iaaccn25,results/W1/gplearn/iaaccn25/g0182_I.11.19_3_0/result.json,repaired,repaired
g0183,183,feynman_II_21_32,iaaccn25,results/W1/gplearn/iaaccn25/g0183_feynman_II_21_32/result.json,skipped_valid,already_valid
g0184,184,III.15.14_1_0,iaaccn25,results/W1/gplearn/iaaccn25/g0184_III.15.14_1_0/result.json,repaired,repaired
g0185,185,I.11.19_2_0,iaaccn25,results/W1/gplearn/iaaccn25/g0185_I.11.19_2_0/result.json,repaired,repaired
g0186,186,I.11.19_4_0,iaaccn25,results/W1/gplearn/iaaccn25/g0186_I.11.19_4_0/result.json,repaired,repaired
g0187,187,I.11.19_1_0,iaaccn25,results/W1/gplearn/iaaccn25/g0187_I.11.19_1_0/result.json,repaired,repaired
g0188,188,feynman_III_15_27,iaaccn25,results/W1/gplearn/iaaccn25/g0188_feynman_III_15_27/result.json,repaired,repaired
g0189,189,feynman_I_12_2,iaaccn25,results/W1/gplearn/iaaccn25/g0189_feynman_I_12_2/result.json,skipped_valid,already_valid
g0190,190,feynman_II_11_20,iaaccn25,results/W1/gplearn/iaaccn25/g0190_feynman_II_11_20/result.json,skipped_valid,already_valid
g0191,191,II.34.29b_2_0,iaaccn25,results/W1/gplearn/iaaccn25/g0191_II.34.29b_2_0/result.json,repaired,repaired
g0192,192,strogatz_shearflow1,iaaccn25,results/W1/gplearn/iaaccn25/g0192_strogatz_shearflow1/result.json,repaired,repaired
g0193,193,II.21.32_3_0,iaaccn25,results/W1/gplearn/iaaccn25/g0193_II.21.32_3_0/result.json,repaired,repaired
g0194,194,II.21.32_2_0,iaaccn25,results/W1/gplearn/iaaccn25/g0194_II.21.32_2_0/result.json,skipped_valid,already_valid
g0195,195,III.15.27_2_0,iaaccn25,results/W1/gplearn/iaaccn25/g0195_III.15.27_2_0/result.json,skipped_valid,already_valid
g0196,196,II.34.29b_4_0,iaaccn25,results/W1/gplearn/iaaccn25/g0196_II.34.29b_4_0/result.json,repaired,repaired
g0197,197,III.15.27_1_0,iaaccn25,results/W1/gplearn/iaaccn25/g0197_III.15.27_1_0/result.json,skipped_valid,already_valid
g0198,198,feynman_II_34_29b,iaaccn25,results/W1/gplearn/iaaccn25/g0198_feynman_II_34_29b/result.json,repaired,repaired
g0199,199,III.13.18_0_0,iaaccn25,results/W1/gplearn/iaaccn25/g0199_III.13.18_0_0/result.json,repaired,repaired
g0200,200,Korns-3,iaaccn25,results/W1/gplearn/iaaccn25/g0200_Korns-3/result.json,repaired,repaired
