algorithm,condition,metric,value,dataset_count,seed_count_per_dataset
drsr,clean,Valid rate (%),100.0,50,5
drsr,noise_0.01,Valid rate (%),98.8,50,5
drsr,noise_0.05,Valid rate (%),100.0,50,5
drsr,noise_0.10,Valid rate (%),100.0,50,5
drsr,clean,ID-Q mean (%),40.48380529009268,50,5
drsr,noise_0.01,ID-Q mean (%),33.557919446098296,50,5
drsr,noise_0.05,ID-Q mean (%),29.618828613633656,50,5
drsr,noise_0.10,ID-Q mean (%),28.28706139165241,50,5
drsr,clean,OOD-Q mean (%),32.15689621928907,50,5
drsr,noise_0.01,OOD-Q mean (%),24.25195136036645,50,5
drsr,noise_0.05,OOD-Q mean (%),21.15539145398766,50,5
drsr,noise_0.10,OOD-Q mean (%),19.43139676378059,50,5
drsr,clean,Joint-Q mean (%),36.32035075469087,50,5
drsr,noise_0.01,Joint-Q mean (%),28.904935403232372,50,5
drsr,noise_0.05,Joint-Q mean (%),25.387110033810657,50,5
drsr,noise_0.10,Joint-Q mean (%),23.859229077716503,50,5
drsr,clean,Clean-relative retention (%),100.0,50,5
drsr,noise_0.01,Clean-relative retention (%),68.22790742172975,50,5
drsr,noise_0.05,Clean-relative retention (%),64.80214731833385,50,5
drsr,noise_0.10,Clean-relative retention (%),61.620710481880806,50,5
dso,clean,Valid rate (%),97.2,50,5
dso,noise_0.01,Valid rate (%),99.6,50,5
dso,noise_0.05,Valid rate (%),98.4,50,5
dso,noise_0.10,Valid rate (%),98.0,50,5
dso,clean,ID-Q mean (%),36.88090436074571,50,5
dso,noise_0.01,ID-Q mean (%),36.954947431326566,50,5
dso,noise_0.05,ID-Q mean (%),34.76283616680667,50,5
dso,noise_0.10,ID-Q mean (%),35.18809352631147,50,5
dso,clean,OOD-Q mean (%),32.31291421666594,50,5
dso,noise_0.01,OOD-Q mean (%),32.48150227389527,50,5
dso,noise_0.05,OOD-Q mean (%),29.724051430179045,50,5
dso,noise_0.10,OOD-Q mean (%),30.23339256972734,50,5
dso,clean,Joint-Q mean (%),34.596909288705824,50,5
dso,noise_0.01,Joint-Q mean (%),34.71822485261092,50,5
dso,noise_0.05,Joint-Q mean (%),32.24344379849286,50,5
dso,noise_0.10,Joint-Q mean (%),32.7107430480194,50,5
dso,clean,Clean-relative retention (%),100.0,50,5
dso,noise_0.01,Clean-relative retention (%),79.99968175045582,50,5
dso,noise_0.05,Clean-relative retention (%),76.7471428093608,50,5
dso,noise_0.10,Clean-relative retention (%),78.13101405107417,50,5
e2esr,clean,Valid rate (%),80.0,50,5
e2esr,noise_0.01,Valid rate (%),80.8,50,5
e2esr,noise_0.05,Valid rate (%),83.2,50,5
e2esr,noise_0.10,Valid rate (%),81.6,50,5
e2esr,clean,ID-Q mean (%),17.45354158071773,50,5
e2esr,noise_0.01,ID-Q mean (%),18.10991637336271,50,5
e2esr,noise_0.05,ID-Q mean (%),17.624764845195603,50,5
e2esr,noise_0.10,ID-Q mean (%),15.935450861031619,50,5
e2esr,clean,OOD-Q mean (%),14.127296002510805,50,5
e2esr,noise_0.01,OOD-Q mean (%),12.985171030048182,50,5
e2esr,noise_0.05,OOD-Q mean (%),12.382627613038672,50,5
e2esr,noise_0.10,OOD-Q mean (%),11.220759990277896,50,5
e2esr,clean,Joint-Q mean (%),15.790418791614268,50,5
e2esr,noise_0.01,Joint-Q mean (%),15.547543701705447,50,5
e2esr,noise_0.05,Joint-Q mean (%),15.003696229117136,50,5
e2esr,noise_0.10,Joint-Q mean (%),13.578105425654757,50,5
e2esr,clean,Clean-relative retention (%),100.0,50,5
e2esr,noise_0.01,Clean-relative retention (%),54.553299640794506,50,5
e2esr,noise_0.05,Clean-relative retention (%),53.1255196167588,50,5
e2esr,noise_0.10,Clean-relative retention (%),48.43811898887114,50,5
gplearn,clean,Valid rate (%),100.0,50,5
gplearn,noise_0.01,Valid rate (%),98.8,50,5
gplearn,noise_0.05,Valid rate (%),100.0,50,5
gplearn,noise_0.10,Valid rate (%),100.0,50,5
gplearn,clean,ID-Q mean (%),29.749911490625237,50,5
gplearn,noise_0.01,ID-Q mean (%),29.076084486046778,50,5
gplearn,noise_0.05,ID-Q mean (%),29.414841310998984,50,5
gplearn,noise_0.10,ID-Q mean (%),30.05068306666015,50,5
gplearn,clean,OOD-Q mean (%),24.206411057050655,50,5
gplearn,noise_0.01,OOD-Q mean (%),23.832978952262895,50,5
gplearn,noise_0.05,OOD-Q mean (%),23.1911778957364,50,5
gplearn,noise_0.10,OOD-Q mean (%),24.182038837666095,50,5
gplearn,clean,Joint-Q mean (%),26.97816127383794,50,5
gplearn,noise_0.01,Joint-Q mean (%),26.45453171915484,50,5
gplearn,noise_0.05,Joint-Q mean (%),26.303009603367688,50,5
gplearn,noise_0.10,Joint-Q mean (%),27.11636095216312,50,5
gplearn,clean,Clean-relative retention (%),100.0,50,5
gplearn,noise_0.01,Clean-relative retention (%),78.09080714226349,50,5
gplearn,noise_0.05,Clean-relative retention (%),78.06276360978248,50,5
gplearn,noise_0.10,Clean-relative retention (%),78.08362054083717,50,5
imcts,clean,Valid rate (%),96.8,50,5
imcts,noise_0.01,Valid rate (%),100.0,50,5
imcts,noise_0.05,Valid rate (%),100.0,50,5
imcts,noise_0.10,Valid rate (%),98.4,50,5
imcts,clean,ID-Q mean (%),56.18009509228033,50,5
imcts,noise_0.01,ID-Q mean (%),38.56708059228742,50,5
imcts,noise_0.05,ID-Q mean (%),35.64668456163999,50,5
imcts,noise_0.10,ID-Q mean (%),32.5323890733676,50,5
imcts,clean,OOD-Q mean (%),54.47891582568328,50,5
imcts,noise_0.01,OOD-Q mean (%),36.263788570025625,50,5
imcts,noise_0.05,OOD-Q mean (%),32.71561412871092,50,5
imcts,noise_0.10,OOD-Q mean (%),29.444816648492267,50,5
imcts,clean,Joint-Q mean (%),55.32950545898181,50,5
imcts,noise_0.01,Joint-Q mean (%),37.415434581156525,50,5
imcts,noise_0.05,Joint-Q mean (%),34.181149345175456,50,5
imcts,noise_0.10,Joint-Q mean (%),30.98860286092993,50,5
imcts,clean,Clean-relative retention (%),100.0,50,5
imcts,noise_0.01,Clean-relative retention (%),59.865929116441684,50,5
imcts,noise_0.05,Clean-relative retention (%),60.19985007377184,50,5
imcts,noise_0.10,Clean-relative retention (%),55.70857940296061,50,5
llmsr,clean,Valid rate (%),98.4,50,5
llmsr,noise_0.01,Valid rate (%),98.4,50,5
llmsr,noise_0.05,Valid rate (%),98.0,50,5
llmsr,noise_0.10,Valid rate (%),99.2,50,5
llmsr,clean,ID-Q mean (%),41.50076260962035,50,5
llmsr,noise_0.01,ID-Q mean (%),34.68379944566278,50,5
llmsr,noise_0.05,ID-Q mean (%),31.30474751657172,50,5
llmsr,noise_0.10,ID-Q mean (%),30.786854661415614,50,5
llmsr,clean,OOD-Q mean (%),31.907813947113002,50,5
llmsr,noise_0.01,OOD-Q mean (%),25.522663956303692,50,5
llmsr,noise_0.05,OOD-Q mean (%),22.00169599638703,50,5
llmsr,noise_0.10,OOD-Q mean (%),21.571558679138963,50,5
llmsr,clean,Joint-Q mean (%),36.704288278366676,50,5
llmsr,noise_0.01,Joint-Q mean (%),30.103231700983237,50,5
llmsr,noise_0.05,Joint-Q mean (%),26.653221756479372,50,5
llmsr,noise_0.10,Joint-Q mean (%),26.17920667027729,50,5
llmsr,clean,Clean-relative retention (%),100.0,50,5
llmsr,noise_0.01,Clean-relative retention (%),71.38791066535524,50,5
llmsr,noise_0.05,Clean-relative retention (%),65.84320320774586,50,5
llmsr,noise_0.10,Clean-relative retention (%),66.1366858830979,50,5
pyoperon,clean,Valid rate (%),84.0,50,5
pyoperon,noise_0.01,Valid rate (%),81.6,50,5
pyoperon,noise_0.05,Valid rate (%),82.4,50,5
pyoperon,noise_0.10,Valid rate (%),82.8,50,5
pyoperon,clean,ID-Q mean (%),22.32315660053468,50,5
pyoperon,noise_0.01,ID-Q mean (%),21.17735647171586,50,5
pyoperon,noise_0.05,ID-Q mean (%),20.851030397732718,50,5
pyoperon,noise_0.10,ID-Q mean (%),20.88368963427817,50,5
pyoperon,clean,OOD-Q mean (%),15.791305835347666,50,5
pyoperon,noise_0.01,OOD-Q mean (%),14.531874395262347,50,5
pyoperon,noise_0.05,OOD-Q mean (%),14.521721506587449,50,5
pyoperon,noise_0.10,OOD-Q mean (%),14.34736901115426,50,5
pyoperon,clean,Joint-Q mean (%),19.057231217941172,50,5
pyoperon,noise_0.01,Joint-Q mean (%),17.854615433489105,50,5
pyoperon,noise_0.05,Joint-Q mean (%),17.686375952160084,50,5
pyoperon,noise_0.10,Joint-Q mean (%),17.615529322716213,50,5
pyoperon,clean,Clean-relative retention (%),100.0,50,5
pyoperon,noise_0.01,Clean-relative retention (%),63.82683380179937,50,5
pyoperon,noise_0.05,Clean-relative retention (%),63.62506001602474,50,5
pyoperon,noise_0.10,Clean-relative retention (%),63.21780501427333,50,5
pysr,clean,Valid rate (%),96.0,50,5
pysr,noise_0.01,Valid rate (%),98.8,50,5
pysr,noise_0.05,Valid rate (%),99.6,50,5
pysr,noise_0.10,Valid rate (%),99.6,50,5
pysr,clean,ID-Q mean (%),52.86872306507887,50,5
pysr,noise_0.01,ID-Q mean (%),41.66755840906071,50,5
pysr,noise_0.05,ID-Q mean (%),37.810545206675975,50,5
pysr,noise_0.10,ID-Q mean (%),34.221729038129226,50,5
pysr,clean,OOD-Q mean (%),51.400725028393566,50,5
pysr,noise_0.01,OOD-Q mean (%),37.92347612252518,50,5
pysr,noise_0.05,OOD-Q mean (%),31.55967828925384,50,5
pysr,noise_0.10,OOD-Q mean (%),29.210291342981996,50,5
pysr,clean,Joint-Q mean (%),52.134724046736224,50,5
pysr,noise_0.01,Joint-Q mean (%),39.795517265792945,50,5
pysr,noise_0.05,Joint-Q mean (%),34.68511174796491,50,5
pysr,noise_0.10,Joint-Q mean (%),31.71601019055561,50,5
pysr,clean,Clean-relative retention (%),100.0,50,5
pysr,noise_0.01,Clean-relative retention (%),69.74823008860808,50,5
pysr,noise_0.05,Clean-relative retention (%),64.79164403895886,50,5
pysr,noise_0.10,Clean-relative retention (%),60.518924045630285,50,5
qlattice,clean,Valid rate (%),97.2,50,5
qlattice,noise_0.01,Valid rate (%),98.0,50,5
qlattice,noise_0.05,Valid rate (%),97.6,50,5
qlattice,noise_0.10,Valid rate (%),95.6,50,5
qlattice,clean,ID-Q mean (%),31.61233893723096,50,5
qlattice,noise_0.01,ID-Q mean (%),29.53659269619066,50,5
qlattice,noise_0.05,ID-Q mean (%),28.342330710579027,50,5
qlattice,noise_0.10,ID-Q mean (%),26.460235597688676,50,5
qlattice,clean,OOD-Q mean (%),22.187072854536417,50,5
qlattice,noise_0.01,OOD-Q mean (%),20.85074604025534,50,5
qlattice,noise_0.05,OOD-Q mean (%),19.44150719123711,50,5
qlattice,noise_0.10,OOD-Q mean (%),18.226412256328384,50,5
qlattice,clean,Joint-Q mean (%),26.899705895883685,50,5
qlattice,noise_0.01,Joint-Q mean (%),25.193669368223006,50,5
qlattice,noise_0.05,Joint-Q mean (%),23.89191895090807,50,5
qlattice,noise_0.10,Joint-Q mean (%),22.34332392700853,50,5
qlattice,clean,Clean-relative retention (%),100.0,50,5
qlattice,noise_0.01,Clean-relative retention (%),80.15750149266026,50,5
qlattice,noise_0.05,Clean-relative retention (%),77.30587471477762,50,5
qlattice,noise_0.10,Clean-relative retention (%),73.15629127934984,50,5
ragsr,clean,Valid rate (%),96.4,50,5
ragsr,noise_0.01,Valid rate (%),95.6,50,5
ragsr,noise_0.05,Valid rate (%),98.0,50,5
ragsr,noise_0.10,Valid rate (%),97.2,50,5
ragsr,clean,ID-Q mean (%),6.130994691966525,50,5
ragsr,noise_0.01,ID-Q mean (%),6.188435809476898,50,5
ragsr,noise_0.05,ID-Q mean (%),6.097321047316635,50,5
ragsr,noise_0.10,ID-Q mean (%),5.804391196463366,50,5
ragsr,clean,OOD-Q mean (%),6.0448132473089125,50,5
ragsr,noise_0.01,OOD-Q mean (%),6.038156494607194,50,5
ragsr,noise_0.05,OOD-Q mean (%),6.293845883176063,50,5
ragsr,noise_0.10,OOD-Q mean (%),6.205942896424908,50,5
ragsr,clean,Joint-Q mean (%),6.087903969637718,50,5
ragsr,noise_0.01,Joint-Q mean (%),6.113296152042046,50,5
ragsr,noise_0.05,Joint-Q mean (%),6.195583465246349,50,5
ragsr,noise_0.10,Joint-Q mean (%),6.005167046444138,50,5
ragsr,clean,Clean-relative retention (%),100.0,50,5
ragsr,noise_0.01,Clean-relative retention (%),23.70454646404853,50,5
ragsr,noise_0.05,Clean-relative retention (%),24.07656961250604,50,5
ragsr,noise_0.10,Clean-relative retention (%),23.425432238267184,50,5
tpsr,clean,Valid rate (%),99.6,50,5
tpsr,noise_0.01,Valid rate (%),99.2,50,5
tpsr,noise_0.05,Valid rate (%),99.6,50,5
tpsr,noise_0.10,Valid rate (%),97.2,50,5
tpsr,clean,ID-Q mean (%),16.868756249883365,50,5
tpsr,noise_0.01,ID-Q mean (%),17.592134861583045,50,5
tpsr,noise_0.05,ID-Q mean (%),17.466583836331043,50,5
tpsr,noise_0.10,ID-Q mean (%),16.440936562940887,50,5
tpsr,clean,OOD-Q mean (%),13.082950272145407,50,5
tpsr,noise_0.01,OOD-Q mean (%),12.947540740935448,50,5
tpsr,noise_0.05,OOD-Q mean (%),12.743778239853084,50,5
tpsr,noise_0.10,OOD-Q mean (%),12.110272214903334,50,5
tpsr,clean,Joint-Q mean (%),14.975853261014386,50,5
tpsr,noise_0.01,Joint-Q mean (%),15.269837801259245,50,5
tpsr,noise_0.05,Joint-Q mean (%),15.105181038092063,50,5
tpsr,noise_0.10,Joint-Q mean (%),14.275604388922112,50,5
tpsr,clean,Clean-relative retention (%),100.0,50,5
tpsr,noise_0.01,Clean-relative retention (%),57.82551469580564,50,5
tpsr,noise_0.05,Clean-relative retention (%),57.37437380607868,50,5
tpsr,noise_0.10,Clean-relative retention (%),54.43358322459812,50,5
udsr,clean,Valid rate (%),100.0,50,5
udsr,noise_0.01,Valid rate (%),100.0,50,5
udsr,noise_0.05,Valid rate (%),98.8,50,5
udsr,noise_0.10,Valid rate (%),99.6,50,5
udsr,clean,ID-Q mean (%),62.82880408406357,50,5
udsr,noise_0.01,ID-Q mean (%),45.08102121650976,50,5
udsr,noise_0.05,ID-Q mean (%),37.63719759660711,50,5
udsr,noise_0.10,ID-Q mean (%),36.368363342737396,50,5
udsr,clean,OOD-Q mean (%),52.88637674523501,50,5
udsr,noise_0.01,OOD-Q mean (%),32.0852628842735,50,5
udsr,noise_0.05,OOD-Q mean (%),25.678184302386164,50,5
udsr,noise_0.10,OOD-Q mean (%),24.056466323581446,50,5
udsr,clean,Joint-Q mean (%),57.857590414649295,50,5
udsr,noise_0.01,Joint-Q mean (%),38.58314205039163,50,5
udsr,noise_0.05,Joint-Q mean (%),31.657690949496637,50,5
udsr,noise_0.10,Joint-Q mean (%),30.212414833159425,50,5
udsr,clean,Clean-relative retention (%),100.0,50,5
udsr,noise_0.01,Clean-relative retention (%),69.72262780586986,50,5
udsr,noise_0.05,Clean-relative retention (%),59.612931647946475,50,5
udsr,noise_0.10,Clean-relative retention (%),58.18139313993041,50,5
