algorithm,metric,clean,noise_0.01,noise_0.05,noise_0.10,robu_seed_mean,robu_seed_mean_rank
dso,Valid rate (%),97.2,99.6,98.4,98.0,46.74467992421783,1
dso,ID-Q mean (%),36.88090436074571,36.954947431326566,34.76283616680667,35.18809352631147,46.74467992421783,1
dso,OOD-Q mean (%),32.31291421666594,32.48150227389527,29.724051430179045,30.23339256972734,46.74467992421783,1
dso,Joint-Q mean (%),34.596909288705824,34.71822485261092,32.24344379849286,32.7107430480194,46.74467992421783,1
dso,Clean-relative retention (%),100.0,79.99968175045582,76.7471428093608,78.13101405107417,46.74467992421783,1
pysr,Valid rate (%),96.0,98.8,99.6,99.6,44.28509563165953,2
pysr,ID-Q mean (%),52.86872306507887,41.66755840906071,37.810545206675975,34.221729038129226,44.28509563165953,2
pysr,OOD-Q mean (%),51.400725028393566,37.92347612252518,31.55967828925384,29.210291342981996,44.28509563165953,2
pysr,Joint-Q mean (%),52.134724046736224,39.795517265792945,34.68511174796491,31.71601019055561,44.28509563165953,2
pysr,Clean-relative retention (%),100.0,69.74823008860808,64.79164403895886,60.518924045630285,44.28509563165953,2
udsr,Valid rate (%),100.0,100.0,98.8,99.6,42.190786420419144,3
udsr,ID-Q mean (%),62.82880408406357,45.08102121650976,37.63719759660711,36.368363342737396,42.190786420419144,3
udsr,OOD-Q mean (%),52.88637674523501,32.0852628842735,25.678184302386164,24.056466323581446,42.190786420419144,3
udsr,Joint-Q mean (%),57.857590414649295,38.58314205039163,31.657690949496637,30.212414833159425,42.190786420419144,3
udsr,Clean-relative retention (%),100.0,69.72262780586986,59.612931647946475,58.18139313993041,42.190786420419144,3
gplearn,Valid rate (%),100.0,98.8,100.0,100.0,42.06096299338163,4
gplearn,ID-Q mean (%),29.749911490625237,29.076084486046778,29.414841310998984,30.05068306666015,42.06096299338163,4
gplearn,OOD-Q mean (%),24.206411057050655,23.832978952262895,23.1911778957364,24.182038837666095,42.06096299338163,4
gplearn,Joint-Q mean (%),26.97816127383794,26.45453171915484,26.303009603367688,27.11636095216312,42.06096299338163,4
gplearn,Clean-relative retention (%),100.0,78.09080714226349,78.06276360978248,78.08362054083717,42.06096299338163,4
imcts,Valid rate (%),96.8,100.0,100.0,98.4,41.513979443011856,5
imcts,ID-Q mean (%),56.18009509228033,38.56708059228742,35.64668456163999,32.5323890733676,41.513979443011856,5
imcts,OOD-Q mean (%),54.47891582568328,36.263788570025625,32.71561412871092,29.444816648492267,41.513979443011856,5
imcts,Joint-Q mean (%),55.32950545898181,37.415434581156525,34.181149345175456,30.98860286092993,41.513979443011856,5
imcts,Clean-relative retention (%),100.0,59.865929116441684,60.19985007377184,55.70857940296061,41.513979443011856,5
qlattice,Valid rate (%),97.2,98.0,97.6,95.6,39.72871293944468,6
qlattice,ID-Q mean (%),31.61233893723096,29.53659269619066,28.342330710579027,26.460235597688676,39.72871293944468,6
qlattice,OOD-Q mean (%),22.187072854536417,20.85074604025534,19.44150719123711,18.226412256328384,39.72871293944468,6
qlattice,Joint-Q mean (%),26.899705895883685,25.193669368223006,23.89191895090807,22.34332392700853,39.72871293944468,6
qlattice,Clean-relative retention (%),100.0,80.15750149266026,77.30587471477762,73.15629127934984,39.72871293944468,6
llmsr,Valid rate (%),98.4,98.4,98.0,99.2,39.688434005425876,7
llmsr,ID-Q mean (%),41.50076260962035,34.68379944566278,31.30474751657172,30.786854661415614,39.688434005425876,7
llmsr,OOD-Q mean (%),31.907813947113002,25.522663956303692,22.00169599638703,21.571558679138963,39.688434005425876,7
llmsr,Joint-Q mean (%),36.704288278366676,30.103231700983237,26.653221756479372,26.17920667027729,39.688434005425876,7
llmsr,Clean-relative retention (%),100.0,71.38791066535524,65.84320320774586,66.1366858830979,39.688434005425876,7
drsr,Valid rate (%),100.0,98.8,100.0,100.0,37.70037390897166,8
drsr,ID-Q mean (%),40.48380529009268,33.557919446098296,29.618828613633656,28.28706139165241,37.70037390897166,8
drsr,OOD-Q mean (%),32.15689621928907,24.25195136036645,21.15539145398766,19.43139676378059,37.70037390897166,8
drsr,Joint-Q mean (%),36.32035075469087,28.904935403232372,25.387110033810657,23.859229077716503,37.70037390897166,8
drsr,Clean-relative retention (%),100.0,68.22790742172975,64.80214731833385,61.620710481880806,37.70037390897166,8
pyoperon,Valid rate (%),84.0,81.6,82.4,82.8,31.470158048495,9
pyoperon,ID-Q mean (%),22.32315660053468,21.17735647171586,20.851030397732718,20.88368963427817,31.470158048495,9
pyoperon,OOD-Q mean (%),15.791305835347666,14.531874395262347,14.521721506587449,14.34736901115426,31.470158048495,9
pyoperon,Joint-Q mean (%),19.057231217941172,17.854615433489105,17.686375952160084,17.615529322716213,31.470158048495,9
pyoperon,Clean-relative retention (%),100.0,63.82683380179937,63.62506001602474,63.21780501427333,31.470158048495,9
tpsr,Valid rate (%),99.6,99.2,99.6,97.2,27.38182592591204,10
tpsr,ID-Q mean (%),16.868756249883365,17.592134861583045,17.466583836331043,16.440936562940887,27.38182592591204,10
tpsr,OOD-Q mean (%),13.082950272145407,12.947540740935448,12.743778239853084,12.110272214903334,27.38182592591204,10
tpsr,Joint-Q mean (%),14.975853261014386,15.269837801259245,15.105181038092063,14.275604388922112,27.38182592591204,10
tpsr,Clean-relative retention (%),100.0,57.82551469580564,57.37437380607868,54.43358322459812,27.38182592591204,10
e2esr,Valid rate (%),80.0,80.8,83.2,81.6,25.908541074487157,11
e2esr,ID-Q mean (%),17.45354158071773,18.10991637336271,17.624764845195603,15.935450861031619,25.908541074487157,11
e2esr,OOD-Q mean (%),14.127296002510805,12.985171030048182,12.382627613038672,11.220759990277896,25.908541074487157,11
e2esr,Joint-Q mean (%),15.790418791614268,15.547543701705447,15.003696229117136,13.578105425654757,25.908541074487157,11
e2esr,Clean-relative retention (%),100.0,54.553299640794506,53.1255196167588,48.43811898887114,25.908541074487157,11
ragsr,Valid rate (%),96.4,95.6,98.0,97.2,11.393932386353098,12
ragsr,ID-Q mean (%),6.130994691966525,6.188435809476898,6.097321047316635,5.804391196463366,11.393932386353098,12
ragsr,OOD-Q mean (%),6.0448132473089125,6.038156494607194,6.293845883176063,6.205942896424908,11.393932386353098,12
ragsr,Joint-Q mean (%),6.087903969637718,6.113296152042046,6.195583465246349,6.005167046444138,11.393932386353098,12
ragsr,Clean-relative retention (%),100.0,23.70454646404853,24.07656961250604,23.425432238267184,11.393932386353098,12
