algorithm,condition,run_count,valid_output_count,valid_output_rate,ID,OOD,clean_ID,clean_OOD,id_quality_retention,id_quality_drop,ood_quality_retention,ood_quality_drop,targeted_overlay_run_count,canonical_replay_unavailable_count,numeric_evaluation_path,formal_six_axis_condition,result_status
QLattice,noise001,150,149,0.99333333333333329,31.9673823467,23.3450704094,33.9192447264,24.4855690165,0.94245560608831969,0.057544393911680314,0.95342160084784111,0.046578399152158889,0,0,canonical_replay.v1,false,supplementary_noise_numeric
drsr,noise001,150,149,0.99333333333333329,39.1257143469,28.581870376,51.0492990237,41.8619850879,0.76643000188327004,0.23356999811672996,0.68276433418029447,0.31723566581970553,0,0,canonical_replay.v1,false,supplementary_noise_numeric
dso,noise001,150,148,0.98666666666666669,33.6499065162,28.8672224978,33.0021284939,28.4161811397,1.0196283710128702,-0.019628371012870183,1.0158726943597967,-0.015872694359796657,0,0,canonical_replay.v1,false,supplementary_noise_numeric
e2esr,noise001,150,149,0.99333333333333329,8.27374162583,8.03197748546,8.473891712,7.81505246648,0.97638038188718612,0.023619618112813878,1.0277573336722421,-0.02775733367224209,0,0,canonical_replay.v1,false,supplementary_noise_numeric
fepysr,noise001,150,150,1,37.0291907777,30.8497631822,43.64771169,38.0491715186,0.84836499655905828,0.15163500344094172,0.81078672546526853,0.18921327453473147,0,0,canonical_replay.v1,false,supplementary_noise_numeric
gplearn,noise001,150,149,0.99333333333333329,29.2572058525,24.3310064501,30.2223247408,24.2902322416,0.9680660274635331,0.031933972536466904,1.0016786257159349,-0.0016786257159349116,0,0,canonical_replay.v1,false,supplementary_noise_numeric
iMCTS,noise001,150,149,0.99333333333333329,54.6801369869,48.9354641025,76.5622964625,72.0350591083,0.71419144296076043,0.28580855703923957,0.67932843685060074,0.32067156314939926,44,0,canonical_replay.v1,false,supplementary_noise_numeric
jaxsr,noise001,150,150,1,32.5779575482,25.7392134693,37.0265922805,29.2826969716,0.87985297975686216,0.12014702024313784,0.87899053472658284,0.12100946527341716,35,0,canonical_replay.v1,false,supplementary_noise_numeric
llmsr,noise001,150,145,0.96666666666666667,41.2293740937,30.3198990903,49.1738450471,39.54459424,0.83844112768191648,0.16155887231808352,0.76672677196440797,0.23327322803559203,0,0,canonical_replay.v1,false,supplementary_noise_numeric
pyoperon,noise001,150,144,0.95999999999999996,25.1529248657,19.9866678353,26.7382181161,22.8191560008,0.94071058723664081,0.059289412763359195,0.87587235192281065,0.12412764807718935,0,0,canonical_replay.v1,false,supplementary_noise_numeric
pysr,noise001,150,147,0.97999999999999998,42.3097391246,37.7775038147,53.143884056,51.2578574062,0.79613562079896216,0.20386437920103784,0.73700903093431813,0.26299096906568187,0,0,canonical_replay.v1,false,supplementary_noise_numeric
ragsr,noise001,150,150,1,6.53938184142,7.04764309195,7.02160891689,7.26901487736,0.93132242464933124,0.068677575350668763,0.96954583404439809,0.030454165955601908,0,0,canonical_replay.v1,false,supplementary_noise_numeric
symbolfit,noise001,150,147,0.97999999999999998,40.2122439255,30.6545321602,46.3807956107,35.5569524642,0.86700202952634209,0.13299797047365791,0.86212484579568116,0.13787515420431884,0,0,canonical_replay.v1,false,supplementary_noise_numeric
tpsr,noise001,150,150,1,8.36399735782,8.06809088471,7.91153060153,8.28854550229,1.0571907989837748,-0.057190798983774771,0.97340249655147526,0.02659750344852474,0,0,canonical_replay.v1,false,supplementary_noise_numeric
udsr,noise001,150,143,0.95333333333333337,42.8085488025,30.9059325968,60.3516181658,51.7705857355,0.70931898934092708,0.29068101065907292,0.59697861551453557,0.40302138448546443,0,0,canonical_replay.v1,false,supplementary_noise_numeric
