01_v02_selection_digest/README_original.md	4964 bytes	2026-07-20 00:44
01_v02_selection_digest/build_report.json	364 bytes	2026-07-20 00:44
01_v02_selection_digest/probe4_algorithm_level_summary_12alg.csv	4990 bytes	2026-07-20 00:44
01_v02_selection_digest/probe4_dataset_level_summary_200datasets.csv	19188 bytes	2026-07-20 00:44
01_v02_selection_digest/probe4_metric_dictionary_human.md	4372 bytes	2026-07-20 00:44
01_v02_selection_digest/probe4_run_level_big_table_2400.csv	1677405 bytes	2026-07-20 00:44
01_v02_selection_digest/probe4_selection_process_human.md	4121 bytes	2026-07-20 00:44
02_candidate200_inputs/candidate200_unified_with_paths.csv	139709 bytes	2026-07-20 00:44
02_candidate200_inputs/pipeline_stage_overview.csv	208 bytes	2026-07-20 00:44
02_candidate200_inputs/stage1_candidate200_flat.csv	72641 bytes	2026-07-20 00:44
02_candidate200_inputs/stage1_probe_family_wins.csv	195 bytes	2026-07-20 00:44
02_candidate200_inputs/stage2_formal_family_wins.csv	164 bytes	2026-07-20 00:44
02_candidate200_inputs/stage2_master100_selection_basis.csv	52867 bytes	2026-07-20 00:44
03_e1_12alg_calibration/README_original.md	535 bytes	2026-07-20 00:44
03_e1_12alg_calibration/e1_12_dataset_algorithm_nmse_table_2400.csv	583558 bytes	2026-07-20 00:44
03_e1_12alg_calibration/e1_12_method_nmse_summary.csv	478 bytes	2026-07-20 00:44
03_e1_12alg_calibration/probe4_algorithm_scores_nmse_only.csv	4422 bytes	2026-07-20 00:44
03_e1_12alg_calibration/probe4_combo_scores_nmse_only.csv	42591 bytes	2026-07-20 00:44
03_e1_12alg_calibration/probe4_family_coverage_nmse_only.csv	5401 bytes	2026-07-20 00:44
03_e1_12alg_calibration/probe4_pairwise_complementarity_nmse_only.csv	2625 bytes	2026-07-20 00:44
03_e1_12alg_calibration/probe4_selection_methodology.md	18820 bytes	2026-07-20 00:44
03_e1_12alg_calibration/probe4_selection_report.md	2865 bytes	2026-07-20 00:44
03_e1_12alg_calibration/probe4_selection_v02_complete_plan.md	29654 bytes	2026-07-20 00:44
04_semantic_llm_override/README_original.md	1684 bytes	2026-07-20 00:44
04_semantic_llm_override/semantic_results_raw_400.csv	415519 bytes	2026-07-20 00:44
04_semantic_llm_override/semantic_vs_nonsemantic_family_summary.csv	5580 bytes	2026-07-20 00:44
04_semantic_llm_override/semantic_vs_nonsemantic_method_summary.csv	1445 bytes	2026-07-20 00:44
04_semantic_llm_override/semantic_vs_nonsemantic_run_table.csv	571785 bytes	2026-07-20 00:44
04_semantic_llm_override/semantic_vs_nonsemantic_top_changes.csv	10253 bytes	2026-07-20 00:44
05_downstream_freeze_probe4_full664/README.md	382 bytes	2026-07-20 02:28
06_merged_tables/README.md	1597 bytes	2026-07-20 02:28
06_merged_tables/candidate200_e1_nmse_by_dataset_wide_12alg.csv	527083 bytes	2026-07-20 02:29
06_merged_tables/candidate200_v02_by_dataset_wide_12alg.csv	1028678 bytes	2026-07-20 02:29
07_stage2_run_provenance/README.md	2609 bytes	2026-07-20 03:08
07_stage2_run_provenance/docs/README_original_stage2.md	833 bytes	2026-05-02 03:09
07_stage2_run_provenance/docs/e1_repair_summary_20260426.md	2736 bytes	2026-04-26 03:32
07_stage2_run_provenance/docs/e1_run_summary_20260424-041046.md	4631 bytes	2026-04-25 05:04
07_stage2_run_provenance/docs/semantic200_llm_physics_execution_plan.md	5144 bytes	2026-04-29 19:50
07_stage2_run_provenance/generated/launch/run_w1.sh	3546 bytes	2026-05-02 03:09
07_stage2_run_provenance/generated/launch/run_w2.sh	3546 bytes	2026-05-02 03:09
07_stage2_run_provenance/generated/launch/run_w3.sh	2490 bytes	2026-05-02 03:09
07_stage2_run_provenance/generated/launch/run_w4.sh	3206 bytes	2026-05-02 03:09
07_stage2_run_provenance/generated/launch/run_w5.sh	2490 bytes	2026-05-02 03:09
07_stage2_run_provenance/generated/params/drsr.json	405 bytes	2026-05-02 03:09
07_stage2_run_provenance/generated/params/dso.json	1126 bytes	2026-05-02 03:09
07_stage2_run_provenance/generated/params/e2esr.json	252 bytes	2026-04-28 23:32
07_stage2_run_provenance/generated/params/gplearn.json	652 bytes	2026-05-02 03:09
07_stage2_run_provenance/generated/params/imcts.json	454 bytes	2026-04-30 02:54
07_stage2_run_provenance/generated/params/llmsr.json	405 bytes	2026-05-02 03:09
07_stage2_run_provenance/generated/params/pyoperon.json	446 bytes	2026-05-02 03:09
07_stage2_run_provenance/generated/params/pysr.json	1207 bytes	2026-05-02 03:09
07_stage2_run_provenance/generated/params/qlattice.json	173 bytes	2026-04-24 02:40
07_stage2_run_provenance/generated/params/ragsr.json	1860 bytes	2026-04-29 00:31
07_stage2_run_provenance/generated/params/tpsr.json	546 bytes	2026-05-02 03:09
07_stage2_run_provenance/generated/params/udsr.json	2178 bytes	2026-04-27 02:30
07_stage2_run_provenance/generated/remaining5_full200_v1/README.md	546 bytes	2026-04-28 05:29
07_stage2_run_provenance/generated/remaining5_full200_v1/launch/run_remaining5_full200.sh	3170 bytes	2026-04-28 05:29
07_stage2_run_provenance/generated/remaining5_full200_v1/remaining5_manifest.csv	677 bytes	2026-04-28 05:29
07_stage2_run_provenance/generated/remaining5_full200_v1/remote_jobs/bootstrap_env_and_run.sh	1069 bytes	2026-04-28 05:29
07_stage2_run_provenance/generated/remaining5_full200_v1/remote_jobs/e2esr_iaaccn24.sh	807 bytes	2026-04-28 05:29
07_stage2_run_provenance/generated/remaining5_full200_v1/remote_jobs/imcts_iaaccn25.sh	807 bytes	2026-04-28 05:29
07_stage2_run_provenance/generated/remaining5_full200_v1/remote_jobs/qlattice_iaaccn26.sh	822 bytes	2026-04-28 05:29
07_stage2_run_provenance/generated/remaining5_full200_v1/remote_jobs/ragsr_iaaccn27.sh	948 bytes	2026-04-29 00:31
07_stage2_run_provenance/generated/remaining5_full200_v1/remote_jobs/udsr_iaaccn28.sh	801 bytes	2026-04-28 05:29
07_stage2_run_provenance/generated/remaining5_full200_v1/slices/e2esr/iaaccn24.csv	139709 bytes	2026-04-28 05:29
07_stage2_run_provenance/generated/remaining5_full200_v1/slices/imcts/iaaccn25.csv	139709 bytes	2026-04-28 05:29
07_stage2_run_provenance/generated/remaining5_full200_v1/slices/qlattice/iaaccn26.csv	139709 bytes	2026-04-28 05:29
07_stage2_run_provenance/generated/remaining5_full200_v1/slices/ragsr/iaaccn27.csv	139709 bytes	2026-04-28 05:29
07_stage2_run_provenance/generated/remaining5_full200_v1/slices/udsr/iaaccn28.csv	139709 bytes	2026-04-28 05:29
07_stage2_run_provenance/generated/remote_jobs/W1/gplearn_iaaccn22.sh	788 bytes	2026-05-02 03:09
07_stage2_run_provenance/generated/remote_jobs/W1/gplearn_iaaccn23.sh	788 bytes	2026-05-02 03:09
07_stage2_run_provenance/generated/remote_jobs/W1/gplearn_iaaccn24.sh	788 bytes	2026-05-02 03:09
07_stage2_run_provenance/generated/remote_jobs/W1/gplearn_iaaccn25.sh	788 bytes	2026-05-02 03:09
07_stage2_run_provenance/generated/remote_jobs/W1/llmsr_iaaccn26.sh	781 bytes	2026-05-02 03:09
07_stage2_run_provenance/generated/remote_jobs/W1/llmsr_iaaccn27.sh	781 bytes	2026-05-02 03:09
07_stage2_run_provenance/generated/remote_jobs/W1/llmsr_iaaccn28.sh	781 bytes	2026-05-02 03:09
07_stage2_run_provenance/generated/remote_jobs/W1/llmsr_iaaccn29.sh	781 bytes	2026-05-02 03:09
07_stage2_run_provenance/generated/remote_jobs/W2/drsr_iaaccn26.sh	778 bytes	2026-05-02 03:09
07_stage2_run_provenance/generated/remote_jobs/W2/drsr_iaaccn27.sh	778 bytes	2026-05-02 03:09
07_stage2_run_provenance/generated/remote_jobs/W2/drsr_iaaccn28.sh	778 bytes	2026-05-02 03:09
07_stage2_run_provenance/generated/remote_jobs/W2/drsr_iaaccn29.sh	778 bytes	2026-05-02 03:09
07_stage2_run_provenance/generated/remote_jobs/W2/pyoperon_iaaccn22.sh	791 bytes	2026-05-02 03:09
07_stage2_run_provenance/generated/remote_jobs/W2/pyoperon_iaaccn23.sh	791 bytes	2026-05-02 03:09
07_stage2_run_provenance/generated/remote_jobs/W2/pyoperon_iaaccn24.sh	791 bytes	2026-05-02 03:09
07_stage2_run_provenance/generated/remote_jobs/W2/pyoperon_iaaccn25.sh	791 bytes	2026-05-02 03:09
07_stage2_run_provenance/generated/remote_jobs/W3/pysr_iaaccn22.sh	779 bytes	2026-05-02 03:09
07_stage2_run_provenance/generated/remote_jobs/W3/pysr_iaaccn23.sh	779 bytes	2026-05-02 03:09
07_stage2_run_provenance/generated/remote_jobs/W3/pysr_iaaccn24.sh	779 bytes	2026-05-02 03:09
07_stage2_run_provenance/generated/remote_jobs/W3/pysr_iaaccn25.sh	779 bytes	2026-05-02 03:09
07_stage2_run_provenance/generated/remote_jobs/W4/dso_iaaccn22.sh	775 bytes	2026-05-02 03:09
07_stage2_run_provenance/generated/remote_jobs/W4/dso_iaaccn23.sh	775 bytes	2026-05-02 03:09
07_stage2_run_provenance/generated/remote_jobs/W4/dso_iaaccn24.sh	775 bytes	2026-05-02 03:09
07_stage2_run_provenance/generated/remote_jobs/W4/dso_iaaccn25.sh	775 bytes	2026-05-02 03:09
07_stage2_run_provenance/generated/remote_jobs/W4/dso_iaaccn26.sh	775 bytes	2026-05-02 03:09
07_stage2_run_provenance/generated/remote_jobs/W4/dso_iaaccn27.sh	775 bytes	2026-05-02 03:09
07_stage2_run_provenance/generated/remote_jobs/W4/dso_iaaccn28.sh	775 bytes	2026-05-02 03:09
07_stage2_run_provenance/generated/remote_jobs/W5/tpsr_iaaccn22.sh	779 bytes	2026-05-02 03:09
07_stage2_run_provenance/generated/remote_jobs/W5/tpsr_iaaccn23.sh	779 bytes	2026-05-02 03:09
07_stage2_run_provenance/generated/remote_jobs/W5/tpsr_iaaccn24.sh	779 bytes	2026-05-02 03:09
07_stage2_run_provenance/generated/remote_jobs/W5/tpsr_iaaccn25.sh	779 bytes	2026-05-02 03:09
07_stage2_run_provenance/generated/slices/W1/gplearn/iaaccn22.csv	39792 bytes	2026-05-02 03:09
07_stage2_run_provenance/generated/slices/W1/gplearn/iaaccn23.csv	36649 bytes	2026-05-02 03:09
07_stage2_run_provenance/generated/slices/W1/gplearn/iaaccn24.csv	33074 bytes	2026-05-02 03:09
07_stage2_run_provenance/generated/slices/W1/gplearn/iaaccn25.csv	35451 bytes	2026-05-02 03:09
07_stage2_run_provenance/generated/slices/W1/llmsr/iaaccn26.csv	39692 bytes	2026-05-02 03:09
07_stage2_run_provenance/generated/slices/W1/llmsr/iaaccn27.csv	36549 bytes	2026-05-02 03:09
07_stage2_run_provenance/generated/slices/W1/llmsr/iaaccn28.csv	32974 bytes	2026-05-02 03:09
07_stage2_run_provenance/generated/slices/W1/llmsr/iaaccn29.csv	35351 bytes	2026-05-02 03:09
07_stage2_run_provenance/generated/slices/W2/drsr/iaaccn26.csv	39642 bytes	2026-05-02 03:09
07_stage2_run_provenance/generated/slices/W2/drsr/iaaccn27.csv	36499 bytes	2026-05-02 03:09
07_stage2_run_provenance/generated/slices/W2/drsr/iaaccn28.csv	32924 bytes	2026-05-02 03:09
07_stage2_run_provenance/generated/slices/W2/drsr/iaaccn29.csv	35301 bytes	2026-05-02 03:09
07_stage2_run_provenance/generated/slices/W2/pyoperon/iaaccn22.csv	39842 bytes	2026-05-02 03:09
07_stage2_run_provenance/generated/slices/W2/pyoperon/iaaccn23.csv	36699 bytes	2026-05-02 03:09
07_stage2_run_provenance/generated/slices/W2/pyoperon/iaaccn24.csv	33124 bytes	2026-05-02 03:09
07_stage2_run_provenance/generated/slices/W2/pyoperon/iaaccn25.csv	35501 bytes	2026-05-02 03:09
07_stage2_run_provenance/generated/slices/W3/pysr/iaaccn22.csv	39642 bytes	2026-05-02 03:09
07_stage2_run_provenance/generated/slices/W3/pysr/iaaccn23.csv	36499 bytes	2026-05-02 03:09
07_stage2_run_provenance/generated/slices/W3/pysr/iaaccn24.csv	32924 bytes	2026-05-02 03:09
07_stage2_run_provenance/generated/slices/W3/pysr/iaaccn25.csv	35301 bytes	2026-05-02 03:09
07_stage2_run_provenance/generated/slices/W4/dso/iaaccn22.csv	23137 bytes	2026-05-02 03:09
07_stage2_run_provenance/generated/slices/W4/dso/iaaccn23.csv	22673 bytes	2026-05-02 03:09
07_stage2_run_provenance/generated/slices/W4/dso/iaaccn24.csv	21709 bytes	2026-05-02 03:09
07_stage2_run_provenance/generated/slices/W4/dso/iaaccn25.csv	18893 bytes	2026-05-02 03:09
07_stage2_run_provenance/generated/slices/W4/dso/iaaccn26.csv	18808 bytes	2026-05-02 03:09
07_stage2_run_provenance/generated/slices/W4/dso/iaaccn27.csv	18994 bytes	2026-05-02 03:09
07_stage2_run_provenance/generated/slices/W4/dso/iaaccn28.csv	20588 bytes	2026-05-02 03:09
07_stage2_run_provenance/generated/slices/W5/tpsr/iaaccn22.csv	39642 bytes	2026-05-02 03:09
07_stage2_run_provenance/generated/slices/W5/tpsr/iaaccn23.csv	36499 bytes	2026-05-02 03:09
07_stage2_run_provenance/generated/slices/W5/tpsr/iaaccn24.csv	32924 bytes	2026-05-02 03:09
07_stage2_run_provenance/generated/slices/W5/tpsr/iaaccn25.csv	35301 bytes	2026-05-02 03:09
07_stage2_run_provenance/generated/wave_manifest.csv	7856 bytes	2026-05-02 03:09
07_stage2_run_provenance/hyperparams_snapshot_20260423/README.md	6188 bytes	2026-04-30 03:14
07_stage2_run_provenance/hyperparams_snapshot_20260423/drsr.json	477 bytes	2026-04-23 23:06
07_stage2_run_provenance/hyperparams_snapshot_20260423/dso.json	1126 bytes	2026-04-24 02:40
07_stage2_run_provenance/hyperparams_snapshot_20260423/e2esr.json	252 bytes	2026-04-28 23:32
07_stage2_run_provenance/hyperparams_snapshot_20260423/gplearn.json	652 bytes	2026-04-24 02:40
07_stage2_run_provenance/hyperparams_snapshot_20260423/hyperparams_overview.md	4946 bytes	2026-04-30 03:14
07_stage2_run_provenance/hyperparams_snapshot_20260423/imcts.json	454 bytes	2026-04-30 02:54
07_stage2_run_provenance/hyperparams_snapshot_20260423/llmsr.json	513 bytes	2026-04-23 22:49
07_stage2_run_provenance/hyperparams_snapshot_20260423/manifest.json	1873 bytes	2026-04-27 16:29
07_stage2_run_provenance/hyperparams_snapshot_20260423/pyoperon.json	446 bytes	2026-04-30 03:13
07_stage2_run_provenance/hyperparams_snapshot_20260423/pysr.json	1206 bytes	2026-04-23 19:27
07_stage2_run_provenance/hyperparams_snapshot_20260423/qlattice.json	173 bytes	2026-04-24 02:40
07_stage2_run_provenance/hyperparams_snapshot_20260423/ragsr.json	1860 bytes	2026-04-29 00:31
07_stage2_run_provenance/hyperparams_snapshot_20260423/tpsr.json	546 bytes	2026-04-24 02:40
07_stage2_run_provenance/hyperparams_snapshot_20260423/udsr.json	2178 bytes	2026-04-27 02:30
07_stage2_run_provenance/raw_clean_archive/all_results.jsonl	8728335 bytes	2026-04-26 03:31
07_stage2_run_provenance/raw_clean_archive/result_index.csv	588825 bytes	2026-04-25 05:12
07_stage2_run_provenance/raw_clean_archive/summary/archive_integrity.json	105 bytes	2026-04-25 05:12
07_stage2_run_provenance/raw_clean_archive/summary/drsr_backfill_20260426.csv	14105 bytes	2026-04-26 00:34
07_stage2_run_provenance/raw_clean_archive/summary/drsr_backfill_20260426.json	33225 bytes	2026-04-26 00:34
07_stage2_run_provenance/raw_clean_archive/summary/e1_run_summary_20260424-041046.md	4631 bytes	2026-04-25 05:11
07_stage2_run_provenance/raw_clean_archive/summary/e1_run_summary_by_host_20260424-041046.csv	1267 bytes	2026-04-25 05:11
07_stage2_run_provenance/raw_clean_archive/summary/exact_metric_backfill_20260426.csv	2571 bytes	2026-04-26 03:31
07_stage2_run_provenance/raw_clean_archive/summary/exact_metric_backfill_20260426.json	6254 bytes	2026-04-26 03:31
07_stage2_run_provenance/raw_clean_archive/summary/gplearn_backfill_20260425.csv	23632 bytes	2026-04-25 23:21
07_stage2_run_provenance/raw_clean_archive/summary/gplearn_backfill_20260425.json	56460 bytes	2026-04-25 23:21
07_stage2_run_provenance/raw_clean_archive/summary/identity_rerun_ingest_20260426.csv	27601 bytes	2026-04-26 03:31
07_stage2_run_provenance/raw_clean_archive/summary/identity_rerun_ingest_20260426.json	45266 bytes	2026-04-26 03:31
07_stage2_run_provenance/raw_clean_archive/summary/summary_iaaccn22.json	164 bytes	2026-04-25 05:12
07_stage2_run_provenance/raw_clean_archive/summary/summary_iaaccn23.json	164 bytes	2026-04-25 05:12
07_stage2_run_provenance/raw_clean_archive/summary/summary_iaaccn24.json	164 bytes	2026-04-25 05:12
07_stage2_run_provenance/raw_clean_archive/summary/summary_iaaccn25.json	164 bytes	2026-04-25 05:12
07_stage2_run_provenance/raw_clean_archive/summary/summary_iaaccn26.json	164 bytes	2026-04-25 05:12
07_stage2_run_provenance/raw_clean_archive/summary/summary_iaaccn27.json	164 bytes	2026-04-25 05:12
07_stage2_run_provenance/raw_clean_archive/summary/summary_iaaccn28.json	164 bytes	2026-04-25 05:12
07_stage2_run_provenance/raw_clean_archive/summary/summary_iaaccn29.json	164 bytes	2026-04-25 05:12
07_stage2_run_provenance/raw_clean_archive/summary/wave_manifest.csv	7845 bytes	2026-04-25 05:11
99_audit/build_merged_tables.py	14211 bytes	2026-07-20 02:28
99_audit/checksums.sha256	12494 bytes	2026-07-20 02:29
99_audit/file_inventory.tsv	0 bytes	2026-07-20 03:08
99_audit/source_map.tsv	4011 bytes	2026-07-20 03:08
README.md	2858 bytes	2026-07-20 02:28
