algorithm,gid,dataset,n_runs,n_penalized_runs,valid_rate,metric_complete_rate,median_id_nmse,median_ood_nmse,q_id,q_ood,ood_retention,q_ood_g_w070
drsr,g0001,II.34.2_1_0,5,0,1,1,0.0376008376300645,0.283269301124765,0.244628748587874,0.181985749209038,0.780749502176577,0.3616148750993
drsr,g0002,first_principles_hubble,5,0,1,1,0.0434055335899592,0.0746860560893503,0.240175350040761,0.223340033823974,0.941076393242293,0.43866094164947
drsr,g0003,feynman-ii.27.18,5,0,1,1,0.0007921296338634,0.0002942602598394,0.364371695663473,0.395090598990804,1,0.576563419293562
drsr,g0004,Korns-4,5,0,1,1,0.0016832630781627,0.0019579682987189,0.340989143041641,0.336299596006942,0.983586585387602,0.53048569282114
drsr,g0005,Keijzer-11,5,0,1,1,2.38332208283368,2.37658923607285,0.115915518786136,0.116003276728007,1,0.381202293709605
drsr,g0006,Keijzer-2,5,0,1,1,0.0476636942308191,8.41321231690861,0.237272307155655,0.0767884393596189,0.438306462716138,0.185243846366575
drsr,g0007,Korns-2,5,0,1,1,1.1162170411254,1.11070552920711,0.139446525104086,0.139600076154582,1,0.397720053308207
drsr,g0008,Nguyen-12,5,0,1,1,3.76255233747603e-19,1.08513366365796e-17,1,1,0.999998862688872,0.999999658806662
drsr,g0009,Nguyen-6,5,0,1,1,3.2458255676425e-09,0.0039252870772063,0.749191058792461,0.314723469677319,0,0.220306428774123
drsr,g0010,Nguyen-9,5,0,1,1,0.0001908653942502,9.96916005076629e-05,0.408519486162616,0.428667245109021,1,0.600067071576314
drsr,g0011,Vladislavleva-4,5,0,1,1,0.0453521278194066,0.0544355027468112,0.238814452286404,0.233151268695494,0.980178857432213,0.45725954531651
drsr,g0012,feynman_I_27_6,5,0,1,1,0.0027430889427289,0.0392669028757833,0.325840007891012,0.243283810840903,0.711053310361432,0.383614660697061
drsr,g0013,feynman-i.43.31,5,0,1,1,0.376616760597944,0.563282754415996,0.173150025461164,0.160662396072348,0.956293297139239,0.399351666392415
drsr,g0014,feynman-ii.34.11,5,0,1,1,0.999619105198748,0.999999999999999,0.142868960858734,0.142857142857143,0.999958636994431,0.399987591098329
drsr,g0015,III.21.20_3_0,5,0,1,1,0.192738564777701,0.99999102953908,0.193930812807266,0.142857421131368,0.821243129134811,0.346373133532401
drsr,g0016,feynman_II_15_4,5,0,1,1,7.20818648656257e-26,7.20813619513275e-26,1,1,1,1
drsr,g0017,strogatz_shearflow1,5,0,1,1,0.338902185359815,1.96470396051744,0.176423259333635,0.121907348527499,0.809194312178789,0.328093437622886
drsr,g0018,feynman-i.18.16,5,0,1,1,1.03847325136215,1.42729956308727,0.141686048956653,0.131820347653578,0.965470045439268,0.381915256989285
drsr,g0019,feynman-ii.34.2a,5,0,1,1,1.00399376320136,1.00049571268894,0.142733498929668,0.142841769146913,1,0.399989238402839
drsr,g0020,first_principles_leavitt,5,0,1,1,0.0002915005676283,0.0018178153341925,0.395382899658466,0.338603588385981,0.80127241085904,0.477404235127899
drsr,g0021,feynman-i.39.22,5,0,1,1,1.00000000607067,1.00000002684271,0.142857142668824,0.142857142024454,0.999999997744705,0.399999998740529
drsr,g0022,feynman-i.11.19,5,0,1,1,0.323325682098637,0.353059528912694,0.177882842682238,0.175153718757477,0.990448066263366,0.419742023009244
drsr,g0023,I.11.19_4_0,5,0,1,1,0.0597627205171136,0.263498929799967,0.230254974342842,0.184230081738104,0.838912875884821,0.380634919982119
drsr,g0024,strogatz_predprey2,5,0,1,1,1.06633837490494e-20,2.31414906231757e-19,1,1,0.999999976032211,0.999999992809663
drsr,g0025,strogatz_barmag2,5,0,1,1,1.10861289510896e-23,9.75902877435882e-24,1,1,1,1
drsr,g0026,strogatz_barmag1,5,0,1,1,1.32231673619425e-21,2.41689765944483e-21,1,1,0.999999999881157,0.999999999964347
drsr,g0027,feynman_I_12_11,5,0,1,1,0.103810542848791,0.309869007002248,0.213125609851959,0.179201561398714,0.88126583041434,0.389820842103402
drsr,g0028,feynman-ii.4.23,5,0,1,1,0.997205619596992,0.997205619596992,0.142943948768746,0.142943948768746,1,0.400060764138122
drsr,g0029,strogatz_vdp1,5,0,1,1,2.55059832678849e-24,1.53343861319943e-24,1,1,1,1
drsr,g0030,feynman-iii.7.38,5,0,1,1,1,1,0.142857142857143,0.142857142857143,1,0.4
drsr,g0031,II.11.27_1_0,5,0,1,1,0.993184893019505,1.00062380744506,0.143069278211814,0.142837797738105,0.999189818342016,0.399743403919278
drsr,g0032,feynman-i.13.12,5,0,1,1,0.793653793412828,1.18982122358294,0.15002635025841,0.137465592040038,0.956037346235744,0.38303711829875
drsr,g0033,feynman-iii.10.19,5,0,1,1,2.67347184115361e+18,2.84447102282004e+16,0,0,1,0.3
drsr,g0034,CRK11,5,0,1,1,3.5535320710922e-10,1.75279325371789e-08,0.817809982902807,0.696876379070664,0.577031300533171,0.660922855509416
drsr,g0035,feynman-i.32.5,5,0,1,1,0.0673798847475744,0.142957554034244,0.226533552586385,0.203199492221572,0.918330788724008,0.417738881172303
drsr,g0036,CRK10,5,0,1,1,1.33641853333151e-09,1.81159698675704e-05,0.77671839358825,0.481567029310984,0,0.337096920517689
drsr,g0037,CRK34,5,0,1,1,3.08856168657203e-10,5.32577660211747e-07,0.822160265732474,0.590972646761739,0.191194096442688,0.471039081666024
drsr,g0038,PO19,5,0,1,1,0.0028316793803681,44.9721627931049,0.324853994400762,0.0247897304227344,0,0.017352811295914
drsr,g0039,CRK0,5,0,1,1,2.59223655423651e-08,2.97348893052873e-06,0.684737526393006,0.537623833851365,0.485106227924435,0.521868552073286
drsr,g0040,feynman-i.29.16,5,0,1,1,0.0621832759984545,0.185038490429975,0.229023314412529,0.195195565947031,0.881602880371919,0.401117760274498
drsr,g0041,PO41,5,0,1,1,0.0010853286122395,83.2028174352962,0.354602767688937,0.00570442623345346,0,0.00399309836341742
drsr,g0042,feynman_test_15,5,0,1,1,0.0021486334805655,0.0242427719415876,0.333416975804443,0.258244123144479,0.736895015736179,0.401839390921989
drsr,g0043,CRK33,5,0,1,1,5.09281046368828e-11,1.30430535946106e-06,0.878074463315766,0.563187194369841,0,0.394231036058889
drsr,g0044,feynman-i.15.3t,5,0,1,1,1.08550214785125e+30,9.90552207755668e+29,0,0,1,0.3
drsr,g0045,feynman-bonus.20,5,0,1,1,3.09145387176925e+37,4.64275108076392e+39,0,0,0.455846842729582,0.136754052818875
drsr,g0046,II.6.15b_3_0,5,0,1,1,0.212376520290659,0.438461143925654,0.190920964230596,0.168433491958629,0.92129384704838,0.394291598485555
drsr,g0047,BPG5,5,0,1,1,1.59606982465675e-13,2.89133252600573e-09,1,0.752778711298005,0.150765650061444,0.572174792927037
drsr,g0048,MatSci21,5,0,1,1,1.23387682566198e-07,2.11991860152017e-07,0.636337728035363,0.619548629596373,0.941238523240684,0.716055597689666
drsr,g0049,BPG3,5,0,1,1,1.97776313117923e-10,0.51375929149167,0.8359875516676,0.163517165049873,0,0.114462015534911
drsr,g0050,BPG9,5,0,1,1,1.9222976920912e-07,0.000114950270231,0.622584239676441,0.424249285959409,0.30582822585608,0.38872296792841
dso,g0001,II.34.2_1_0,5,0,1,1,2.56153937115121e-15,1.27965322124978e-32,1,1,1,1
dso,g0002,first_principles_hubble,5,0,1,1,0.102739369675455,0.0823491463412557,0.213447364505601,0.220310064179463,1,0.454217044925624
dso,g0003,feynman-ii.27.18,5,0,1,1,0.990886041927509,4.40964779831235e+59,0.14314116351542,0,0,0
dso,g0004,Korns-4,5,0,1,1,0.0015928095350265,0.0016619592167228,0.342702582368452,0.34138425983526,0.995385871136666,0.537584743225682
dso,g0005,Keijzer-11,5,3,1,0.4,100,100,0,0,1,0.3
dso,g0006,Keijzer-2,5,0,1,1,0.521475263771074,2.30229575859897,0.163054734824934,0.116988491898624,0.838768149758074,0.333522389256459
dso,g0007,Korns-2,5,0,1,1,0.0122878794282835,0.0260359152340903,0.279323075621192,0.256030510790958,0.918476023098849,0.454764164483326
dso,g0008,Nguyen-12,5,0,1,1,0.0152536958496854,0.105819767371198,0.272616065532452,0.212530942680989,0.78970207002597,0.385682280884483
dso,g0009,Nguyen-6,5,0,1,1,1.23009305012648e-31,5.9729956614314e-33,1,1,1,1
dso,g0010,Nguyen-9,5,0,1,1,2.17738337465593e-31,7.81328683255247e-33,1,1,1,1
dso,g0011,Vladislavleva-4,5,1,1,0.8,0.12884468995583,0.139495183969667,0.206423819658197,0.203960056144374,0.991376827701682,0.440185087611566
dso,g0012,feynman_I_27_6,5,0,1,1,3.089269389092e-32,1.56818784573539e-32,1,1,1,1
dso,g0013,feynman-i.43.31,5,0,1,1,0.972472145541863,0.994516080749396,0.143723059235248,0.143027727870884,0.997566340224727,0.399389311577036
dso,g0014,feynman-ii.34.11,5,0,1,1,0.614299260383025,0.424497098340914,0.157972857683654,0.169437519574228,1,0.41860626370196
dso,g0015,III.21.20_3_0,5,0,1,1,3.58161795392675e-15,1.33311401212498e-25,1,1,1,1
dso,g0016,feynman_II_15_4,5,0,1,1,2.50144806016631e-31,5.90860695708423e-32,1,1,1,1
dso,g0017,strogatz_shearflow1,5,0,1,1,1.13714345573195e-29,1.08185329679363e-30,1,1,1,1
dso,g0018,feynman-i.18.16,5,0,1,1,5.55956888312689e-15,5.85604970581781e-31,1,1,1,1
dso,g0019,feynman-ii.34.2a,5,0,1,1,0.961217986502601,0.585170875287109,0.144084150799084,0.15947980695772,1,0.411635864870404
dso,g0020,first_principles_leavitt,5,0,1,1,0.000139309859232,0.0012997861154506,0.418287010472571,0.349009150468289,0.757527490680849,0.471564652532057
dso,g0021,feynman-i.39.22,5,0,1,1,0.655003499705041,0.496996114935939,0.155982598539461,0.164546214726647,1,0.415182350308653
dso,g0022,feynman-i.11.19,5,0,1,1,0.266762211337507,0.328890951008206,0.183848263652469,0.177353433955788,0.977268096061693,0.417327832587559
dso,g0023,I.11.19_4_0,5,0,1,1,0.0236414631548983,0.0782592444918177,0.25902326062527,0.221890310646972,0.870034675079159,0.416333619976628
dso,g0024,strogatz_predprey2,5,0,1,1,0.0880101220728794,0.678987619963278,0.218247669759081,0.154867010298147,0.778167691887805,0.341857214775045
dso,g0025,strogatz_barmag2,5,0,1,1,0.124992613175269,0.262132927759142,0.207365403729146,0.184391315845643,0.919590692408195,0.404951128814409
dso,g0026,strogatz_barmag1,5,1,1,0.8,0.0718169768125282,0.594342524185407,0.224555205768916,0.158997371114777,0.770547578711844,0.342462433393897
dso,g0027,feynman_I_12_11,5,0,1,1,1.35152086707009e-31,1.47164797840634e-32,1,1,1,1
dso,g0028,feynman-ii.4.23,5,1,1,0.8,0.777431994163488,6.98642357716857,0.150666970752447,0.0825532205163031,0.761601874173619,0.286267816613498
dso,g0029,strogatz_vdp1,5,0,1,1,0.0100000000000002,0.0099999999999999,0.285714285714285,0.285714285714286,1,0.5
dso,g0030,feynman-iii.7.38,5,0,1,1,0.999999999998974,1,0.142857142857175,0.142857142857143,0.999999999999889,0.399999999999967
dso,g0031,II.11.27_1_0,5,0,1,1,0.0199036943198671,0.174145066085228,0.264361879058226,0.197077773253884,0.764505629689636,0.36730613018461
dso,g0032,feynman-i.13.12,5,0,1,1,1,1,0.142857142857143,0.142857142857143,1,0.4
dso,g0033,feynman-iii.10.19,5,0,1,1,0.309003115232722,0.556775589379267,0.17928836729916,0.161022843834411,0.936070667873537,0.393537191046149
dso,g0034,CRK11,5,0,1,1,0.0065755602057976,1,0.298719088677226,0.142857142857143,0.454483189646114,0.236344956893834
dso,g0035,feynman-i.32.5,5,0,1,1,0.778166530332972,0.721788513914596,0.150637675181473,0.152970716664924,1,0.407079501665447
dso,g0036,CRK10,5,0,1,1,0.0217489271679527,0.563424708253078,0.26161158293418,0.160654579394043,0.64665048761432,0.306453351860126
dso,g0037,CRK34,5,0,1,1,0.0043387979207971,1,0.311616469759586,0.142857142857143,0.409342355866365,0.22280270675991
dso,g0038,PO19,5,0,1,1,0.0458455764013058,0.221220223685255,0.238478754475632,0.18965536949116,0.829118152556228,0.38149420441068
dso,g0039,CRK0,5,0,1,1,0.0309063014928494,0.999999999833033,0.250710925939003,0.142857142862322,0.622511759235021,0.286753527774132
dso,g0040,feynman-i.29.16,5,0,1,1,0.0678239665512086,0.0954640633545376,0.226329772496936,0.21572572029752,0.962885817302508,0.439873749399017
dso,g0041,PO41,5,0,1,1,0.0831984965177138,0.245738766710675,0.219991751556123,0.186394737546482,0.882410450967119,0.395199451572673
dso,g0042,feynman_test_15,5,0,1,1,0.009335727342085,0.0972716004445429,0.28784656005142,0.215143852747343,0.745540524446245,0.374262854257013
dso,g0043,CRK33,5,0,1,1,0.0209402621701693,11.5997056670126,0.26278699180685,0.0668252164641733,0.314133786305807,0.141017787416663
dso,g0044,feynman-i.15.3t,5,0,1,1,1.54288567093631e-08,4.82509331994446e-05,0.700833303879532,0.451178163053292,0.126214041678924,0.353688926640982
dso,g0045,feynman-bonus.20,5,1,1,0.8,0.907203322594688,0.999999929969078,0.145878240561618,0.142857145029575,0.989426165637857,0.396827851212059
dso,g0046,II.6.15b_3_0,5,0,1,1,0.149764535361996,0.346390881875791,0.201756501181684,0.175745253466746,0.908960632998129,0.395709867326161
dso,g0047,BPG5,5,0,1,1,0.0058252190839883,1,0.302477695454701,0.142857142857143,0.441328065927076,0.232398419778123
dso,g0048,MatSci21,5,0,1,1,0.154458740368016,0.0702226786243453,0.200799107943831,0.225251614893837,1,0.457676130425686
dso,g0049,BPG3,5,0,1,1,0.0010282417205879,0.0336049950135482,0.356278912767714,0.24811401176469,0.621422846591774,0.360106662212815
dso,g0050,BPG9,5,0,1,1,0.161094152729698,1,0.199494301641295,0.142857142857143,0.801769944256032,0.34053098327681
e2esr,g0001,II.34.2_1_0,5,0,1,1,0.0005704551928039,0.000397635423088,0.374555604440709,0.385751066693956,1,0.570025746685769
e2esr,g0002,first_principles_hubble,5,0,1,1,0.498360527156816,0.0464869271327264,0.164461168818096,0.238047797178126,1,0.466633458024688
e2esr,g0003,feynman-ii.27.18,5,4,1,0.2,100,100,0,0,1,0.3
e2esr,g0004,Korns-4,5,0,1,1,0.0030764825315285,0.0032831640882694,0.322281824751555,0.32026481508965,0.992940466185551,0.52206751041842
e2esr,g0005,Keijzer-11,5,0,1,1,0.302815734911615,0.203860298802556,0.179915825841086,0.192190524540608,1,0.434533367178425
e2esr,g0006,Keijzer-2,5,0,1,1,0.964585148838114,1.47073244180473,0.143975673496045,0.13089045197798,0.954201724686813,0.37788383379063
e2esr,g0007,Korns-2,5,0,1,1,0.004815269225301,0.0824795817923251,0.308384244723684,0.220260967841612,0.69156853093398,0.361653236769322
e2esr,g0008,Nguyen-12,5,0,1,1,0.0031119990021693,0.0283100539000751,0.321925753638173,0.2534328074123,0.7602746882405,0.40548537166076
e2esr,g0009,Nguyen-6,5,0,1,1,0.0007883126267955,0.0924740727895467,0.364521536933617,0.216712858181025,0.482669624502483,0.296499888077463
e2esr,g0010,Nguyen-9,5,0,1,1,0.101596002221046,0.0039883621337803,0.213794527221592,0.314228958261838,1,0.519960270783286
e2esr,g0011,Vladislavleva-4,5,0,1,1,0.809924236962551,0.78424016332959,0.149396828899144,0.150396494280133,1,0.405277545996093
e2esr,g0012,feynman_I_27_6,5,0,1,1,0.0054727807851458,0.0430247492048949,0.30441371052732,0.240448689466739,0.776122426305281,0.401150810518301
e2esr,g0013,feynman-i.43.31,5,4,1,0.2,100,100,0,0,1,0.3
e2esr,g0014,feynman-ii.34.11,5,5,1,0,100,100,0,0,1,0.3
e2esr,g0015,III.21.20_3_0,5,0,1,1,0.0038750151899088,1.03446668492677,0.315123327909776,0.141805963661267,0.393389225158134,0.217280942110327
e2esr,g0016,feynman_II_15_4,5,0,1,1,0.0012550135420814,0.0023736644522048,0.350096541996591,0.330327191008276,0.930807271581668,0.510471215180293
e2esr,g0017,strogatz_shearflow1,5,0,1,1,0.878730624569102,1.27417257890894,0.146867445555252,0.135340838962604,0.959656876925768,0.382635650351553
e2esr,g0018,feynman-i.18.16,5,3,1,0.4,100,100,0,0,1,0.3
e2esr,g0019,feynman-ii.34.2a,5,4,1,0.2,100,100,0,0,1,0.3
e2esr,g0020,first_principles_leavitt,5,0,1,1,0.0006860118553565,7.93756324907489e-05,0.368833455638666,0.435736628649077,1,0.605015640054354
e2esr,g0021,feynman-i.39.22,5,4,1,0.2,100,100,0,0,1,0.3
e2esr,g0022,feynman-i.11.19,5,5,1,0,100,100,0,0,1,0.3
e2esr,g0023,I.11.19_4_0,5,0,1,1,0.0021066518857939,0.0068614471051332,0.334029087397215,0.297398877163219,0.87179426421673,0.469717493279272
e2esr,g0024,strogatz_predprey2,5,0,1,1,0.0648010569897612,0.0447947262872844,0.227744136440155,0.239198079483468,1,0.467438655638428
e2esr,g0025,strogatz_barmag2,5,0,1,1,0.986956818009887,10.5327467704257,0.143264417746805,0.0698184540750028,0.742939127148793,0.27175465599714
e2esr,g0026,strogatz_barmag1,5,0,1,1,0.0763993574210686,0.261944645341746,0.222636449583466,0.184413605353541,0.86622004519627,0.38895553730636
e2esr,g0027,feynman_I_12_11,5,0,1,1,0.0011253896569245,0.0055455180844837,0.353478362901236,0.304004133863685,0.826840198445469,0.46085495323822
e2esr,g0028,feynman-ii.4.23,5,0,1,1,0.0010692934325896,0.001266196356269,0.355064507180561,0.349821352898658,0.981648960029126,0.539369635037798
e2esr,g0029,strogatz_vdp1,5,0,1,1,1.00151405860708,0.997655292378545,0.142810210713026,0.142929963517957,1,0.40005097446257
e2esr,g0030,feynman-iii.7.38,5,0,1,1,0.0002446306105052,0.0003355302540948,0.400820657203536,0.391019165304349,0.965694778473086,0.56342184925497
e2esr,g0031,II.11.27_1_0,5,2,1,0.6,0.999183734166574,12.3204532142466,0.142882474607787,0.0649552368664651,0.727254667905472,0.263645066178167
e2esr,g0032,feynman-i.13.12,5,0,1,1,35492359817.8389,31923226575.1068,0,0,1,0.3
e2esr,g0033,feynman-iii.10.19,5,4,1,0.2,100,100,0,0,1,0.3
e2esr,g0034,CRK11,5,0,1,1,0.780949866758211,6.46922174316876,0.150526917489567,0.0849391401749892,0.770442779399098,0.290590231942222
e2esr,g0035,feynman-i.32.5,5,5,1,0,100,100,0,0,1,0.3
e2esr,g0036,CRK10,5,0,1,1,119254.491220839,18542818963.8431,0,0,0,0
e2esr,g0037,CRK34,5,0,1,1,579.205777336736,70258352.6205546,0,0,0,0
e2esr,g0038,PO19,5,0,1,1,0.0650490149880759,5863.51694662221,0.227625662528926,0,0,0
e2esr,g0039,CRK0,5,0,1,1,0.0061243940173145,3.58667324999952,0.300924062601831,0.103236299017268,0.308092827471726,0.164693257553606
e2esr,g0040,feynman-i.29.16,5,0,1,1,0.114659641801383,0.0592766944186291,0.21004210137874,0.230508287350443,1,0.46135580114531
e2esr,g0041,PO41,5,0,1,1,0.049662653722704,429.009681163092,0.235997862689017,0,0.0158907074114195,0.00476721222342585
e2esr,g0042,feynman_test_15,5,0,1,1,0.0043781512315208,0.0643498369667252,0.31133637435486,0.227960896361662,0.708185827046918,0.372028375567239
e2esr,g0043,CRK33,5,0,1,1,171957.798070944,64496623243.3868,0,0,0,0
e2esr,g0044,feynman-i.15.3t,5,5,1,0,100,100,0,0,1,0.3
e2esr,g0045,feynman-bonus.20,5,5,1,0,100,100,0,0,1,0.3
e2esr,g0046,II.6.15b_3_0,5,0,1,1,0.233969327668421,0.34364016168314,0.18791721949435,0.175992577521454,0.95826375309501,0.410673930193521
e2esr,g0047,BPG5,5,0,1,1,0.555418281782314,5.40970680191863,0.161098559242814,0.0904875908837194,0.752861610743345,0.289199796841607
e2esr,g0048,MatSci21,5,0,1,1,0.0009329725522883,0.0005621451135368,0.359295080917899,0.375010825721522,1,0.562507578005065
e2esr,g0049,BPG3,5,0,1,1,1.00001071115317,732.360611418832,0.142856810587871,0,0.283819918297657,0.0851459754892972
e2esr,g0050,BPG9,5,0,1,1,0.679515694083519,2.51010929354412,0.154842893454093,0.114307669167127,0.858126714995737,0.33745338291571
gplearn,g0001,II.34.2_1_0,5,0,1,1,5.22208173040364e-05,0.0022973952048094,0.448725452525001,0.331340306409992,0.589151990629337,0.408683811675796
gplearn,g0002,first_principles_hubble,5,0,1,1,0.208267870739277,0.108426356302312,0.191526980216298,0.211776081183391,1,0.448243256828374
gplearn,g0003,feynman-ii.27.18,5,0,1,1,1,1,0.142857142857143,0.142857142857143,1,0.4
gplearn,g0004,Korns-4,5,0,1,1,0.0015307742932479,0.001616436081186,0.343934917115991,0.342245818860117,0.994088156108199,0.537798520034541
gplearn,g0005,Keijzer-11,5,0,1,1,0.0870143345238858,0.0339860919531444,0.21860065692148,0.247764197992235,1,0.473434938594565
gplearn,g0006,Keijzer-2,5,0,1,1,0.392581245217587,1.04733628985857,0.171862175127797,0.141422417717446,0.893460849063943,0.367033947121395
gplearn,g0007,Korns-2,5,0,1,1,0.0123279121105719,0.069523302395717,0.279222176463987,0.225562114774202,0.812189784093,0.401550415569841
gplearn,g0008,Nguyen-12,5,0,1,1,0.0132845860012849,0.0480886756836304,0.276903712523332,0.236996941629878,0.860326301878826,0.423995749704562
gplearn,g0009,Nguyen-6,5,0,1,1,3.29101023393158e-05,0.0396409605450448,0.463047911942443,0.242989702186833,0.229796269151723,0.2390316722763
gplearn,g0010,Nguyen-9,5,0,1,1,0.0730420585821377,0.0012450799652669,0.224030499668224,0.350343053936233,1,0.545240137755363
gplearn,g0011,Vladislavleva-4,5,0,1,1,0.138941831850448,0.130360535977699,0.20408335568259,0.206060990185734,1,0.444242693130014
gplearn,g0012,feynman_I_27_6,5,0,1,1,0.0040664724859365,0.0637044600074086,0.31362729727311,0.228273582946218,0.701261999880874,0.370170108026615
gplearn,g0013,feynman-i.43.31,5,0,1,1,1,0.999999998988791,0.142857142857143,0.142857142888512,1,0.400000000021958
gplearn,g0014,feynman-ii.34.11,5,0,1,1,0.999999316242435,1.01243409830306,0.142857164068017,0.142473802602435,0.998658234870464,0.399329132282843
gplearn,g0015,III.21.20_3_0,5,0,1,1,3.58161795381003e-15,0.995630338095026,1,0.142992991312048,0,0.100095093918433
gplearn,g0016,feynman_II_15_4,5,0,1,1,0.0001538601399276,0.0005720904916585,0.4152052769236,0.374466805021328,0.857415348857928,0.519351368172308
gplearn,g0017,strogatz_shearflow1,5,0,1,1,0.170218152693462,3.79409884321842,0.197785294786543,0.101492239938137,0.662974308031189,0.269936860366053
gplearn,g0018,feynman-i.18.16,5,0,1,1,5.55956889306341e-15,5.9002900478809e-31,1,1,1,1
gplearn,g0019,feynman-ii.34.2a,5,0,1,1,0.875557351654317,0.999884483829838,0.146979671503348,0.142860726495222,0.985583692471574,0.395677616288127
gplearn,g0020,first_principles_leavitt,5,0,1,1,0.0001815700554405,0.0038028410838386,0.410068269558394,0.315706558775286,0.669734012828543,0.421914794991263
gplearn,g0021,feynman-i.39.22,5,0,1,1,0.420697648411232,0.982024420806962,0.16971642254055,0.143419836580112,0.907961949138616,0.372782470347663
gplearn,g0022,feynman-i.11.19,5,0,1,1,0.687140395178505,0.647770432607077,0.154496751405503,0.156327062798982,1,0.409428943959287
gplearn,g0023,I.11.19_4_0,5,0,1,1,0.0082823567330014,0.115940611697731,0.291560433410259,0.209697458045715,0.713479586236268,0.360832096502881
gplearn,g0024,strogatz_predprey2,5,0,1,1,0.0229755438853092,0.571587850604702,0.25990958564611,0.160208357924052,0.651045702977332,0.307459561440036
gplearn,g0025,strogatz_barmag2,5,0,1,1,0.169857682160767,0.527260337961245,0.197851057606741,0.162712492594258,0.877015022456743,0.377003251553003
gplearn,g0026,strogatz_barmag1,5,0,1,1,0.0479143493792733,0.286692572717899,0.237109600334709,0.181613111291459,0.805762288350511,0.368857864409175
gplearn,g0027,feynman_I_12_11,5,0,1,1,1.37683976618214e-31,1.99106129482889e-32,1,1,1,1
gplearn,g0028,feynman-ii.4.23,5,0,1,1,0.19088846149587,0.621351947145929,0.194230023022439,0.157618738311884,0.871860503513452,0.371891267872355
gplearn,g0029,strogatz_vdp1,5,0,1,1,0.634314582967359,0.830650879449522,0.156978236000443,0.148612962198945,0.970721541694797,0.395245536047701
gplearn,g0030,feynman-iii.7.38,5,0,1,1,1,1,0.142857142857143,0.142857142857143,1,0.4
gplearn,g0031,II.11.27_1_0,5,0,1,1,0.977093784738829,0.996386232242398,0.143575982088534,0.142969448717232,0.997877133200446,0.399441754062197
gplearn,g0032,feynman-i.13.12,5,0,1,1,1,1,0.142857142857143,0.142857142857143,1,0.4
gplearn,g0033,feynman-iii.10.19,5,0,1,1,1,1,0.142857142857143,0.142857142857143,1,0.4
gplearn,g0034,CRK11,5,0,1,1,0.418714847960409,1.24319617790425,0.169862974172081,0.136104309552911,0.881844673833078,0.359826418836961
gplearn,g0035,feynman-i.32.5,5,0,1,1,1,1,0.142857142857143,0.142857142857143,1,0.4
gplearn,g0036,CRK10,5,0,1,1,0.103717308330775,1.7607855899634,0.213153483039782,0.125306680332058,0.692536190523952,0.295475533389627
gplearn,g0037,CRK34,5,0,1,1,0.0353577925290363,36.7403641353458,0.246536775489184,0.031061181692671,0.245835421715273,0.0954934536994515
gplearn,g0038,PO19,5,0,1,1,0.0408240649768662,0.0255258288701105,0.242077410959894,0.256644296191429,1,0.479651007334
gplearn,g0039,CRK0,5,0,1,1,1,1,0.142857142857143,0.142857142857143,1,0.4
gplearn,g0040,feynman-i.29.16,5,0,1,1,0.0686166465869271,0.085796374340796,0.225969322176899,0.219037933183181,0.975740138522304,0.446048594784918
gplearn,g0041,PO41,5,0,1,1,0.0136098371655836,0.039746988331163,0.276153362204756,0.242906840906122,0.883637175460028,0.435125941272294
gplearn,g0042,feynman_test_15,5,0,1,1,0.0067406377870692,0.0849068881271704,0.297949929239631,0.21936121970723,0.724939516651425,0.371034708790488
gplearn,g0043,CRK33,5,0,1,1,0.0425030171877689,1.76063666260982,0.240827159951888,0.125309304204024,0.595687504884971,0.266422764408308
gplearn,g0044,feynman-i.15.3t,5,0,1,1,1.87740816035278e-08,4.93474781771764e-05,0.694745807054232,0.450481074024449,0.14507921520703,0.358860516379223
gplearn,g0045,feynman-bonus.20,5,0,1,1,0.999999998489669,1.00000177090347,0.142857142903995,0.142857087921934,0.999999807562787,0.39999990381419
gplearn,g0046,II.6.15b_3_0,5,0,1,1,0.185912342844188,0.0747103218418788,0.195049412583658,0.223329956621816,1,0.456330969635271
gplearn,g0047,BPG5,5,0,1,1,0.0016384667875433,0.999633816780136,0.341825882681166,0.142868504319726,0.303649175801117,0.191102705764143
gplearn,g0048,MatSci21,5,0,1,1,0.0011409552585524,0.0072294559695507,0.353052241834456,0.295778170212135,0.799540749402018,0.4469069439691
gplearn,g0049,BPG3,5,0,1,1,0.0142391263097898,0.0302915382835293,0.274751189821599,0.251334190821258,0.91804050350285,0.451346084625736
gplearn,g0050,BPG9,5,0,1,1,0.511811852013987,1,0.163634975813297,0.142857142857143,0.927277584653563,0.378183275396069
imcts,g0001,II.34.2_1_0,5,0,1,1,2.56515181077105e-15,5.77531403807271e-19,1,1,1,1
imcts,g0002,first_principles_hubble,5,0,1,1,0.100720075640732,0.0979724306098042,0.214063139767508,0.214921151239533,1,0.450444805867673
imcts,g0003,feynman-ii.27.18,5,0,1,1,1.6222761302513e-13,1.55480983564614e-13,1,1,1,1
imcts,g0004,Korns-4,5,0,1,1,1.37874625298434e-14,1.45225610005165e-14,1,1,0.999921301669926,0.999976390500978
imcts,g0005,Keijzer-11,5,0,1,1,9.86293773472592e-13,3.03701076957935e-13,1,1,1,1
imcts,g0006,Keijzer-2,5,0,1,1,1.50276175305532e-11,3.2119687797122e-11,0.915936419052981,0.892373477479187,0.921195683999111,0.901020139435164
imcts,g0007,Korns-2,5,0,1,1,6.64500221816482e-12,1.84095297737006e-12,0.941250347839257,0.981068378881572,1,0.9867478652171
imcts,g0008,Nguyen-12,5,0,1,1,8.76412387059478e-14,6.44390235811247e-14,1,1,1,1
imcts,g0009,Nguyen-6,5,0,1,1,4.46709914296608e-14,3.61279744397492e-14,1,1,1,1
imcts,g0010,Nguyen-9,5,0,1,1,5.54907038942105e-14,4.38776439692223e-15,1,1,1,1
imcts,g0011,Vladislavleva-4,5,0,1,1,0.0074268806015316,0.0146853391194381,0.294942396998323,0.273794001437998,0.925980615546089,0.469449985670425
imcts,g0012,feynman_I_27_6,5,0,1,1,0.0052442414992186,0.0481636136007293,0.305736951221672,0.236948638317971,0.759240904855496,0.393636318279229
imcts,g0013,feynman-i.43.31,5,0,1,1,3.63218468186694e-14,3.63218468267599e-14,1,1,0.999999999999152,0.999999999999746
imcts,g0014,feynman-ii.34.11,5,0,1,1,1.01024291157451e-14,5.54138275046278e-15,1,1,1,1
imcts,g0015,III.21.20_3_0,5,0,1,1,3.37934381896571e-14,2.66079202474888e-14,1,1,1,1
imcts,g0016,feynman_II_15_4,5,0,1,1,1.08142410009877e-14,2.28754786623992e-14,1,1,0.998712146123818,0.999613643837145
imcts,g0017,strogatz_shearflow1,5,0,1,1,2.35823529296839e-13,3.37525299493435e-13,1,1,0.991413613533048,0.997424084059914
imcts,g0018,feynman-i.18.16,5,0,1,1,5.55956888795643e-15,6.61600580942668e-17,1,1,1,1
imcts,g0019,feynman-ii.34.2a,5,0,1,1,4.34132910991458e-13,4.21519386286259e-13,1,1,1,1
imcts,g0020,first_principles_leavitt,5,0,1,1,0.0002770693391926,0.000462240007146,0.396957966505633,0.381080890627564,0.944430234583739,0.550085693814417
imcts,g0021,feynman-i.39.22,5,0,1,1,4.06897732414505e-14,3.63218465689447e-14,1,1,1,1
imcts,g0022,feynman-i.11.19,5,0,1,1,1.90843159981256e-15,2.89835970184389e-32,1,1,1,1
imcts,g0023,I.11.19_4_0,5,0,1,1,0.0235526089773044,0.0733249443755485,0.259140069861428,0.22391058984314,0.87669681993912,0.419746458871934
imcts,g0024,strogatz_predprey2,5,0,1,1,5.97503858308176e-13,2.04486433037809e-13,1,1,1,1
imcts,g0025,strogatz_barmag2,5,0,1,1,1.71886023777654e-12,5.00355554319e-13,0.983197102485042,1,1,1
imcts,g0026,strogatz_barmag1,5,0,1,1,3.51364824690885e-12,9.17229666353047e-12,0.961017265578811,0.931251564795856,0.91177717341606,0.925409247381917
imcts,g0027,feynman_I_12_11,5,0,1,1,0.0740263415336347,0.250985808778181,0.223615265244062,0.185739345262329,0.867434280064966,0.39024782570312
imcts,g0028,feynman-ii.4.23,5,0,1,1,3.66679904332892e-14,3.66680244117878e-14,1,1,0.999999996441321,0.999999998932396
imcts,g0029,strogatz_vdp1,5,0,1,1,1.23227848018472e-12,4.62156732609732e-13,0.993520795409013,1,1,1
imcts,g0030,feynman-iii.7.38,5,0,1,1,0.977441670779623,1.00002696772405,0.143564939275338,0.142856306301727,0.997519784592362,0.399255349788917
imcts,g0031,II.11.27_1_0,5,0,1,1,0.006889315375538,0.108328561884086,0.297273138134517,0.211804073020857,0.700858272116949,0.358520332749685
imcts,g0032,feynman-i.13.12,5,0,1,1,3.79446973427817e-13,2.01243229372873e-13,1,1,1,1
imcts,g0033,feynman-iii.10.19,5,0,1,1,7.8276436668783e+35,1.13274672992889e+32,0,0,1,0.3
imcts,g0034,CRK11,5,2,1,0.6,1852486431.07943,85539995132755.2,0,0,0,0
imcts,g0035,feynman-i.32.5,5,0,1,1,7.89512740418065e-14,7.89512012283017e-14,1,1,1,1
imcts,g0036,CRK10,5,1,1,0.8,973619.747638325,298907853.033832,0,0,0.37821301220465,0.113463903661395
imcts,g0037,CRK34,5,3,1,0.4,100,100,0,0,1,0.3
imcts,g0038,PO19,5,0,1,1,0.0002953946720716,0.0100329237067002,0.394971238726299,0.285612320731707,0.61724378737566,0.385101760724893
imcts,g0039,CRK0,5,2,1,0.6,437.702188407924,483940.97179289,0,0,0.239096581435255,0.0717289744305764
imcts,g0040,feynman-i.29.16,5,0,1,1,0.0652941009129878,0.110163710743714,0.227509003849708,0.211282960269406,0.94320884746962,0.43086072642947
imcts,g0041,PO41,5,0,1,1,0.0007280474634753,0.0125803325962886,0.366988593348374,0.278593419782093,0.690616892658517,0.40220046164502
imcts,g0042,feynman_test_15,5,0,1,1,0.0032607856554174,0.0495633549889491,0.320476982013026,0.236059950250658,0.704540388862818,0.376604081834306
imcts,g0043,CRK33,5,0,1,1,596013.129496697,144929594406.053,0,0,0,0
imcts,g0044,feynman-i.15.3t,5,0,1,1,1.08550201257113e+30,9.90552084308631e+29,0,0,1,0.3
imcts,g0045,feynman-bonus.20,5,0,1,1,7.60319323831121e+53,2.09005806779557e+65,0,0,0,0
imcts,g0046,II.6.15b_3_0,5,0,1,1,0.21917813767896,0.130756797120973,0.189943054822746,0.205966837569697,1,0.444176786298788
imcts,g0047,BPG5,5,0,1,1,11.2972061535739,268509.911518328,0.067644924720257,0,0,0
imcts,g0048,MatSci21,5,0,1,1,3.1689684059369e-06,7.38568078803002e-06,0.535648720759176,0.509400676189593,0.9081318635674,0.629020032402935
imcts,g0049,BPG3,5,0,1,1,2608448.28974412,3.34345934315977e+17,0,0,0,0
imcts,g0050,BPG9,5,0,1,1,1159817.0585245,62155027982.7422,0,0,0,0
llmsr,g0001,II.34.2_1_0,5,0,1,1,2.56773848731615e-15,5.7089952036196e-16,1,1,1,1
llmsr,g0002,first_principles_hubble,5,0,1,1,0.0423529694173136,0.107850793844175,0.240936866811468,0.211941189563663,0.898515129634241,0.417913371584836
llmsr,g0003,feynman-ii.27.18,5,0,1,1,0.986703757528669,0.99999999966354,0.143272372709313,0.14285714286758,0.998546695553935,0.399564008673487
llmsr,g0004,Korns-4,5,0,1,1,9.16541394569558e-11,1.5447012188705e-10,0.859846279702361,0.843653965054726,0.943804471943388,0.873699117121324
llmsr,g0005,Keijzer-11,5,1,0.8,0.8,4.89298262441837,5.46115020742596,0.0936018804621652,0.0901939912964698,0.988072387920068,0.359557510283549
llmsr,g0006,Keijzer-2,5,0,1,1,0.157100693624445,4.44721809876254,0.200272992676919,0.0965651122518253,0.637022418512838,0.258702304130129
llmsr,g0007,Korns-2,5,0,1,1,1.15636871223332,1.13999381507194,0.138350261965005,0.13879267892004,1,0.397154875244028
llmsr,g0008,Nguyen-12,5,1,0.8,0.8,3.37028951303955e-05,0.0008130012557412,0.462309485068855,0.363564913114652,0.654394001248234,0.450813639554727
llmsr,g0009,Nguyen-6,5,0,1,1,2.67376172096623e-07,0.0041162410058899,0.61234837847143,0.313249943230391,0,0.219274960261274
llmsr,g0010,Nguyen-9,5,0,1,1,6.39179215821607e-05,8.39173215910576e-05,0.442455525386419,0.434010599005192,0.970442758070529,0.594940246724793
llmsr,g0011,Vladislavleva-4,5,1,0.8,0.8,0.0226442748971778,0.0288926635363418,0.26036011296452,0.25280088713422,0.973542709594987,0.46902343387245
llmsr,g0012,feynman_I_27_6,5,0,1,1,0.0022359642761614,0.0491574610245517,0.332181081387252,0.236315039746486,0.664468854303669,0.364761184113641
llmsr,g0013,feynman-i.43.31,5,0,1,1,0.652786354328276,0.732135939333461,0.156087780895375,0.152529162416483,0.987544835323895,0.403033864288706
llmsr,g0014,feynman-ii.34.11,5,0,1,1,1.003180384054,1.00000941067123,0.142758640608524,0.14285685092976,1,0.399999795650832
llmsr,g0015,III.21.20_3_0,5,1,0.8,0.8,0.0787539667997385,0.744543167920196,0.221694825841539,0.1520078655137,0.756095638853797,0.333234197515729
llmsr,g0016,feynman_II_15_4,5,0,1,1,2.50144806016631e-31,5.90860695708423e-32,1,1,1,1
llmsr,g0017,strogatz_shearflow1,5,0,1,1,0.219609918455329,1.57122539259274,0.189882003522637,0.128840107918714,0.786353365386694,0.326094085159108
llmsr,g0018,feynman-i.18.16,5,0,1,1,0.120516897710728,0.452605367724817,0.208496575447071,0.167448592841855,0.856332060882404,0.374113633254019
llmsr,g0019,feynman-ii.34.2a,5,0,1,1,1.0068492116959,1.00051386185343,0.142645397544643,0.142841206425111,1,0.399988844497578
llmsr,g0020,first_principles_leavitt,5,0,1,1,0.0003253231995977,0.0227570306587229,0.39197749750042,0.260206028957078,0.538799860427273,0.343784178398136
llmsr,g0021,feynman-i.39.22,5,0,1,1,0.8540727165508,1.11712140273894,0.147750367964141,0.139421401966701,0.970848619008991,0.388849567079388
llmsr,g0022,feynman-i.11.19,5,0,1,1,0.324787471761039,0.329094605250951,0.177742909388004,0.177334231207594,0.99856962636857,0.423704849755887
llmsr,g0023,I.11.19_4_0,5,0,1,1,0.0371212118944056,0.171320197146761,0.245026989559345,0.19758510246505,0.833953395172257,0.388495590277212
llmsr,g0024,strogatz_predprey2,5,0,1,1,0.0007545805572302,0.12068779996078,0.365878170654624,0.208452616390552,0.449010560218735,0.280619999539007
llmsr,g0025,strogatz_barmag2,5,0,1,1,5.61395876874729e-12,3.00759599141413e-11,0.946480770094966,0.894412893048761,0.832009232659728,0.875691794932051
llmsr,g0026,strogatz_barmag1,5,0,1,1,8.8411611783214e-13,3.40353519126045e-12,1,0.962004982471162,0.907826548349128,0.945751452234552
llmsr,g0027,feynman_I_12_11,5,0,1,1,1.37388387787119e-31,2.48266775275364e-32,1,1,1,1
llmsr,g0028,feynman-ii.4.23,5,0,1,1,0.999999999711886,0.999999999777475,0.14285714286608,0.142857142864046,0.999999999992879,0.400000000002696
llmsr,g0029,strogatz_vdp1,5,0,1,1,3.38786318724053e-13,6.05584427224088e-14,1,1,1,1
llmsr,g0030,feynman-iii.7.38,5,0,1,1,1,1,0.142857142857143,0.142857142857143,1,0.4
llmsr,g0031,II.11.27_1_0,5,0,1,1,0.0079312234315994,0.282456938966148,0.292904272527122,0.182074839408574,0.612096984098388,0.311081482815518
llmsr,g0032,feynman-i.13.12,5,0,1,1,5016.28630709496,8299.7131660553,0,0,0.945329808118465,0.28359894243554
llmsr,g0033,feynman-iii.10.19,5,0,1,1,1.55451232940586e+17,4.6698102517463e+15,0,0,1,0.3
llmsr,g0034,CRK11,5,0,1,1,3.75441815977633e-07,0.0164810728415563,0.60181838272485,0.270215322939869,0,0.189150726057908
llmsr,g0035,feynman-i.32.5,5,0,1,1,0.905692230100987,0.959788180884864,0.145929954145501,0.144130328742942,0.993701311091051,0.399001623447375
llmsr,g0036,CRK10,5,0,1,1,7.05661188043307e-07,0.0231196118417927,0.582243126319246,0.259715675829824,0,0.181800973080877
llmsr,g0037,CRK34,5,0,1,1,5.77053434776245e-07,0.011227163688577,0.588484569256643,0.282123567530622,0,0.197486497271436
llmsr,g0038,PO19,5,0,1,1,0.0020875696687785,4551.73751537498,0.334311358701931,0,0,0
llmsr,g0039,CRK0,5,0,1,1,2.13069084437668e-07,1.80899631633288e-05,0.619391397163655,0.481611594106789,0.517771192867935,0.492459473735132
llmsr,g0040,feynman-i.29.16,5,0,1,1,0.0494139637423425,0.246331892738489,0.23615359341218,0.186319954010895,0.82558226209726,0.378098646436804
llmsr,g0041,PO41,5,0,1,1,0.0008623794908428,2.49549932401549,0.36173582717501,0.114488753102869,0.134635240873364,0.120532699434018
llmsr,g0042,feynman_test_15,5,0,1,1,0.0003055033073247,0.0012704576253765,0.393927434557202,0.349717129696782,0.845263933258461,0.498381170765285
llmsr,g0043,CRK33,5,0,1,1,4.85278551581198e-07,0.0049353445733395,0.593857778805521,0.307620180041992,0,0.215334126029394
llmsr,g0044,feynman-i.15.3t,5,0,1,1,1.87740816035259e-08,4.93474781772536e-05,0.694745807054235,0.4504810740244,0.145079215206849,0.358860516379135
llmsr,g0045,feynman-bonus.20,5,0,1,1,1,1,0.142857142857143,0.142857142857143,1,0.4
llmsr,g0046,II.6.15b_3_0,5,0,1,1,0.201547600828725,0.0412103031466077,0.192544454800785,0.241785299339666,1,0.469249709537766
llmsr,g0047,BPG5,5,0,1,1,4.95824457056823e-08,0.0001386907786681,0.66461943250093,0.418425172394597,0.138322278582183,0.334394304250873
llmsr,g0048,MatSci21,5,0,1,1,0.0444681728254255,0.0704633789488407,0.239425051080253,0.225145466772753,0.950021454924652,0.442608263218323
llmsr,g0049,BPG3,5,0,1,1,6.87423703335163e-08,2.73737203714654,0.65448396406119,0.111619012390755,0,0.0781333086735285
llmsr,g0050,BPG9,5,0,1,1,3.78762026709962e-05,0.0809679557431269,0.458688112018313,0.220834773252435,0.167513317184625,0.204838336432092
pyoperon,g0001,II.34.2_1_0,5,2,1,0.6,0.190180185551011,1.07707481779307,0.194345338086728,0.140553866276825,0.811729848665807,0.341906660993519
pyoperon,g0002,first_principles_hubble,5,0,1,1,0.0296769300258281,0.104480441217206,0.251970073379153,0.21292607157535,0.863345993689307,0.408052048209537
pyoperon,g0003,feynman-ii.27.18,5,5,1,0,100,100,0,0,1,0.3
pyoperon,g0004,Korns-4,5,1,1,0.8,0.0016494397997002,0.0017488563851984,0.341618823604157,0.339803275214347,0.993645580639408,0.535955966841866
pyoperon,g0005,Keijzer-11,5,0,1,1,0.0466026581476044,0.0163026317826227,0.237970665077151,0.270553020034208,1,0.489387114023946
pyoperon,g0006,Keijzer-2,5,0,1,1,0.553165303440311,2.19412679260929,0.161224647732399,0.118481305667236,0.850398302772077,0.338056404798688
pyoperon,g0007,Korns-2,5,0,1,1,4.95893937667981,4.4123746050284,0.0931865143536824,0.0968091159724197,1,0.367766381180694
pyoperon,g0008,Nguyen-12,5,0,1,1,0.0157793918038527,0.0694095242439156,0.271564981437166,0.225612923741929,0.839167798071988,0.409679386040947
pyoperon,g0009,Nguyen-6,5,0,1,1,0.0007635634472692,0.0574065288666411,0.365511062142652,0.231502765165313,0.530970960719614,0.321343223831603
pyoperon,g0010,Nguyen-9,5,0,1,1,0.289194820726906,0.0056367811377441,0.181343534943747,0.303497773387996,1,0.512448441371598
pyoperon,g0011,Vladislavleva-4,5,2,1,0.6,0.11306642050751,0.122327391065818,0.210476168331795,0.208034020469368,0.991452482481581,0.443059559073032
pyoperon,g0012,feynman_I_27_6,5,0,1,1,0.0270068888480032,0.235478974443516,0.254894674499032,0.187717704592302,0.764880605330003,0.360866574813612
pyoperon,g0013,feynman-i.43.31,5,5,1,0,100,100,0,0,1,0.3
pyoperon,g0014,feynman-ii.34.11,5,0,1,1,0.997817472700014,0.99999657861458,0.142924921102511,0.142857248992239,0.999763147614048,0.399929018578782
pyoperon,g0015,III.21.20_3_0,5,0,1,1,0.243374536171824,0.682835719040384,0.186694633082746,0.154691697791418,0.887989726480641,0.374681106398185
pyoperon,g0016,feynman_II_15_4,5,0,1,1,0.248714549007896,0.616602929643223,0.186021343510348,0.157856744011209,0.901423901753272,0.380926891333828
pyoperon,g0017,strogatz_shearflow1,5,0,1,1,0.289543876030538,1.62255888363302,0.18130611543832,0.12784282381678,0.812878479324918,0.333353520469221
pyoperon,g0018,feynman-i.18.16,5,1,1,0.8,0.98085097860395,1.24488717715448,0.143456926448699,0.136062143317669,0.974118259041421,0.387478978034795
pyoperon,g0019,feynman-ii.34.2a,5,1,1,0.8,0.578240148322856,2.87025857992816,0.159849411265673,0.110148498297565,0.826046804611775,0.324917990191828
pyoperon,g0020,first_principles_leavitt,5,0,1,1,0.0002602855203618,0.0003939580700257,0.39889642792466,0.386039285628394,0.955000002104605,0.556727500571257
pyoperon,g0021,feynman-i.39.22,5,0,1,1,0.78538592064404,0.919877387448756,0.150351206317903,0.14544786120693,0.982838292111614,0.396664990478335
pyoperon,g0022,feynman-i.11.19,5,0,1,1,0.896461798012316,0.898873812587789,0.146247729486592,0.146164376567229,0.999708264782233,0.402227543031731
pyoperon,g0023,I.11.19_4_0,5,0,1,1,0.0453903384879183,0.123027592246859,0.238788327042481,0.207856962529776,0.89174022420704,0.413021941032955
pyoperon,g0024,strogatz_predprey2,5,1,1,0.8,0.0744267298591379,0.331590516352407,0.22344793303561,0.177099849926739,0.837781709120083,0.375304407684742
pyoperon,g0025,strogatz_barmag2,5,1,1,0.8,0.693964970566485,0.788729473534834,0.154190175069778,0.150219423570988,0.986102369754255,0.400984307425968
pyoperon,g0026,strogatz_barmag1,5,0,1,1,0.046283884872031,0.333899480819158,0.238183585383038,0.176884589730735,0.78545351521896,0.359455267377203
pyoperon,g0027,feynman_I_12_11,5,0,1,1,0.318144424408006,0.757560732358944,0.178383977394523,0.151470181769859,0.905801715313872,0.377769641833063
pyoperon,g0028,feynman-ii.4.23,5,0,1,1,5.50873960642824e-08,1.76618891235785e-07,0.6613534111345,0.625211631852965,0.873505128698551,0.699699680906641
pyoperon,g0029,strogatz_vdp1,5,0,1,1,0.42470709331354,0.73361753423954,0.169422177536422,0.152466449793845,0.940654952901091,0.388923000726019
pyoperon,g0030,feynman-iii.7.38,5,0,1,1,3.10741812858315e-07,3.10741818230572e-07,0.607685736066445,0.607685735530138,0.999999998122932,0.725380014307976
pyoperon,g0031,II.11.27_1_0,5,0,1,1,0.0505886818353216,0.284932788504323,0.235424759760293,0.181804112261077,0.812327733754509,0.370961198709106
pyoperon,g0032,feynman-i.13.12,5,5,1,0,100,100,0,0,1,0.3
pyoperon,g0033,feynman-iii.10.19,5,5,0.6,0,100,100,0,0,1,0.3
pyoperon,g0034,CRK11,5,0,1,1,0.0005980761896427,3.65282184662502,0.373088820513763,0.102669393459862,0.0535320054928552,0.08792817706976
pyoperon,g0035,feynman-i.32.5,5,4,1,0.2,100,100,0,0,1,0.3
pyoperon,g0036,CRK10,5,0,1,1,0.0006401863441769,16.8218194547128,0.370978113859588,0.0552947880380655,0,0.0387063516266459
pyoperon,g0037,CRK34,5,0,1,1,0.0004137251276352,8.9345367921885,0.384520578670468,0.0749234256010146,0,0.0524463979207102
pyoperon,g0038,PO19,5,0,1,1,0.0804660460369349,24003.1923358995,0.221027667045172,0,0,0
pyoperon,g0039,CRK0,5,0,1,1,0.0019171317894122,2.79748384776817,0.336953430813234,0.11094517231003,0.20897109529538,0.140352949205635
pyoperon,g0040,feynman-i.29.16,5,0,1,1,0.103024301856844,0.0549641756018118,0.21336145141326,0.232851448682404,1,0.462996014077683
pyoperon,g0041,PO41,5,0,1,1,0.0614354593503565,2024.93814027648,0.229398635012597,0,0,0
pyoperon,g0042,feynman_test_15,5,0,1,1,0.0218925198916659,0.147115770364337,0.261407446215551,0.202310054980421,0.793159130681267,0.379564777690675
pyoperon,g0043,CRK33,5,0,1,1,0.0005116150315419,9.72520267171188,0.377932621727568,0.072292952805604,0,0.0506050669639228
pyoperon,g0044,feynman-i.15.3t,5,0,1,1,2.16615197488868e-07,4.37428160798257e-05,0.61887936264349,0.454220947238602,0.42369604482773,0.445063476515341
pyoperon,g0045,feynman-bonus.20,5,5,0.6,0,100,100,0,0,1,0.3
pyoperon,g0046,II.6.15b_3_0,5,1,1,0.8,0.104506582536849,0.160340890694074,0.212918310990352,0.199639693444638,0.953524838590363,0.425805236988355
pyoperon,g0047,BPG5,5,1,1,0.8,0.178705391682466,222.771043579968,0.196275881735,0,0.226069729096567,0.0678209187289701
pyoperon,g0048,MatSci21,5,0,1,1,0.101452606793025,0.0235055277491694,0.213838342101878,0.259202142395001,1,0.481441499676501
pyoperon,g0049,BPG3,5,0,1,1,4.77742171086925e-05,33578.9973556708,0.451486172938328,0,0,0
pyoperon,g0050,BPG9,5,0,1,1,0.109286666865961,27.8088241887543,0.21153091567027,0.0397012409688677,0.39859613854608,0.147369710242031
pysr,g0001,II.34.2_1_0,5,0,1,1,2.56153937115121e-15,1.27965322124978e-32,1,1,1,1
pysr,g0002,first_principles_hubble,5,0,1,1,0.0059337317125442,0.0052436371977331,0.301905149553198,0.305740526026024,1,0.514018368218217
pysr,g0003,feynman-ii.27.18,5,0,1,1,0.999996111114693,1.95770254505132,0.142857263494622,0.122018092470298,0.927062901414916,0.363531535153683
pysr,g0004,Korns-4,5,0,1,1,0.0029184482454608,0.0031070649390185,0.323917714563002,0.321974976407516,0.993200416458056,0.523342608422678
pysr,g0005,Keijzer-11,5,0,1,1,2.82257145298192e-10,1.60227177414836e-10,0.824953932511628,0.842518844131308,1,0.889763190891915
pysr,g0006,Keijzer-2,5,0,1,1,2.54835411249316e-11,1.99716412133606e-11,0.89955287312429,0.907113303183037,1,0.934979312228126
pysr,g0007,Korns-2,5,0,1,1,93.395437678146,5.22899126721896,0.00211959559476083,0.0915415773908493,1,0.364079104173595
pysr,g0008,Nguyen-12,5,0,1,1,0,8.31042102722521e-32,1,1,1,1
pysr,g0009,Nguyen-6,5,0,1,1,1.23009305012648e-31,5.9729956614314e-33,1,1,1,1
pysr,g0010,Nguyen-9,5,0,1,1,1.32135757486598e-14,1.94995445183701e-16,1,1,1,1
pysr,g0011,Vladislavleva-4,5,0,1,1,0.0072323024205863,0.0149458848246931,0.295765958715536,0.273248454914829,0.921188736705271,0.467630539451961
pysr,g0012,feynman_I_27_6,5,0,1,1,3.089269389092e-32,1.56818784573539e-32,1,1,1,1
pysr,g0013,feynman-i.43.31,5,0,1,1,0.811671735445202,0.93088096373489,0.149329969789367,0.145078989343615,0.985121568439884,0.397091763072496
pysr,g0014,feynman-ii.34.11,5,0,1,1,4.84384897322286e-15,1.7418937169884e-32,1,1,1,1
pysr,g0015,III.21.20_3_0,5,0,1,1,3.58161795392675e-15,1.33311401212498e-25,1,1,1,1
pysr,g0016,feynman_II_15_4,5,0,1,1,4.70863464669321e-19,4.20287586670098e-19,1,1,1,1
pysr,g0017,strogatz_shearflow1,5,0,1,1,1.13714345573195e-29,1.08185329679363e-30,1,1,1,1
pysr,g0018,feynman-i.18.16,5,0,1,1,5.55956888312689e-15,5.85604970581781e-31,1,1,1,1
pysr,g0019,feynman-ii.34.2a,5,0,1,1,1,1,0.142857142857143,0.142857142857143,1,0.4
pysr,g0020,first_principles_leavitt,5,0,1,1,0.0003021204013456,0.0014204053250311,0.394272853360354,0.346256264872735,0.831941940576266,0.491961967583794
pysr,g0021,feynman-i.39.22,5,1,1,0.8,1.00000000129977,1.00000000033237,0.142857142816823,0.142857142846832,1,0.399999999992783
pysr,g0022,feynman-i.11.19,5,0,1,1,1.90999136906099e-15,7.21747777387132e-22,1,1,1,1
pysr,g0023,I.11.19_4_0,5,0,1,1,2.09616363110376e-15,1.05878276271924e-32,1,1,1,1
pysr,g0024,strogatz_predprey2,5,0,1,1,3.42851305097878e-11,6.98481114186178e-11,0.890349585214997,0.868274666572875,0.924315862563537,0.885087025370074
pysr,g0025,strogatz_barmag2,5,0,1,1,3.75908790565356e-17,5.37299554848182e-16,1,1,0.999945760409669,0.9999837281229
pysr,g0026,strogatz_barmag1,5,0,1,1,3.428722430543e-15,3.13421075316583e-15,1,1,1,1
pysr,g0027,feynman_I_12_11,5,0,1,1,1.41905841737621e-31,2.79043589634425e-32,1,1,1,1
pysr,g0028,feynman-ii.4.23,5,0,1,1,2.3747812835923e-15,2.37478087885734e-15,1,1,1,1
pysr,g0029,strogatz_vdp1,5,0,1,1,1.00000032966684e-16,9.99999978995744e-17,1,1,1,1
pysr,g0030,feynman-iii.7.38,5,0,1,1,1,1,0.142857142857143,0.142857142857143,1,0.4
pysr,g0031,II.11.27_1_0,5,0,1,1,0.0005235369186918,0.0067312490632018,0.3772180490998,0.297993167128526,0.722712913291797,0.425409090977507
pysr,g0032,feynman-i.13.12,5,0,1,1,1,1,0.142857142857143,0.142857142857143,1,0.4
pysr,g0033,feynman-iii.10.19,5,0,1,1,3.08766313943589e+38,2.44187077857279e+33,0,0,1,0.3
pysr,g0034,CRK11,5,3,1,0.4,100,100,0,0,1,0.3
pysr,g0035,feynman-i.32.5,5,0,1,1,1.33765771771592e-09,1.34187614291881e-09,0.776689642886634,0.776591969165502,0.999658396948455,0.843511897500387
pysr,g0036,CRK10,5,1,1,0.8,18427752.0285448,2850867512665.61,0,0,0,0
pysr,g0037,CRK34,5,1,1,0.8,362946.467511808,330172248964.698,0,0,0,0
pysr,g0038,PO19,5,0,1,1,7.7499892931956e-05,0.0068398567463477,0.436478492677285,0.297496642430625,0.513563525521768,0.362316707357968
pysr,g0039,CRK0,5,2,1,0.6,623019.149972675,3145116830.11826,0,0,0.0742161533326058,0.0222648459997817
pysr,g0040,feynman-i.29.16,5,0,1,1,0.0039381020862523,0.0008680788904105,0.31462235928321,0.361531486046226,1,0.553072040232358
pysr,g0041,PO41,5,0,1,1,0.0003768993931975,0.016093363216436,0.38741246869697,0.270953799062149,0.592394656559449,0.367386056311339
pysr,g0042,feynman_test_15,5,0,1,1,0.0002311118266677,0.0005166127317422,0.402584130702441,0.377631063928102,0.912664266549437,0.538141024714502
pysr,g0043,CRK33,5,2,1,0.6,100,100,0,0,1,0.3
pysr,g0044,feynman-i.15.3t,5,0,1,1,1.08536400760232e+30,9.90426150770124e+29,0,0,1,0.3
pysr,g0045,feynman-bonus.20,5,0,1,1,7.66242040175188e+68,9.74719718095063e+68,0,0,0.973871556081469,0.292161466824441
pysr,g0046,II.6.15b_3_0,5,0,1,1,0.0958446743379422,0.272765927143885,0.215602286709093,0.183157848642918,0.886444466769121,0.394143834080779
pysr,g0047,BPG5,5,0,1,1,11.2972039172604,268509.298827474,0.067644930860958,0,0,0
pysr,g0048,MatSci21,5,0,1,1,3.24496916990944e-11,2.63820337616122e-11,0.892056387501964,0.898477980587216,1,0.928934586411051
pysr,g0049,BPG3,5,0,1,1,7003712.4181935,2.93550050449015e+18,0,0,0,0
pysr,g0050,BPG9,5,0,1,1,1251123.27578737,69544521666.6636,0,0,0,0
qlattice,g0001,II.34.2_1_0,5,0,1,1,0.0010615961597315,0.0280502348769667,0.355288618655594,0.253718821275263,0.644505709267245,0.370954887672858
qlattice,g0002,first_principles_hubble,5,0,1,1,0.0558323920953129,0.099263859583655,0.232365268910175,0.214514917324638,0.937523769451472,0.431417572962689
qlattice,g0003,feynman-ii.27.18,5,0,1,1,0.0686537172638832,0.134759887707964,0.225952567347355,0.205031382826962,0.926775854179399,0.421554724232693
qlattice,g0004,Korns-4,5,0,1,1,0.0015340228231277,0.0016433866005206,0.343869155637411,0.341732875600108,0.992523019874151,0.536969918882321
qlattice,g0005,Keijzer-11,5,0,1,1,0.45681215556973,0.476940208162554,0.167161596301719,0.165824004505924,0.995318428714727,0.414672331768565
qlattice,g0006,Keijzer-2,5,0,1,1,0.195806822959295,3.14432055738551,0.193440869937251,0.107319513206788,0.698575251443899,0.284696234677922
qlattice,g0007,Korns-2,5,1,1,0.8,16.8495714753884,5.34364669599033,0.0552436528422923,0.0908687331199191,1,0.363608113183943
qlattice,g0008,Nguyen-12,5,0,1,1,4.61690622644596e-05,0.0056855334608114,0.452546353305301,0.303230627156459,0.47739496081161,0.355479927253004
qlattice,g0009,Nguyen-6,5,0,1,1,9.16463738643869e-05,0.0315798147604792,0.431277479565629,0.250042172984726,0.365676428148104,0.28473244953374
qlattice,g0010,Nguyen-9,5,0,1,1,0.0045792355488806,0.0004267705777707,0.309943358318077,0.383557537796751,1,0.568490276457726
qlattice,g0011,Vladislavleva-4,5,0,1,1,0.007181873837195,0.0135699098892537,0.295983016308799,0.276244502589679,0.930915201990196,0.472645712409834
qlattice,g0012,feynman_I_27_6,5,0,1,1,0.0014255217903217,0.0141152130355598,0.346144724267186,0.275022325916115,0.751071605839724,0.417837109893198
qlattice,g0013,feynman-i.43.31,5,0,1,1,0.585182196962704,0.713700846888864,0.159479206779711,0.153320270564427,0.978443723246539,0.40085730636906
qlattice,g0014,feynman-ii.34.11,5,0,1,1,0.0017215671560325,0.0027349534666488,0.340291145098708,0.32593214703496,0.94974350680025,0.513075554964547
qlattice,g0015,III.21.20_3_0,5,0,1,1,0.135497022022923,1.00015195227976,0.20486216069173,0.142852429498336,0.782965940823814,0.334886482895979
qlattice,g0016,feynman_II_15_4,5,0,1,1,0.0002062764980758,0.0017219756244136,0.406110732153784,0.34028378575249,0.769605688058768,0.469080356444373
qlattice,g0017,strogatz_shearflow1,5,0,1,1,0.0056131842187004,1.05526333682117,0.303627907461872,0.14118851073995,0.431462111492515,0.22827059096572
qlattice,g0018,feynman-i.18.16,5,0,1,1,0.0245170300585705,3.0402176085345,0.25789515289193,0.108363952138767,0.476640797368324,0.218847005707634
qlattice,g0019,feynman-ii.34.2a,5,0,1,1,0.0072591054558703,0.0214367135941558,0.295651206741765,0.262060128172437,0.882431225017245,0.448171457225879
qlattice,g0020,first_principles_leavitt,5,1,1,0.8,0.0002557548061874,0.0017913470399039,0.399441156871718,0.33905859068475,0.788661018709522,0.473939319092181
qlattice,g0021,feynman-i.39.22,5,0,1,1,0.0244982704400133,0.055452718026882,0.257918898244728,0.232576940139701,0.911303146634882,0.436194802088255
qlattice,g0022,feynman-i.11.19,5,0,1,1,0.287331304280364,0.336654334299657,0.181544075410698,0.176629699269979,0.982799683507539,0.418480694541247
qlattice,g0023,I.11.19_4_0,5,0,1,1,0.0195940548121419,0.0751307750561813,0.264848262956855,0.22315586649387,0.85407661238365,0.412432090260804
qlattice,g0024,strogatz_predprey2,5,0,1,1,0.0008688207547054,0.107931868789863,0.361504986646226,0.211917878804879,0.476445122679245,0.291276051967188
qlattice,g0025,strogatz_barmag2,5,0,1,1,0.0169368963754295,0.482571817580477,0.269369012114037,0.165459860334802,0.636317968778863,0.30671729286802
qlattice,g0026,strogatz_barmag1,5,0,1,1,0.0093215584460073,0.0843836070043837,0.28789367664731,0.219552993892875,0.760807610369839,0.381929378835964
qlattice,g0027,feynman_I_12_11,5,0,1,1,0.0220470156672833,0.0579709764220077,0.261189299234117,0.23119924175853,0.895034798838495,0.430349908882519
qlattice,g0028,feynman-ii.4.23,5,0,1,1,1.34997800640432e-05,3.56632756822627e-05,0.490690950492423,0.460555626375278,0.894526370588205,0.590746849639156
qlattice,g0029,strogatz_vdp1,5,0,1,1,7.28791545782364e-07,1.28870993019213e-07,0.581242619568735,0.634988916071427,1,0.744492241249999
qlattice,g0030,feynman-iii.7.38,5,5,0,0,100,100,0,0,1,0.3
qlattice,g0031,II.11.27_1_0,5,0,1,1,0.787128873541336,1.19625032178312,0.150282439748375,0.137298423742347,0.954555943978946,0.382475679813327
qlattice,g0032,feynman-i.13.12,5,0,1,1,1.01446181538399,1.01787181141171,0.142411735377449,0.142307636619227,0.999635654346223,0.399506041937326
qlattice,g0033,feynman-iii.10.19,5,0,1,1,1.00264857572656,0.999998742093384,0.142775089912177,0.142857181878732,1,0.400000027315112
qlattice,g0034,CRK11,5,0,1,1,8.52643898503511e-06,0.0083945906583845,0.504945165099602,0.291142891165314,0.251692053950815,0.279307640000964
qlattice,g0035,feynman-i.32.5,5,0,1,1,0.817321268929285,0.906715035300811,0.149114799957633,0.145894941619029,0.988730495814901,0.398745607877791
qlattice,g0036,CRK10,5,0,1,1,8.80019730328042e-06,0.0257830893714421,0.503964827908386,0.256333217571283,0.133289376153562,0.219420065145966
qlattice,g0037,CRK34,5,0,1,1,4.99308220358743e-05,1.51055267985714,0.450116520277192,0.130061723164176,0,0.0910432062149234
qlattice,g0038,PO19,5,0,1,1,0.0004368794721267,14560.3395400112,0.382831311515864,0,0,0
qlattice,g0039,CRK0,5,0,1,1,1.89491843036318e-05,0.0238391140325926,0.48017210572557,0.258764992067474,0.225075107921836,0.248658026823782
qlattice,g0040,feynman-i.29.16,5,0,1,1,0.0649391320750362,0.250609514131895,0.227678108579073,0.185785888963323,0.853377231346115,0.386063291678161
qlattice,g0041,PO41,5,0,1,1,0.00074720287323,777.697013426355,0.366182961912565,0,0,0
qlattice,g0042,feynman_test_15,5,0,1,1,0.0027677123558668,0.0319068669908884,0.325562789102471,0.249722559863801,0.73455919770048,0.395173551214805
qlattice,g0043,CRK33,5,0,1,1,6.7156170268151e-05,1.40936722517619,0.440922434174908,0.132212559445436,0,0.0925487916118052
qlattice,g0044,feynman-i.15.3t,5,0,1,1,6.76611859996328e-08,4.89301798686607e-05,0.65497574242479,0.45074451341135,0.285192300888384,0.40107884965446
qlattice,g0045,feynman-bonus.20,5,0,1,1,0.906844055745071,1.04272231983721,0.145890527814517,0.141559380723842,0.984840985182651,0.394543862061485
qlattice,g0046,II.6.15b_3_0,5,0,1,1,0.0879164838350024,0.186791818042982,0.218280692112462,0.194903010778064,0.918178115330261,0.411885542143723
qlattice,g0047,BPG5,5,0,1,1,5.1529977255193e-07,0.0087024388687698,0.591995717802289,0.290025644198705,0,0.203017950939094
qlattice,g0048,MatSci21,5,0,1,1,0.0002012945456545,0.0001438132355193,0.406869142338783,0.41730008163023,1,0.592110057141161
qlattice,g0049,BPG3,5,0,1,1,4.82967879051513e-05,73123.9831841033,0.451148696578169,0,0,0
qlattice,g0050,BPG9,5,0,1,1,8.26692628064779e-06,0.0204982447467946,0.505903995366101,0.263448808981795,0.151406860783123,0.229836224522193
ragsr,g0001,II.34.2_1_0,5,0,1,1,67511.9159053964,11510.6710136092,0,0,1,0.3
ragsr,g0002,first_principles_hubble,5,0,1,1,0.587060428306763,0.0920595479570881,0.159379799493575,0.216852225854768,1,0.451796558098337
ragsr,g0003,feynman-ii.27.18,5,0,1,1,9440.25901542946,9423.25179473412,0,0,1,0.3
ragsr,g0004,Korns-4,5,0,1,1,0.319769918889114,0.565756181671505,0.178225885230844,0.160526478005524,0.938052074711525,0.393784157017324
ragsr,g0005,Keijzer-11,5,0,1,1,29.2726932258808,31.2491772279695,0.0381098084704787,0.0360829580629801,0.992906023573755,0.323129877716212
ragsr,g0006,Keijzer-2,5,0,1,1,2.0342005285067,1.08949660541513,0.120829016942104,0.140198151325928,1,0.39813870592815
ragsr,g0007,Korns-2,5,1,1,0.8,100,100,0,0,1,0.3
ragsr,g0008,Nguyen-12,5,0,1,1,0.0008851560258719,0.0144801158610301,0.360927154982218,0.274230568797584,0.696561948468941,0.400929982698991
ragsr,g0009,Nguyen-6,5,2,1,0.6,2.70096387713582,0.375386641591514,0.112034373146855,0.173251513294772,1,0.42127605930634
ragsr,g0010,Nguyen-9,5,0,1,1,0.55751791226181,0.002009223316749,0.160981512484881,0.335497985039853,1,0.534848589527897
ragsr,g0011,Vladislavleva-4,5,0,1,1,1.03140384575277,1.05306968199908,0.141897946685032,0.141253063602989,0.997742909212849,0.398200017285947
ragsr,g0012,feynman_I_27_6,5,1,1,0.8,36.5198629770019,52.228148191748,0.0312479186152281,0.0201496694495453,0.961156127920111,0.302451606990715
ragsr,g0013,feynman-i.43.31,5,0,1,1,9.59050507453654e+35,9.59029518769572e+35,0,0,1,0.3
ragsr,g0014,feynman-ii.34.11,5,0,1,1,9.67889498262518,1.00742221389684,0.0724410158765991,0.142627748362659,1,0.399839423853861
ragsr,g0015,III.21.20_3_0,5,2,1,0.6,69365.1120904125,100,0,0,1,0.3
ragsr,g0016,feynman_II_15_4,5,0,1,1,1433.94705817659,503.934326330488,0,0,1,0.3
ragsr,g0017,strogatz_shearflow1,5,0,1,1,1052.7889926898,568.853053238799,0,0,1,0.3
ragsr,g0018,feynman-i.18.16,5,0,1,1,952142.074071115,13670799.6977884,0,0,0.710726959104441,0.213218087731332
ragsr,g0019,feynman-ii.34.2a,5,0,1,1,12583683092.3312,403139564.22781,0,0,1,0.3
ragsr,g0020,first_principles_leavitt,5,1,1,0.8,0.0103953384477906,0.0118547828627262,0.284511526178186,0.280436171166889,0.985736257461746,0.492026197055346
ragsr,g0021,feynman-i.39.22,5,0,1,1,7.82829245802702e+56,1.27178474149143e+58,0,0,0.697313358001371,0.209194007400411
ragsr,g0022,feynman-i.11.19,5,0,1,1,166751.184198684,158455.26887751,0,0,1,0.3
ragsr,g0023,I.11.19_4_0,5,0,1,1,6149.62122439383,1407.49300559323,0,0,1,0.3
ragsr,g0024,strogatz_predprey2,5,0,1,1,18137.3002534782,7858.05764636074,0,0,1,0.3
ragsr,g0025,strogatz_barmag2,5,0,1,1,15.0488703100239,4.49990973265195,0.0587497214646079,0.0961997284288143,1,0.36733980990017
ragsr,g0026,strogatz_barmag1,5,0,1,1,156.267275625571,89.9848890279886,0,0.00327360104223284,1,0.302291520729563
ragsr,g0027,feynman_I_12_11,5,0,1,1,9884.97296239148,12446.2793657883,0,0,0.974983985236427,0.292495195570928
ragsr,g0028,feynman-ii.4.23,5,0,1,1,3.91625941761968,1.21491358268761,0.100509181981421,0.136818186608257,1,0.39577273062578
ragsr,g0029,strogatz_vdp1,5,0,1,1,1911.23992159865,890.388754064873,0,0,1,0.3
ragsr,g0030,feynman-iii.7.38,5,0,1,1,98.4005874966647,1.04082520134367,0.000500164901682587,0.141615871486597,1,0.399131110040618
ragsr,g0031,II.11.27_1_0,5,1,1,0.8,0.476607347176406,1.08929959946845,0.165845661931336,0.140203761146853,0.910253347254435,0.371218636979127
ragsr,g0032,feynman-i.13.12,5,0,1,1,0.436225429139691,1.40960223705756,0.168592072960108,0.132207387121453,0.872653599564878,0.35434125085448
ragsr,g0033,feynman-iii.10.19,5,1,1,0.8,34.9806013741752,1.0000692109494,0.032583766325388,0.142854995936194,1,0.399998497155336
ragsr,g0034,CRK11,5,0,1,1,97.9972334197415,592543.971713978,0.000627584628014155,0,0.0546233077625738,0.0163869923287722
ragsr,g0035,feynman-i.32.5,5,0,1,1,1.86621514346259e+29,4.92697831360237e+27,0,0,1,0.3
ragsr,g0036,CRK10,5,0,1,1,51.0666073229691,1311959.64920975,0.02084735672211,0,0,0
ragsr,g0037,CRK34,5,0,1,1,441.861815521585,16534916.2804961,0,0,0,0
ragsr,g0038,PO19,5,0,1,1,31.3107597672645,4353742362.29755,0.0360218852812594,0,0,0
ragsr,g0039,CRK0,5,0,1,1,2.98249334204068,2460.64915132924,0.10895860836803,0,0.270882447020491,0.0812647341061472
ragsr,g0040,feynman-i.29.16,5,0,1,1,72.752359391633,38.4979100578544,0.0098680655534934,0.0296116318903534,1,0.320728142323247
ragsr,g0041,PO41,5,0,1,1,18.5254989690724,54908987.4554833,0.0523021489876114,0,0,0
ragsr,g0042,feynman_test_15,5,0,1,1,11.2981144985296,19.8135649365776,0.0676424305932131,0.050216955529631,0.939010837277467,0.316855120053982
ragsr,g0043,CRK33,5,0,1,1,224.720871819837,12494295.7803861,0,0,0,0
ragsr,g0044,feynman-i.15.3t,5,0,1,1,2.53110438434384e+20,5.70512635490329e+22,0,0,0.411761197165401,0.12352835914962
ragsr,g0045,feynman-bonus.20,5,0,1,1,0.999999937249494,0.99999999121577,0.142857144803728,0.142857143129639,0.999999994140686,0.399999998432953
ragsr,g0046,II.6.15b_3_0,5,0,1,1,3.83224447329961,5.22296713260461,0.101181913816432,0.0915773362220227,0.966383978419575,0.354019328881288
ragsr,g0047,BPG5,5,0,1,1,20401161564.4674,360598192584181,0,0,0,0
ragsr,g0048,MatSci21,5,0,1,1,1.05201655088635e+22,2.53927865311721e+21,0,0,1,0.3
ragsr,g0049,BPG3,5,0,1,1,0.0004963946451905,0.798132709149426,0.378869493718429,0.149851777894978,0.198437994836511,0.164427642977438
ragsr,g0050,BPG9,5,0,1,1,633863501.482946,3693556941212.84,0,0,0.0586377366789891,0.0175913210036967
tpsr,g0001,II.34.2_1_0,5,0,1,1,0.320471303328784,0.837373389306322,0.178157918099723,0.148362917469184,0.89571749779332,0.372569291566424
tpsr,g0002,first_principles_hubble,5,0,1,1,0.0863083471997872,0.080576677223799,0.218853371430456,0.220985046126621,1,0.454689532288634
tpsr,g0003,feynman-ii.27.18,5,0,1,1,0.764959752584171,0.825922269159562,0.151168672436779,0.148790058853074,0.991674852457042,0.401655496934264
tpsr,g0004,Korns-4,5,0,1,1,0.0015256882717004,0.0016219517368746,0.344038156590884,0.342140148063388,0.993356970157988,0.537505194691768
tpsr,g0005,Keijzer-11,5,0,1,1,3.06549299534512,3.34935222078205,0.108107119421356,0.10535994137675,0.990384876843883,0.37086742201689
tpsr,g0006,Keijzer-2,5,0,1,1,0.838938652299273,1.98549279743649,0.148304985425399,0.121580834574406,0.906465472021598,0.357046225808563
tpsr,g0007,Korns-2,5,0,1,1,1.01468711751807,1.00161188521175,0.142404846671379,0.142807180766274,1,0.399965026536392
tpsr,g0008,Nguyen-12,5,0,1,1,0.0102362303853156,0.0655405404401202,0.284989996290965,0.227392141556724,0.798407508439106,0.398696751621438
tpsr,g0009,Nguyen-6,5,0,1,1,0.0143373015237856,0.216480531260199,0.274538041509821,0.190327225353745,0.705262143460804,0.344807700785863
tpsr,g0010,Nguyen-9,5,0,1,1,0.158852340102245,0.0048135005955295,0.199929027361808,0.308395640722686,1,0.51587694850588
tpsr,g0011,Vladislavleva-4,5,0,1,1,0.137339313593025,0.143122357745073,0.20444322339236,0.203163751283873,0.995521847620324,0.440871180184808
tpsr,g0012,feynman_I_27_6,5,0,1,1,0.0099348892943144,0.167409409723406,0.285916926280264,0.198301438206894,0.693345791753487,0.346814744270872
tpsr,g0013,feynman-i.43.31,5,0,1,1,0.653522890592643,0.64775868476438,0.156052799715659,0.156327625395728,1,0.40942933777701
tpsr,g0014,feynman-ii.34.11,5,0,1,1,1.00060679561985,1.00001569518662,0.14283832513801,0.142856655980039,1,0.399999659186028
tpsr,g0015,III.21.20_3_0,5,0,1,1,0.848169503474305,0.999993245421506,0.1479655247826,0.142857352391862,0.982121396632439,0.394636565664035
tpsr,g0016,feynman_II_15_4,5,0,1,1,0.586933220344066,2.31134254190128,0.159386522055676,0.11686683479521,0.851181094588505,0.337161112733198
tpsr,g0017,strogatz_shearflow1,5,0,1,1,0.23723733711602,4.43100863795906,0.187486925669604,0.0966783859527941,0.6821701109916,0.272325903464436
tpsr,g0018,feynman-i.18.16,5,0,1,1,1.00000092744195,0.999999984016751,0.142857114086947,0.14285714335296,1,0.400000000347072
tpsr,g0019,feynman-ii.34.2a,5,0,1,1,0.579377934726226,2.79668171925323,0.159788432047974,0.11095406831289,0.829079726927355,0.32639176589723
tpsr,g0020,first_principles_leavitt,5,0,1,1,0.0002767494548776,0.0014680986436184,0.396993801849454,0.345231768755772,0.818832884490474,0.487312103476182
tpsr,g0021,feynman-i.39.22,5,0,1,1,0.929953113541201,0.973579366417492,0.145109924799423,0.143687759922367,0.995022422930311,0.399088158824751
tpsr,g0022,feynman-i.11.19,5,0,1,1,1.00188400879299,1.00016245691671,0.142798753940886,0.142852103684851,1,0.399996472579396
tpsr,g0023,I.11.19_4_0,5,0,1,1,0.323327541097435,0.36131281752768,0.177882664323688,0.174436902258248,0.987939832770996,0.418487781412072
tpsr,g0024,strogatz_predprey2,5,1,1,0.8,0.872619322589416,0.958163666725865,0.147083941040754,0.144182878677143,0.989846281727373,0.397881899592212
tpsr,g0025,strogatz_barmag2,5,0,1,1,1.0583439411996,1.01390708519485,0.141098083721529,0.14242870300569,1,0.399700092103983
tpsr,g0026,strogatz_barmag1,5,0,1,1,0.554352593354875,0.739783667448029,0.1611581368877,0.15220680435988,0.968670336152681,0.397145863897721
tpsr,g0027,feynman_I_12_11,5,0,1,1,0.829174085231086,0.927297528664283,0.14866816283437,0.145198635546529,0.98785665449257,0.397996041230341
tpsr,g0028,feynman-ii.4.23,5,0,1,1,0.0004563113763275,0.0005582108252512,0.381481335976389,0.37522869611393,0.978115760524828,0.556094815437199
tpsr,g0029,strogatz_vdp1,5,0,1,1,1.01512353676118,0.99360706155145,0.142391507322171,0.143056095045124,1,0.400139266531587
tpsr,g0030,feynman-iii.7.38,5,0,1,1,1.00359027611697,0.999999712443363,0.142745968232728,0.142857151777449,1,0.400000006244214
tpsr,g0031,II.11.27_1_0,5,0,1,1,0.998227692289062,1.00020694627799,0.142912170452982,0.142850723833703,0.999784936832524,0.39993098773335
tpsr,g0032,feynman-i.13.12,5,0,1,1,10.8083176112231,4.76301612352784,0.0690172786929397,0.0944369963095434,1,0.36610589741668
tpsr,g0033,feynman-iii.10.19,5,0,1,1,2.52875284781926e+49,1.69273536066282e+43,0,0,1,0.3
tpsr,g0034,CRK11,5,0,1,1,0.988187710185249,11.3375632139244,0.143225753686591,0.0675343056046327,0.735079931713246,0.267797993437217
tpsr,g0035,feynman-i.32.5,5,0,1,1,0.784218501310268,0.891943848321901,0.150397351144598,0.146404463246961,0.986024892358287,0.398290591980358
tpsr,g0036,CRK10,5,0,1,1,0.91878262478412,2835.79155439199,0.145484801885566,0,0.127634617212264,0.0382903851636791
tpsr,g0037,CRK34,5,0,1,1,0.922765124894376,1810.77181872687,0.14535063054451,0,0.176806861370506,0.0530420584111518
tpsr,g0038,PO19,5,0,1,1,0.0809778144708905,26.4823259036307,0.220830996334602,0.0412174195795219,0.371352481358555,0.140257938113232
tpsr,g0039,CRK0,5,0,1,1,0.871896786429389,86.5883246915813,0.147109637358783,0.00446719021374975,0.500751434992506,0.153352463647376
tpsr,g0040,feynman-i.29.16,5,0,1,1,0.198945629592701,0.308311640465344,0.192947542637704,0.179357862710807,0.952436120256056,0.411281339974382
tpsr,g0041,PO41,5,0,1,1,0.0355457748290927,5.98920116635271,0.246372286753817,0.0873307928221857,0.443354771242329,0.194137986348229
tpsr,g0042,feynman_test_15,5,0,1,1,0.1468259364357,0.421616454398727,0.202371230043249,0.169648746305818,0.885471306919475,0.384395514489915
tpsr,g0043,CRK33,5,0,1,1,0.573294758331665,1.57277907263456,0.160115859213404,0.128809448441913,0.890427562299905,0.357294882599311
tpsr,g0044,feynman-i.15.3t,5,0,1,1,135250172212840,1.72901236768735e+17,0,0,0.223334931738312,0.0670004795214936
tpsr,g0045,feynman-bonus.20,5,0,1,1,4.26590098772299e+15,25986408562471.1,0,0,1,0.3
tpsr,g0046,II.6.15b_3_0,5,0,1,1,0.377099262194831,0.0518756901414041,0.173110308378768,0.234645436606757,1,0.46425180562473
tpsr,g0047,BPG5,5,0,1,1,0.84510443078368,1266.76632990041,0.148077830095245,0,0.206053466793191,0.0618160400379572
tpsr,g0048,MatSci21,5,0,1,1,0.516311007861719,0.392885100366134,0.163363472543023,0.171838174350309,1,0.420286722045216
tpsr,g0049,BPG3,5,0,1,1,0.14446247943921,31780206.2902784,0.202874638251883,0,0,0
tpsr,g0050,BPG9,5,0,1,1,0.744191200912618,326.541658032779,0.15202253351773,0,0.339436484294739,0.101830945288422
udsr,g0001,II.34.2_1_0,5,0,1,1,2.56153937115121e-15,1.27965322124978e-32,1,1,1,1
udsr,g0002,first_principles_hubble,5,0,1,1,0.0788364035216079,0.105178019714255,0.221662371160269,0.212719643594091,0.968700453518721,0.43951388657148
udsr,g0003,feynman-ii.27.18,5,0,1,1,3.93170746840247e-14,8.3288748688419e-14,1,1,0.995500957446134,0.99865028723384
udsr,g0004,Korns-4,5,0,1,1,4.5488155723012e-18,4.84370411351001e-18,1,1,0.999999967983034,0.99999999039491
udsr,g0005,Keijzer-11,5,0,1,1,1.95384721434864,3.13600092996537,0.122079242854426,0.107401701228552,0.948628604309461,0.359769772152825
udsr,g0006,Keijzer-2,5,0,1,1,0.381835766743412,0.999653772125448,0.172723099532855,0.14286788506369,0.895506749358097,0.368659544352012
udsr,g0007,Korns-2,5,0,1,1,4.96025968110328e-13,4.95910186006079e-13,1,1,1,1
udsr,g0008,Nguyen-12,5,0,1,1,7.79390083238189e-08,5.56641951762818e-05,0.650588937454361,0.446744576129996,0.286546126464063,0.398685041230216
udsr,g0009,Nguyen-6,5,0,1,1,1.04457063150724e-16,4.20189411812105e-17,1,1,1,1
udsr,g0010,Nguyen-9,5,0,1,1,2.67661614956039e-06,4.34864459248273e-07,0.540886707572795,0.597260434646623,1,0.718082304252636
udsr,g0011,Vladislavleva-4,5,0,1,1,1.56901683439192e-13,8.9545264766929e-12,1,0.931996955363241,0.766318961742932,0.882293557277148
udsr,g0012,feynman_I_27_6,5,0,1,1,2.32898955621495e-05,0.0008456879320413,0.473773747067752,0.362342133338759,0.609989356481972,0.436636300281723
udsr,g0013,feynman-i.43.31,5,0,1,1,8.62746651999632e-18,8.62746667738562e-18,1,1,0.999999999999983,0.999999999999995
udsr,g0014,feynman-ii.34.11,5,0,1,1,0.983921486619197,1.07180384210097,0.143359968236934,0.140706049319419,0.990711283788704,0.395707619660204
udsr,g0015,III.21.20_3_0,5,0,1,1,9.61490658468954e-15,4.54398168108782e-15,1,1,1,1
udsr,g0016,feynman_II_15_4,5,0,1,1,2.50226117777358e-31,5.90860695708423e-32,1,1,1,1
udsr,g0017,strogatz_shearflow1,5,0,1,1,3.74130099103694e-18,3.09143597013589e-17,1,1,0.999997049773757,0.999999114932127
udsr,g0018,feynman-i.18.16,5,0,1,1,0.559477239224224,0.679583767234671,0.160872684059974,0.15483978595589,0.97888485663574,0.402053307159845
udsr,g0019,feynman-ii.34.2a,5,0,1,1,3.02267995488548e-15,1.27852133573685e-13,1,1,0.987264646946162,0.996179394083849
udsr,g0020,first_principles_leavitt,5,0,1,1,0.0002835486345306,0.0008356005308615,0.396240888555768,0.362714378055859,0.882657213503296,0.51869722869009
udsr,g0021,feynman-i.39.22,5,0,1,1,0.599448374089698,0.608400644943707,0.158732015244395,0.158272166731342,0.998390530204318,0.410307675773235
udsr,g0022,feynman-i.11.19,5,0,1,1,0.687436111895885,0.647770432607079,0.154483404111172,0.156327062798982,1,0.409428943959287
udsr,g0023,I.11.19_4_0,5,0,1,1,7.51545115128533e-15,2.66704180743476e-15,1,1,1,1
udsr,g0024,strogatz_predprey2,5,0,1,1,1.38074731490654e-29,2.84332559382392e-12,1,0.967583814692616,0.853823205496502,0.933455631933781
udsr,g0025,strogatz_barmag2,5,0,1,1,0.0003750526703274,96.6454385118256,0.387564838433488,0.00105847421842975,0,0.000740931952900825
udsr,g0026,strogatz_barmag1,5,0,1,1,0.0002102758576891,58.1310807471401,0.405515041922541,0.0168279716256531,0,0.0117795801379572
udsr,g0027,feynman_I_12_11,5,0,1,1,0.0026837423273034,0.101721180569666,0.326518513155856,0.213756329148033,0.605332356012007,0.331229137207225
udsr,g0028,feynman-ii.4.23,5,0,1,1,7.35803701418299e-14,7.35803678985356e-14,1,1,1,1
udsr,g0029,strogatz_vdp1,5,0,1,1,2.33039014683334e-12,1.05538976374406e-12,0.97375509747323,0.998327651598089,1,0.998829356118662
udsr,g0030,feynman-iii.7.38,5,0,1,1,5.36040819853897e-12,5.36040821077836e-12,0.947914438374518,0.947914438303688,0.999999999791071,0.963540106749903
udsr,g0031,II.11.27_1_0,5,0,1,1,1.03553815216845e-13,2.68234774328726e-13,1,1,0.984898464851988,0.995469539455596
udsr,g0032,feynman-i.13.12,5,0,1,1,208.605175220854,24.9018441802702,0,0.0431263206243806,1,0.330188424437066
udsr,g0033,feynman-iii.10.19,5,0,1,1,1.81303340233414e-15,3.53916654342395e-17,1,1,1,1
udsr,g0034,CRK11,5,0,1,1,1.94515234247774e-08,0.0001114898554034,0.693646169962594,0.425197474842681,0.0604351477170801,0.315768776705
udsr,g0035,feynman-i.32.5,5,0,1,1,0.0804345003995369,0.0804344890080325,0.221039830811396,0.221039835204738,1,0.454727884643317
udsr,g0036,CRK10,5,0,1,1,2.45178322293318e-09,6.34191609628188e-05,0.75789413793377,0.442698536285602,0,0.309888975399922
udsr,g0037,CRK34,5,0,1,1,1.81158014865746e-10,4.82136909447784e-06,0.838710174783805,0.522630687165691,0,0.365841481015984
udsr,g0038,PO19,5,0,1,1,9.94732981461572e-05,4808.55929145964,0.42873524873645,0,0,0
udsr,g0039,CRK0,5,0,1,1,7.85784105252357e-09,9.23762371556267e-06,0.721764054306615,0.502459980874073,0.232449547586534,0.421456850887811
udsr,g0040,feynman-i.29.16,5,0,1,1,0.043307364055704,0.0885831215050122,0.240245589229741,0.218046358574932,0.922302692709449,0.429323258815287
udsr,g0041,PO41,5,0,1,1,6.23172424493707e-05,19.3283536142577,0.443242269466379,0.0509860812516542,0,0.0356902568761579
udsr,g0042,feynman_test_15,5,0,1,1,0.0016145471110272,0.0066209903172696,0.342282091295786,0.298505503374515,0.846781942326399,0.46298843506008
udsr,g0043,CRK33,5,0,1,1,9.21568245216265e-10,3.63137018233802e-05,0.788248035592325,0.459994962628265,0,0.321996473839786
udsr,g0044,feynman-i.15.3t,5,0,1,1,1.53691471616034e-08,4.86620317466211e-05,0.700953587925526,0.450914983019922,0.124871944757506,0.353102071541197
udsr,g0045,feynman-bonus.20,5,0,1,1,0.465975604896074,0.736420255329152,0.166545487087493,0.152348162477209,0.95030936386409,0.391736522893273
udsr,g0046,II.6.15b_3_0,5,0,1,1,0.0552357428577816,0.301704577670734,0.232698557203605,0.180029864311319,0.815659574878605,0.370718777481505
udsr,g0047,BPG5,5,0,1,1,2.2858624096864e-10,1.4483423563818e-06,0.831496422439096,0.559937769164945,0.0500185814567305,0.406962012852481
udsr,g0048,MatSci21,5,0,1,1,3.00089085082437e-06,4.51950002097392e-06,0.537339271468481,0.52463640051825,0.955539963831282,0.65390746951216
udsr,g0049,BPG3,5,0,1,1,1.27280177687754e-11,6.20362636669151e-12,0.921088516219298,0.943382454774987,1,0.960367718342491
udsr,g0050,BPG9,5,0,1,1,1.30503274528576e-09,7.18155590692893e-06,0.777455613647868,0.510270103877344,0.0649338649149868,0.376669232188637
