algorithm,gid,dataset,n_runs,n_penalized_runs,valid_rate,metric_complete_rate,median_id_nmse,median_ood_nmse,q_id,q_ood,ood_retention,q_ood_g_w070,failure_retention_case
drsr,g0033,feynman-iii.10.19,5,0,1,1,2.67347184115361e+18,2.84447102282004e+16,0,0,1,0.3,True
drsr,g0044,feynman-i.15.3t,5,0,1,1,1.08550214785125e+30,9.90552207755668e+29,0,0,1,0.3,True
dso,g0005,Keijzer-11,5,3,1,0.4,100,100,0,0,1,0.3,True
e2esr,g0003,feynman-ii.27.18,5,4,1,0.2,100,100,0,0,1,0.3,True
e2esr,g0013,feynman-i.43.31,5,4,1,0.2,100,100,0,0,1,0.3,True
e2esr,g0014,feynman-ii.34.11,5,5,1,0,100,100,0,0,1,0.3,True
e2esr,g0018,feynman-i.18.16,5,3,1,0.4,100,100,0,0,1,0.3,True
e2esr,g0019,feynman-ii.34.2a,5,4,1,0.2,100,100,0,0,1,0.3,True
e2esr,g0021,feynman-i.39.22,5,4,1,0.2,100,100,0,0,1,0.3,True
e2esr,g0022,feynman-i.11.19,5,5,1,0,100,100,0,0,1,0.3,True
e2esr,g0032,feynman-i.13.12,5,0,1,1,35492359817.8389,31923226575.1068,0,0,1,0.3,True
e2esr,g0033,feynman-iii.10.19,5,4,1,0.2,100,100,0,0,1,0.3,True
e2esr,g0035,feynman-i.32.5,5,5,1,0,100,100,0,0,1,0.3,True
e2esr,g0044,feynman-i.15.3t,5,5,1,0,100,100,0,0,1,0.3,True
e2esr,g0045,feynman-bonus.20,5,5,1,0,100,100,0,0,1,0.3,True
imcts,g0033,feynman-iii.10.19,5,0,1,1,7.8276436668783e+35,1.13274672992889e+32,0,0,1,0.3,True
imcts,g0037,CRK34,5,3,1,0.4,100,100,0,0,1,0.3,True
imcts,g0044,feynman-i.15.3t,5,0,1,1,1.08550201257113e+30,9.90552084308631e+29,0,0,1,0.3,True
llmsr,g0033,feynman-iii.10.19,5,0,1,1,1.55451232940586e+17,4.6698102517463e+15,0,0,1,0.3,True
pyoperon,g0003,feynman-ii.27.18,5,5,1,0,100,100,0,0,1,0.3,True
pyoperon,g0013,feynman-i.43.31,5,5,1,0,100,100,0,0,1,0.3,True
pyoperon,g0032,feynman-i.13.12,5,5,1,0,100,100,0,0,1,0.3,True
pyoperon,g0033,feynman-iii.10.19,5,5,0.6,0,100,100,0,0,1,0.3,True
pyoperon,g0035,feynman-i.32.5,5,4,1,0.2,100,100,0,0,1,0.3,True
pyoperon,g0045,feynman-bonus.20,5,5,0.6,0,100,100,0,0,1,0.3,True
pysr,g0033,feynman-iii.10.19,5,0,1,1,3.08766313943589e+38,2.44187077857279e+33,0,0,1,0.3,True
pysr,g0034,CRK11,5,3,1,0.4,100,100,0,0,1,0.3,True
pysr,g0043,CRK33,5,2,1,0.6,100,100,0,0,1,0.3,True
pysr,g0044,feynman-i.15.3t,5,0,1,1,1.08536400760232e+30,9.90426150770124e+29,0,0,1,0.3,True
qlattice,g0030,feynman-iii.7.38,5,5,0,0,100,100,0,0,1,0.3,True
ragsr,g0001,II.34.2_1_0,5,0,1,1,67511.9159053964,11510.6710136092,0,0,1,0.3,True
ragsr,g0003,feynman-ii.27.18,5,0,1,1,9440.25901542946,9423.25179473412,0,0,1,0.3,True
ragsr,g0007,Korns-2,5,1,1,0.8,100,100,0,0,1,0.3,True
ragsr,g0013,feynman-i.43.31,5,0,1,1,9.59050507453654e+35,9.59029518769572e+35,0,0,1,0.3,True
ragsr,g0015,III.21.20_3_0,5,2,1,0.6,69365.1120904125,100,0,0,1,0.3,True
ragsr,g0016,feynman_II_15_4,5,0,1,1,1433.94705817659,503.934326330488,0,0,1,0.3,True
ragsr,g0017,strogatz_shearflow1,5,0,1,1,1052.7889926898,568.853053238799,0,0,1,0.3,True
ragsr,g0019,feynman-ii.34.2a,5,0,1,1,12583683092.3312,403139564.22781,0,0,1,0.3,True
ragsr,g0022,feynman-i.11.19,5,0,1,1,166751.184198684,158455.26887751,0,0,1,0.3,True
ragsr,g0023,I.11.19_4_0,5,0,1,1,6149.62122439383,1407.49300559323,0,0,1,0.3,True
ragsr,g0024,strogatz_predprey2,5,0,1,1,18137.3002534782,7858.05764636074,0,0,1,0.3,True
ragsr,g0029,strogatz_vdp1,5,0,1,1,1911.23992159865,890.388754064873,0,0,1,0.3,True
ragsr,g0035,feynman-i.32.5,5,0,1,1,1.86621514346259e+29,4.92697831360237e+27,0,0,1,0.3,True
ragsr,g0048,MatSci21,5,0,1,1,1.05201655088635e+22,2.53927865311721e+21,0,0,1,0.3,True
tpsr,g0033,feynman-iii.10.19,5,0,1,1,2.52875284781926e+49,1.69273536066282e+43,0,0,1,0.3,True
tpsr,g0045,feynman-bonus.20,5,0,1,1,4.26590098772299e+15,25986408562471.1,0,0,1,0.3,True
