weight,ood_nmse_factor_threshold,gid,dataset,ood_better_algorithm,retention_favored_algorithm,better_ood_nmse,worse_ood_nmse,ood_nmse_ratio,better_task_OOD_G_component,worse_task_OOD_G_component,changes_algorithm_level_pair_order,both_algorithms_in_current_top5
0.7,10,g0001,II.34.2_1_0,qlattice,tpsr,0.0280502348769667,0.837373389306322,29.852633781868,0.370954887672858,0.372569291566424,False,False
0.7,10,g0007,Korns-2,e2esr,drsr,0.0824795817923251,1.11070552920711,13.4664301765166,0.361653236769322,0.397720053308208,True,False
0.7,10,g0007,Korns-2,e2esr,llmsr,0.0824795817923251,1.13999381507194,13.8215275864214,0.361653236769322,0.397154875244028,True,False
0.7,10,g0007,Korns-2,e2esr,pyoperon,0.0824795817923251,4.4123746050284,53.4965685942224,0.361653236769322,0.367766381180694,False,False
0.7,10,g0007,Korns-2,e2esr,pysr,0.0824795817923251,5.22899126721896,63.3974027696044,0.361653236769322,0.364079104173595,True,False
0.7,10,g0007,Korns-2,e2esr,qlattice,0.0824795817923251,5.34364669599033,64.7875095848725,0.361653236769322,0.363608113183943,True,False
0.7,10,g0007,Korns-2,e2esr,tpsr,0.0824795817923251,1.00161188521175,12.1437556233318,0.361653236769322,0.399965026536392,True,False
0.7,10,g0008,Nguyen-12,qlattice,dso,0.0056855334608114,0.105819767371198,18.6121087991071,0.355479927253004,0.385682280884483,True,False
0.7,10,g0008,Nguyen-12,udsr,e2esr,5.56641951762818e-05,0.0283100539000751,508.586413633291,0.398685041230216,0.40548537166076,False,False
0.7,10,g0008,Nguyen-12,udsr,gplearn,5.56641951762818e-05,0.0480886756836304,863.906765712368,0.398685041230216,0.423995749704562,False,False
0.7,10,g0008,Nguyen-12,udsr,llmsr,5.56641951762818e-05,0.0008130012557412,14.6054611866939,0.398685041230216,0.450813639554727,False,False
0.7,10,g0008,Nguyen-12,qlattice,pyoperon,0.0056855334608114,0.0694095242439156,12.2080935256341,0.355479927253004,0.409679386040947,False,False
0.7,10,g0008,Nguyen-12,udsr,pyoperon,5.56641951762818e-05,0.0694095242439156,1246.9330200171,0.398685041230216,0.409679386040947,False,False
0.7,10,g0008,Nguyen-12,qlattice,tpsr,0.0056855334608114,0.0655405404401202,11.5275973453227,0.355479927253004,0.398696751621438,False,False
0.7,10,g0008,Nguyen-12,udsr,ragsr,5.56641951762818e-05,0.0144801158610301,260.133386569947,0.398685041230216,0.400929982698991,False,False
0.7,10,g0008,Nguyen-12,udsr,tpsr,5.56641951762818e-05,0.0655405404401202,1177.42723228341,0.398685041230216,0.398696751621438,False,False
0.7,10,g0009,Nguyen-6,drsr,e2esr,0.0039252870772063,0.0924740727895467,23.5585502278227,0.220306428774123,0.296499888077463,False,False
0.7,10,g0009,Nguyen-6,drsr,gplearn,0.0039252870772063,0.0396409605450448,10.0988691416066,0.220306428774123,0.2390316722763,False,False
0.7,10,g0009,Nguyen-6,drsr,pyoperon,0.0039252870772063,0.0574065288666411,14.6247975559213,0.220306428774123,0.321343223831603,False,False
0.7,10,g0009,Nguyen-6,drsr,ragsr,0.0039252870772063,0.375386641591514,95.6329140043562,0.220306428774123,0.421276059306341,False,False
0.7,10,g0009,Nguyen-6,drsr,tpsr,0.0039252870772063,0.216480531260199,55.1502417398021,0.220306428774123,0.344807700785863,False,False
0.7,10,g0009,Nguyen-6,llmsr,e2esr,0.0041162410058899,0.0924740727895467,22.4656604498523,0.219274960261274,0.296499888077463,False,False
0.7,10,g0009,Nguyen-6,llmsr,pyoperon,0.0041162410058899,0.0574065288666411,13.9463478381252,0.219274960261274,0.321343223831603,False,False
0.7,10,g0009,Nguyen-6,llmsr,ragsr,0.0041162410058899,0.375386641591514,91.1964680795364,0.219274960261274,0.421276059306341,False,False
0.7,10,g0009,Nguyen-6,llmsr,tpsr,0.0041162410058899,0.216480531260199,52.5918018159886,0.219274960261274,0.344807700785863,False,False
0.7,10,g0009,Nguyen-6,qlattice,ragsr,0.0315798147604792,0.375386641591514,11.8869171471648,0.28473244953374,0.421276059306341,False,False
0.7,10,g0015,III.21.20_3_0,e2esr,ragsr,1.03446668492677,100,96.668168687311,0.217280942110327,0.3,False,False
0.7,10,g0015,III.21.20_3_0,gplearn,ragsr,0.995630338095026,100,100.43888396494,0.100095093918433,0.3,False,False
0.7,10,g0017,strogatz_shearflow1,gplearn,ragsr,3.79409884321842,568.853053238799,149.93100515961,0.269936860366053,0.3,False,False
0.7,10,g0017,strogatz_shearflow1,qlattice,ragsr,1.05526333682117,568.853053238799,539.062652315629,0.22827059096572,0.3,False,False
0.7,10,g0017,strogatz_shearflow1,tpsr,ragsr,4.43100863795906,568.853053238799,128.380037079027,0.272325903464436,0.3,False,False
0.7,10,g0018,feynman-i.18.16,qlattice,e2esr,3.0402176085345,100,32.8923823476478,0.218847005707634,0.3,False,False
0.7,10,g0024,strogatz_predprey2,llmsr,ragsr,0.12068779996078,7858.05764636074,65110.6213623022,0.280619999539007,0.3,False,False
0.7,10,g0024,strogatz_predprey2,qlattice,ragsr,0.107931868789863,7858.05764636074,72805.722113337,0.291276051967189,0.3,False,False
0.7,10,g0031,II.11.27_1_0,imcts,qlattice,0.108328561884086,1.19625032178312,11.0427970330955,0.358520332749685,0.382475679813327,False,False
0.7,10,g0031,II.11.27_1_0,imcts,ragsr,0.108328561884086,1.08929959946845,10.0555161124078,0.358520332749685,0.371218636979127,False,False
0.7,10,g0032,feynman-i.13.12,llmsr,e2esr,8299.7131660553,31923226575.1068,3846304.79829935,0.28359894243554,0.3,False,False
0.7,10,g0034,CRK11,llmsr,dso,0.0164810728415563,1,60.6756616850129,0.189150726057908,0.236344956893834,True,False
0.7,10,g0034,CRK11,dso,pysr,1,100,99.999999999901,0.236344956893834,0.3,True,True
0.7,10,g0034,CRK11,dso,tpsr,1,11.3375632139244,11.337563213914,0.236344956893834,0.267797993437217,False,False
0.7,10,g0034,CRK11,llmsr,e2esr,0.0164810728415563,6.46922174316876,392.524309853505,0.189150726057908,0.290590231942222,False,False
0.7,10,g0034,CRK11,e2esr,pysr,6.46922174316876,100,15.4578099143968,0.290590231942222,0.3,True,False
0.7,10,g0034,CRK11,qlattice,e2esr,0.0083945906583845,6.46922174316876,770.641715083233,0.279307640000964,0.290590231942222,False,False
0.7,10,g0034,CRK11,llmsr,gplearn,0.0164810728415563,1.24319617790425,75.4317506986045,0.189150726057908,0.359826418836961,False,False
0.7,10,g0034,CRK11,qlattice,gplearn,0.0083945906583845,1.24319617790425,148.094913540001,0.279307640000964,0.359826418836961,True,False
0.7,10,g0034,CRK11,udsr,gplearn,0.0001114898554034,1.24319617790425,11150.755934307,0.315768776705,0.359826418836961,False,False
0.7,10,g0034,CRK11,llmsr,pysr,0.0164810728415563,100,6067.56616849528,0.189150726057908,0.3,True,False
0.7,10,g0034,CRK11,llmsr,tpsr,0.0164810728415563,11.3375632139244,687.914149899896,0.189150726057908,0.267797993437217,False,False
0.7,10,g0034,CRK11,pyoperon,pysr,3.65282184662502,100,27.3760955772774,0.08792817706976,0.3,True,False
0.7,10,g0034,CRK11,qlattice,pysr,0.0083945906583845,100,11912.4331438614,0.279307640000964,0.3,True,False
0.7,10,g0036,CRK10,llmsr,dso,0.0231196118417927,0.563424708253078,24.369989949884,0.181800973080877,0.306453351860126,True,False
0.7,10,g0036,CRK10,qlattice,dso,0.0257830893714421,0.563424708253078,21.8524902161758,0.219420065145966,0.306453351860126,True,False
0.7,10,g0036,CRK10,llmsr,gplearn,0.0231196118417927,1.7607855899634,76.1598249113038,0.181800973080877,0.295475533389627,False,False
0.7,10,g0036,CRK10,qlattice,gplearn,0.0257830893714421,1.7607855899634,68.2922656990201,0.219420065145966,0.295475533389627,True,False
0.7,10,g0036,CRK10,pyoperon,imcts,16.8218194547128,298907853.033832,17769056.0666475,0.0387063516266459,0.113463903661395,True,False
0.7,10,g0036,CRK10,ragsr,imcts,1311959.64920975,298907853.033832,227.833114542721,0,0.113463903661395,True,False
0.7,10,g0036,CRK10,tpsr,imcts,2835.79155439199,298907853.033832,105405.438763964,0.0382903851636791,0.113463903661395,True,False
0.7,10,g0037,CRK34,dso,imcts,1,100,99.999999999901,0.22280270675991,0.3,True,True
0.7,10,g0037,CRK34,llmsr,dso,0.011227163688577,1,89.0696909433478,0.197486497271436,0.22280270675991,True,False
0.7,10,g0037,CRK34,qlattice,gplearn,1.51055267985714,36.7403641353458,24.3224646351277,0.0910432062149234,0.0954934536994516,True,False
0.7,10,g0037,CRK34,llmsr,imcts,0.011227163688577,100,8906.96909432596,0.197486497271436,0.3,True,False
0.7,10,g0037,CRK34,pyoperon,imcts,8.9345367921885,100,11.1925220440549,0.0524463979207102,0.3,True,False
0.7,10,g0037,CRK34,qlattice,imcts,1.51055267985714,100,66.2009351500356,0.0910432062149234,0.3,True,False
0.7,10,g0037,CRK34,pyoperon,tpsr,8.9345367921885,1810.77181872687,202.671034978537,0.0524463979207102,0.0530420584111518,True,False
0.7,10,g0038,PO19,pysr,dso,0.0068398567463477,0.221220223685255,32.3428153333822,0.362316707357968,0.38149420441068,False,True
0.7,10,g0039,CRK0,qlattice,dso,0.0238391140325926,0.999999999833033,41.9478676273328,0.248658026823782,0.286753527774132,True,False
0.7,10,g0039,CRK0,qlattice,gplearn,0.0238391140325926,1,41.9478676343367,0.248658026823782,0.4,True,False
0.7,10,g0039,CRK0,pyoperon,tpsr,2.79748384776817,86.5883246915813,30.9522161354502,0.140352949205635,0.153352463647376,True,False
0.7,10,g0041,PO41,pysr,dso,0.016093363216436,0.245738766710675,15.2695718969068,0.367386056311339,0.395199451572673,False,True
0.7,10,g0043,CRK33,llmsr,gplearn,0.0049353445733395,1.76063666260982,356.740372650972,0.215334126029394,0.266422764408308,False,False
0.7,10,g0043,CRK33,gplearn,pysr,1.76063666260982,100,56.797635834592,0.266422764408308,0.3,True,False
0.7,10,g0043,CRK33,llmsr,pysr,0.0049353445733395,100,20262.0097733265,0.215334126029394,0.3,True,False
0.7,10,g0043,CRK33,llmsr,tpsr,0.0049353445733395,1.57277907263456,318.676649410248,0.215334126029394,0.357294882599311,False,False
0.7,10,g0043,CRK33,pyoperon,pysr,9.72520267171188,100,10.2825620581528,0.0506050669639228,0.3,True,False
0.7,10,g0043,CRK33,qlattice,pysr,1.40936722517619,100,70.9538282241726,0.0925487916118052,0.3,True,False
0.7,10,g0043,CRK33,udsr,tpsr,3.63137018233802e-05,1.57277907263456,43310.8978251302,0.321996473839786,0.357294882599311,False,False
0.7,10,g0044,feynman-i.15.3t,ragsr,drsr,5.70512635490329e+22,9.90552207755668e+29,17362493.7667565,0.12352835914962,0.3,True,False
0.7,10,g0044,feynman-i.15.3t,tpsr,drsr,1.72901236768735e+17,9.90552207755668e+29,5729005912667.85,0.0670004795214936,0.3,True,False
0.7,10,g0044,feynman-i.15.3t,ragsr,imcts,5.70512635490329e+22,9.90552084308631e+29,17362491.6029651,0.12352835914962,0.3,True,False
0.7,10,g0044,feynman-i.15.3t,tpsr,imcts,1.72901236768735e+17,9.90552084308631e+29,5729005198693.56,0.0670004795214936,0.3,True,False
0.7,10,g0044,feynman-i.15.3t,ragsr,pysr,5.70512635490329e+22,9.90426150770124e+29,17360284.2278664,0.12352835914962,0.3,True,False
0.7,10,g0044,feynman-i.15.3t,tpsr,pysr,1.72901236768735e+17,9.90426150770124e+29,5728276843356.95,0.0670004795214936,0.3,True,False
0.7,10,g0044,feynman-i.15.3t,tpsr,ragsr,1.72901236768735e+17,5.70512635490329e+22,329964.46188145,0.0670004795214936,0.12352835914962,False,False
0.7,10,g0045,feynman-bonus.20,drsr,pysr,4.64275108076392e+39,9.74719718095063e+68,2.09944427590264e+29,0.136754052818875,0.292161466824441,True,True
0.7,10,g0045,feynman-bonus.20,imcts,pysr,2.09005806779557e+65,9.74719718095063e+68,4663.60113680058,0,0.292161466824441,False,True
0.7,10,g0047,BPG5,qlattice,dso,0.0087024388687698,1,114.910315943127,0.203017950939094,0.232398419778123,True,False
0.7,10,g0047,BPG5,qlattice,e2esr,0.0087024388687698,5.40970680191863,621.631117767648,0.203017950939094,0.289199796841607,False,False
0.7,10,g0049,BPG3,llmsr,e2esr,2.73737203714654,732.360611418832,267.54149654498,0.0781333086735285,0.0851459754892972,False,False
0.7,10,g0050,BPG9,udsr,drsr,7.18155590692893e-06,0.000114950270231,16.0063162794259,0.376669232188637,0.38872296792841,False,True
0.7,10,g0050,BPG9,llmsr,dso,0.0809679557431269,1,12.3505649958754,0.204838336432092,0.34053098327681,True,False
0.7,10,g0050,BPG9,qlattice,dso,0.0204982447467946,1,48.784664848369,0.229836224522193,0.34053098327681,True,False
0.7,10,g0050,BPG9,llmsr,e2esr,0.0809679557431269,2.51010929354412,31.0012679766489,0.204838336432092,0.33745338291571,False,False
0.7,10,g0050,BPG9,qlattice,e2esr,0.0204982447467946,2.51010929354412,122.454840618253,0.229836224522193,0.33745338291571,False,False
0.7,10,g0050,BPG9,llmsr,gplearn,0.0809679557431269,1,12.3505649958754,0.204838336432092,0.378183275396069,False,False
0.7,10,g0050,BPG9,qlattice,gplearn,0.0204982447467946,1,48.784664848369,0.229836224522193,0.378183275396069,True,False
0.7,10,g0050,BPG9,udsr,gplearn,7.18155590692893e-06,1,139245.572089832,0.376669232188637,0.378183275396069,False,False
0.7,10,g0050,BPG9,imcts,ragsr,62155027982.7422,3693556941212.84,59.4249099564139,0,0.0175913210036967,False,False
0.7,10,g0050,BPG9,pysr,ragsr,69544521666.6636,3693556941212.84,53.1106815130107,0,0.0175913210036967,False,False
0.7,100,g0008,Nguyen-12,udsr,e2esr,5.56641951762818e-05,0.0283100539000751,508.586413633291,0.398685041230216,0.40548537166076,False,False
0.7,100,g0008,Nguyen-12,udsr,gplearn,5.56641951762818e-05,0.0480886756836304,863.906765712368,0.398685041230216,0.423995749704562,False,False
0.7,100,g0008,Nguyen-12,udsr,pyoperon,5.56641951762818e-05,0.0694095242439156,1246.9330200171,0.398685041230216,0.409679386040947,False,False
0.7,100,g0008,Nguyen-12,udsr,ragsr,5.56641951762818e-05,0.0144801158610301,260.133386569947,0.398685041230216,0.400929982698991,False,False
0.7,100,g0008,Nguyen-12,udsr,tpsr,5.56641951762818e-05,0.0655405404401202,1177.42723228341,0.398685041230216,0.398696751621438,False,False
0.7,100,g0015,III.21.20_3_0,gplearn,ragsr,0.995630338095026,100,100.43888396494,0.100095093918433,0.3,False,False
0.7,100,g0017,strogatz_shearflow1,gplearn,ragsr,3.79409884321842,568.853053238799,149.93100515961,0.269936860366053,0.3,False,False
0.7,100,g0017,strogatz_shearflow1,qlattice,ragsr,1.05526333682117,568.853053238799,539.062652315629,0.22827059096572,0.3,False,False
0.7,100,g0017,strogatz_shearflow1,tpsr,ragsr,4.43100863795906,568.853053238799,128.380037079027,0.272325903464436,0.3,False,False
0.7,100,g0024,strogatz_predprey2,llmsr,ragsr,0.12068779996078,7858.05764636074,65110.6213623022,0.280619999539007,0.3,False,False
0.7,100,g0024,strogatz_predprey2,qlattice,ragsr,0.107931868789863,7858.05764636074,72805.722113337,0.291276051967189,0.3,False,False
0.7,100,g0032,feynman-i.13.12,llmsr,e2esr,8299.7131660553,31923226575.1068,3846304.79829935,0.28359894243554,0.3,False,False
0.7,100,g0034,CRK11,llmsr,e2esr,0.0164810728415563,6.46922174316876,392.524309853505,0.189150726057908,0.290590231942222,False,False
0.7,100,g0034,CRK11,qlattice,e2esr,0.0083945906583845,6.46922174316876,770.641715083233,0.279307640000964,0.290590231942222,False,False
0.7,100,g0034,CRK11,qlattice,gplearn,0.0083945906583845,1.24319617790425,148.094913540001,0.279307640000964,0.359826418836961,True,False
0.7,100,g0034,CRK11,udsr,gplearn,0.0001114898554034,1.24319617790425,11150.755934307,0.315768776705,0.359826418836961,False,False
0.7,100,g0034,CRK11,llmsr,pysr,0.0164810728415563,100,6067.56616849528,0.189150726057908,0.3,True,False
0.7,100,g0034,CRK11,llmsr,tpsr,0.0164810728415563,11.3375632139244,687.914149899896,0.189150726057908,0.267797993437217,False,False
0.7,100,g0034,CRK11,qlattice,pysr,0.0083945906583845,100,11912.4331438614,0.279307640000964,0.3,True,False
0.7,100,g0036,CRK10,pyoperon,imcts,16.8218194547128,298907853.033832,17769056.0666475,0.0387063516266459,0.113463903661395,True,False
0.7,100,g0036,CRK10,ragsr,imcts,1311959.64920975,298907853.033832,227.833114542721,0,0.113463903661395,True,False
0.7,100,g0036,CRK10,tpsr,imcts,2835.79155439199,298907853.033832,105405.438763964,0.0382903851636791,0.113463903661395,True,False
0.7,100,g0037,CRK34,llmsr,imcts,0.011227163688577,100,8906.96909432596,0.197486497271436,0.3,True,False
0.7,100,g0037,CRK34,pyoperon,tpsr,8.9345367921885,1810.77181872687,202.671034978537,0.0524463979207102,0.0530420584111518,True,False
0.7,100,g0043,CRK33,llmsr,gplearn,0.0049353445733395,1.76063666260982,356.740372650972,0.215334126029394,0.266422764408308,False,False
0.7,100,g0043,CRK33,llmsr,pysr,0.0049353445733395,100,20262.0097733265,0.215334126029394,0.3,True,False
0.7,100,g0043,CRK33,llmsr,tpsr,0.0049353445733395,1.57277907263456,318.676649410248,0.215334126029394,0.357294882599311,False,False
0.7,100,g0043,CRK33,udsr,tpsr,3.63137018233802e-05,1.57277907263456,43310.8978251302,0.321996473839786,0.357294882599311,False,False
0.7,100,g0044,feynman-i.15.3t,ragsr,drsr,5.70512635490329e+22,9.90552207755668e+29,17362493.7667565,0.12352835914962,0.3,True,False
0.7,100,g0044,feynman-i.15.3t,tpsr,drsr,1.72901236768735e+17,9.90552207755668e+29,5729005912667.85,0.0670004795214936,0.3,True,False
0.7,100,g0044,feynman-i.15.3t,ragsr,imcts,5.70512635490329e+22,9.90552084308631e+29,17362491.6029651,0.12352835914962,0.3,True,False
0.7,100,g0044,feynman-i.15.3t,tpsr,imcts,1.72901236768735e+17,9.90552084308631e+29,5729005198693.56,0.0670004795214936,0.3,True,False
0.7,100,g0044,feynman-i.15.3t,ragsr,pysr,5.70512635490329e+22,9.90426150770124e+29,17360284.2278664,0.12352835914962,0.3,True,False
0.7,100,g0044,feynman-i.15.3t,tpsr,pysr,1.72901236768735e+17,9.90426150770124e+29,5728276843356.95,0.0670004795214936,0.3,True,False
0.7,100,g0044,feynman-i.15.3t,tpsr,ragsr,1.72901236768735e+17,5.70512635490329e+22,329964.46188145,0.0670004795214936,0.12352835914962,False,False
0.7,100,g0045,feynman-bonus.20,drsr,pysr,4.64275108076392e+39,9.74719718095063e+68,2.09944427590264e+29,0.136754052818875,0.292161466824441,True,True
0.7,100,g0045,feynman-bonus.20,imcts,pysr,2.09005806779557e+65,9.74719718095063e+68,4663.60113680058,0,0.292161466824441,False,True
0.7,100,g0047,BPG5,qlattice,dso,0.0087024388687698,1,114.910315943127,0.203017950939094,0.232398419778123,True,False
0.7,100,g0047,BPG5,qlattice,e2esr,0.0087024388687698,5.40970680191863,621.631117767648,0.203017950939094,0.289199796841607,False,False
0.7,100,g0049,BPG3,llmsr,e2esr,2.73737203714654,732.360611418832,267.54149654498,0.0781333086735285,0.0851459754892972,False,False
0.7,100,g0050,BPG9,qlattice,e2esr,0.0204982447467946,2.51010929354412,122.454840618253,0.229836224522193,0.33745338291571,False,False
0.7,100,g0050,BPG9,udsr,gplearn,7.18155590692893e-06,1,139245.572089832,0.376669232188637,0.378183275396069,False,False
0.7,1000,g0008,Nguyen-12,udsr,pyoperon,5.56641951762818e-05,0.0694095242439156,1246.9330200171,0.398685041230216,0.409679386040947,False,False
0.7,1000,g0008,Nguyen-12,udsr,tpsr,5.56641951762818e-05,0.0655405404401202,1177.42723228341,0.398685041230216,0.398696751621438,False,False
0.7,1000,g0024,strogatz_predprey2,llmsr,ragsr,0.12068779996078,7858.05764636074,65110.6213623022,0.280619999539007,0.3,False,False
0.7,1000,g0024,strogatz_predprey2,qlattice,ragsr,0.107931868789863,7858.05764636074,72805.722113337,0.291276051967189,0.3,False,False
0.7,1000,g0032,feynman-i.13.12,llmsr,e2esr,8299.7131660553,31923226575.1068,3846304.79829935,0.28359894243554,0.3,False,False
0.7,1000,g0034,CRK11,udsr,gplearn,0.0001114898554034,1.24319617790425,11150.755934307,0.315768776705,0.359826418836961,False,False
0.7,1000,g0034,CRK11,llmsr,pysr,0.0164810728415563,100,6067.56616849528,0.189150726057908,0.3,True,False
0.7,1000,g0034,CRK11,qlattice,pysr,0.0083945906583845,100,11912.4331438614,0.279307640000964,0.3,True,False
0.7,1000,g0036,CRK10,pyoperon,imcts,16.8218194547128,298907853.033832,17769056.0666475,0.0387063516266459,0.113463903661395,True,False
0.7,1000,g0036,CRK10,tpsr,imcts,2835.79155439199,298907853.033832,105405.438763964,0.0382903851636791,0.113463903661395,True,False
0.7,1000,g0037,CRK34,llmsr,imcts,0.011227163688577,100,8906.96909432596,0.197486497271436,0.3,True,False
0.7,1000,g0043,CRK33,llmsr,pysr,0.0049353445733395,100,20262.0097733265,0.215334126029394,0.3,True,False
0.7,1000,g0043,CRK33,udsr,tpsr,3.63137018233802e-05,1.57277907263456,43310.8978251302,0.321996473839786,0.357294882599311,False,False
0.7,1000,g0044,feynman-i.15.3t,ragsr,drsr,5.70512635490329e+22,9.90552207755668e+29,17362493.7667565,0.12352835914962,0.3,True,False
0.7,1000,g0044,feynman-i.15.3t,tpsr,drsr,1.72901236768735e+17,9.90552207755668e+29,5729005912667.85,0.0670004795214936,0.3,True,False
0.7,1000,g0044,feynman-i.15.3t,ragsr,imcts,5.70512635490329e+22,9.90552084308631e+29,17362491.6029651,0.12352835914962,0.3,True,False
0.7,1000,g0044,feynman-i.15.3t,tpsr,imcts,1.72901236768735e+17,9.90552084308631e+29,5729005198693.56,0.0670004795214936,0.3,True,False
0.7,1000,g0044,feynman-i.15.3t,ragsr,pysr,5.70512635490329e+22,9.90426150770124e+29,17360284.2278664,0.12352835914962,0.3,True,False
0.7,1000,g0044,feynman-i.15.3t,tpsr,pysr,1.72901236768735e+17,9.90426150770124e+29,5728276843356.95,0.0670004795214936,0.3,True,False
0.7,1000,g0044,feynman-i.15.3t,tpsr,ragsr,1.72901236768735e+17,5.70512635490329e+22,329964.46188145,0.0670004795214936,0.12352835914962,False,False
0.7,1000,g0045,feynman-bonus.20,drsr,pysr,4.64275108076392e+39,9.74719718095063e+68,2.09944427590264e+29,0.136754052818875,0.292161466824441,True,True
0.7,1000,g0045,feynman-bonus.20,imcts,pysr,2.09005806779557e+65,9.74719718095063e+68,4663.60113680058,0,0.292161466824441,False,True
0.7,1000,g0050,BPG9,udsr,gplearn,7.18155590692893e-06,1,139245.572089832,0.376669232188637,0.378183275396069,False,False
0.7,10000,g0024,strogatz_predprey2,llmsr,ragsr,0.12068779996078,7858.05764636074,65110.6213623022,0.280619999539007,0.3,False,False
0.7,10000,g0024,strogatz_predprey2,qlattice,ragsr,0.107931868789863,7858.05764636074,72805.722113337,0.291276051967189,0.3,False,False
0.7,10000,g0032,feynman-i.13.12,llmsr,e2esr,8299.7131660553,31923226575.1068,3846304.79829935,0.28359894243554,0.3,False,False
0.7,10000,g0034,CRK11,udsr,gplearn,0.0001114898554034,1.24319617790425,11150.755934307,0.315768776705,0.359826418836961,False,False
0.7,10000,g0034,CRK11,qlattice,pysr,0.0083945906583845,100,11912.4331438614,0.279307640000964,0.3,True,False
0.7,10000,g0036,CRK10,pyoperon,imcts,16.8218194547128,298907853.033832,17769056.0666475,0.0387063516266459,0.113463903661395,True,False
0.7,10000,g0036,CRK10,tpsr,imcts,2835.79155439199,298907853.033832,105405.438763964,0.0382903851636791,0.113463903661395,True,False
0.7,10000,g0043,CRK33,llmsr,pysr,0.0049353445733395,100,20262.0097733265,0.215334126029394,0.3,True,False
0.7,10000,g0043,CRK33,udsr,tpsr,3.63137018233802e-05,1.57277907263456,43310.8978251302,0.321996473839786,0.357294882599311,False,False
0.7,10000,g0044,feynman-i.15.3t,ragsr,drsr,5.70512635490329e+22,9.90552207755668e+29,17362493.7667565,0.12352835914962,0.3,True,False
0.7,10000,g0044,feynman-i.15.3t,tpsr,drsr,1.72901236768735e+17,9.90552207755668e+29,5729005912667.85,0.0670004795214936,0.3,True,False
0.7,10000,g0044,feynman-i.15.3t,ragsr,imcts,5.70512635490329e+22,9.90552084308631e+29,17362491.6029651,0.12352835914962,0.3,True,False
0.7,10000,g0044,feynman-i.15.3t,tpsr,imcts,1.72901236768735e+17,9.90552084308631e+29,5729005198693.56,0.0670004795214936,0.3,True,False
0.7,10000,g0044,feynman-i.15.3t,ragsr,pysr,5.70512635490329e+22,9.90426150770124e+29,17360284.2278664,0.12352835914962,0.3,True,False
0.7,10000,g0044,feynman-i.15.3t,tpsr,pysr,1.72901236768735e+17,9.90426150770124e+29,5728276843356.95,0.0670004795214936,0.3,True,False
0.7,10000,g0044,feynman-i.15.3t,tpsr,ragsr,1.72901236768735e+17,5.70512635490329e+22,329964.46188145,0.0670004795214936,0.12352835914962,False,False
0.7,10000,g0045,feynman-bonus.20,drsr,pysr,4.64275108076392e+39,9.74719718095063e+68,2.09944427590264e+29,0.136754052818875,0.292161466824441,True,True
0.7,10000,g0050,BPG9,udsr,gplearn,7.18155590692893e-06,1,139245.572089832,0.376669232188637,0.378183275396069,False,False
0.8,10,g0008,Nguyen-12,udsr,llmsr,5.56641951762818e-05,0.0008130012557412,14.6054611866939,0.414704886196809,0.421730730741368,False,False
0.8,10,g0008,Nguyen-12,qlattice,pyoperon,0.0056855334608114,0.0694095242439156,12.2080935256341,0.338063493887489,0.348323898607941,False,False
0.8,10,g0008,Nguyen-12,qlattice,tpsr,0.0056855334608114,0.0655405404401202,11.5275973453227,0.338063493887489,0.3415952149332,False,False
0.8,10,g0009,Nguyen-6,drsr,e2esr,0.0039252870772063,0.0924740727895467,23.5585502278227,0.251778775741855,0.269904211445317,False,False
0.8,10,g0009,Nguyen-6,drsr,pyoperon,0.0039252870772063,0.0574065288666411,14.6247975559213,0.251778775741855,0.291396404276173,False,False
0.8,10,g0009,Nguyen-6,drsr,ragsr,0.0039252870772063,0.375386641591514,95.6329140043562,0.251778775741855,0.338601210635818,False,False
0.8,10,g0009,Nguyen-6,drsr,tpsr,0.0039252870772063,0.216480531260199,55.1502417398021,0.251778775741855,0.293314208975157,False,False
0.8,10,g0009,Nguyen-6,llmsr,e2esr,0.0041162410058899,0.0924740727895467,22.4656604498523,0.250599954584313,0.269904211445317,False,False
0.8,10,g0009,Nguyen-6,llmsr,pyoperon,0.0041162410058899,0.0574065288666411,13.9463478381252,0.250599954584313,0.291396404276173,False,False
0.8,10,g0009,Nguyen-6,llmsr,ragsr,0.0041162410058899,0.375386641591514,91.1964680795364,0.250599954584313,0.338601210635818,False,False
0.8,10,g0009,Nguyen-6,llmsr,tpsr,0.0041162410058899,0.216480531260199,52.5918018159886,0.250599954584313,0.293314208975157,False,False
0.8,10,g0009,Nguyen-6,qlattice,ragsr,0.0315798147604792,0.375386641591514,11.8869171471648,0.273169024017402,0.338601210635818,False,False
0.8,10,g0015,III.21.20_3_0,e2esr,ragsr,1.03446668492677,100,96.668168687311,0.192122615960641,0.2,False,False
0.8,10,g0015,III.21.20_3_0,gplearn,ragsr,0.995630338095026,100,100.43888396494,0.114394393049638,0.2,False,False
0.8,10,g0017,strogatz_shearflow1,qlattice,ragsr,1.05526333682117,568.853053238799,539.062652315629,0.199243230890463,0.2,False,False
0.8,10,g0018,feynman-i.18.16,qlattice,e2esr,3.0402176085345,100,32.8923823476478,0.182019321184679,0.2,False,False
0.8,10,g0032,feynman-i.13.12,llmsr,e2esr,8299.7131660553,31923226575.1068,3846304.79829935,0.189065961623693,0.2,False,False
0.8,10,g0034,CRK11,llmsr,e2esr,0.0164810728415563,6.46922174316876,392.524309853505,0.216172258351895,0.222039868019811,False,False
0.8,10,g0034,CRK11,llmsr,gplearn,0.0164810728415563,1.24319617790425,75.4317506986045,0.216172258351895,0.285252382408944,False,False
0.8,10,g0034,CRK11,qlattice,gplearn,0.0083945906583845,1.24319617790425,148.094913540001,0.283252723722414,0.285252382408944,True,False
0.8,10,g0034,CRK11,pyoperon,pysr,3.65282184662502,100,27.3760955772774,0.0928419158664607,0.2,True,False
0.8,10,g0036,CRK10,llmsr,dso,0.0231196118417927,0.563424708253078,24.369989949884,0.207772540663859,0.257853761038098,True,False
0.8,10,g0036,CRK10,qlattice,dso,0.0257830893714421,0.563424708253078,21.8524902161758,0.231724449287738,0.257853761038098,True,False
0.8,10,g0036,CRK10,llmsr,gplearn,0.0231196118417927,1.7607855899634,76.1598249113038,0.207772540663859,0.238752582370437,False,False
0.8,10,g0036,CRK10,qlattice,gplearn,0.0257830893714421,1.7607855899634,68.2922656990201,0.231724449287738,0.238752582370437,True,False
0.8,10,g0036,CRK10,pyoperon,imcts,16.8218194547128,298907853.033832,17769056.0666475,0.0442358304304524,0.07564260244093,True,False
0.8,10,g0036,CRK10,ragsr,imcts,1311959.64920975,298907853.033832,227.833114542721,0,0.07564260244093,True,False
0.8,10,g0036,CRK10,tpsr,imcts,2835.79155439199,298907853.033832,105405.438763964,0.0255269234424527,0.07564260244093,True,False
0.8,10,g0037,CRK34,dso,imcts,1,100,99.999999999901,0.196154185458987,0.2,True,True
0.8,10,g0037,CRK34,pyoperon,imcts,8.9345367921885,100,11.1925220440549,0.0599387404808117,0.2,True,False
0.8,10,g0037,CRK34,qlattice,imcts,1.51055267985714,100,66.2009351500356,0.104049378531341,0.2,True,False
0.8,10,g0039,CRK0,qlattice,gplearn,0.0238391140325926,1,41.9478676343367,0.252027015238346,0.314285714285714,True,False
0.8,10,g0043,CRK33,llmsr,tpsr,0.0049353445733395,1.57277907263456,318.676649410248,0.246096144033594,0.281133071213511,False,False
0.8,10,g0043,CRK33,pyoperon,pysr,9.72520267171188,100,10.2825620581528,0.0578343622444832,0.2,True,False
0.8,10,g0043,CRK33,qlattice,pysr,1.40936722517619,100,70.9538282241726,0.105770047556349,0.2,True,False
0.8,10,g0044,feynman-i.15.3t,ragsr,drsr,5.70512635490329e+22,9.90552207755668e+29,17362493.7667565,0.0823522394330802,0.2,True,False
0.8,10,g0044,feynman-i.15.3t,tpsr,drsr,1.72901236768735e+17,9.90552207755668e+29,5729005912667.85,0.0446669863476624,0.2,True,False
0.8,10,g0044,feynman-i.15.3t,ragsr,imcts,5.70512635490329e+22,9.90552084308631e+29,17362491.6029651,0.0823522394330802,0.2,True,False
0.8,10,g0044,feynman-i.15.3t,tpsr,imcts,1.72901236768735e+17,9.90552084308631e+29,5729005198693.56,0.0446669863476624,0.2,True,False
0.8,10,g0044,feynman-i.15.3t,ragsr,pysr,5.70512635490329e+22,9.90426150770124e+29,17360284.2278664,0.0823522394330802,0.2,True,False
0.8,10,g0044,feynman-i.15.3t,tpsr,pysr,1.72901236768735e+17,9.90426150770124e+29,5728276843356.95,0.0446669863476624,0.2,True,False
0.8,10,g0044,feynman-i.15.3t,tpsr,ragsr,1.72901236768735e+17,5.70512635490329e+22,329964.46188145,0.0446669863476624,0.0823522394330802,False,False
0.8,10,g0045,feynman-bonus.20,drsr,pysr,4.64275108076392e+39,9.74719718095063e+68,2.09944427590264e+29,0.0911693685459164,0.194774311216294,True,True
0.8,10,g0045,feynman-bonus.20,imcts,pysr,2.09005806779557e+65,9.74719718095063e+68,4663.60113680058,0,0.194774311216294,False,True
0.8,10,g0050,BPG9,llmsr,dso,0.0809679557431269,1,12.3505649958754,0.210170482038873,0.274639703136921,True,False
0.8,10,g0050,BPG9,qlattice,dso,0.0204982447467946,1,48.784664848369,0.24104041934206,0.274639703136921,True,False
0.8,10,g0050,BPG9,llmsr,e2esr,0.0809679557431269,2.51010929354412,31.0012679766489,0.210170482038873,0.263071478332849,False,False
0.8,10,g0050,BPG9,qlattice,e2esr,0.0204982447467946,2.51010929354412,122.454840618253,0.24104041934206,0.263071478332849,False,False
0.8,10,g0050,BPG9,llmsr,gplearn,0.0809679557431269,1,12.3505649958754,0.210170482038873,0.299741231216427,False,False
0.8,10,g0050,BPG9,qlattice,gplearn,0.0204982447467946,1,48.784664848369,0.24104041934206,0.299741231216427,True,False
0.8,10,g0050,BPG9,imcts,ragsr,62155027982.7422,3693556941212.84,59.4249099564139,0,0.0117275473357978,False,False
0.8,10,g0050,BPG9,pysr,ragsr,69544521666.6636,3693556941212.84,53.1106815130107,0,0.0117275473357978,False,False
0.8,100,g0015,III.21.20_3_0,gplearn,ragsr,0.995630338095026,100,100.43888396494,0.114394393049638,0.2,False,False
0.8,100,g0017,strogatz_shearflow1,qlattice,ragsr,1.05526333682117,568.853053238799,539.062652315629,0.199243230890463,0.2,False,False
0.8,100,g0032,feynman-i.13.12,llmsr,e2esr,8299.7131660553,31923226575.1068,3846304.79829935,0.189065961623693,0.2,False,False
0.8,100,g0034,CRK11,llmsr,e2esr,0.0164810728415563,6.46922174316876,392.524309853505,0.216172258351895,0.222039868019811,False,False
0.8,100,g0034,CRK11,qlattice,gplearn,0.0083945906583845,1.24319617790425,148.094913540001,0.283252723722414,0.285252382408944,True,False
0.8,100,g0036,CRK10,pyoperon,imcts,16.8218194547128,298907853.033832,17769056.0666475,0.0442358304304524,0.07564260244093,True,False
0.8,100,g0036,CRK10,ragsr,imcts,1311959.64920975,298907853.033832,227.833114542721,0,0.07564260244093,True,False
0.8,100,g0036,CRK10,tpsr,imcts,2835.79155439199,298907853.033832,105405.438763964,0.0255269234424527,0.07564260244093,True,False
0.8,100,g0043,CRK33,llmsr,tpsr,0.0049353445733395,1.57277907263456,318.676649410248,0.246096144033594,0.281133071213511,False,False
0.8,100,g0044,feynman-i.15.3t,ragsr,drsr,5.70512635490329e+22,9.90552207755668e+29,17362493.7667565,0.0823522394330802,0.2,True,False
0.8,100,g0044,feynman-i.15.3t,tpsr,drsr,1.72901236768735e+17,9.90552207755668e+29,5729005912667.85,0.0446669863476624,0.2,True,False
0.8,100,g0044,feynman-i.15.3t,ragsr,imcts,5.70512635490329e+22,9.90552084308631e+29,17362491.6029651,0.0823522394330802,0.2,True,False
0.8,100,g0044,feynman-i.15.3t,tpsr,imcts,1.72901236768735e+17,9.90552084308631e+29,5729005198693.56,0.0446669863476624,0.2,True,False
0.8,100,g0044,feynman-i.15.3t,ragsr,pysr,5.70512635490329e+22,9.90426150770124e+29,17360284.2278664,0.0823522394330802,0.2,True,False
0.8,100,g0044,feynman-i.15.3t,tpsr,pysr,1.72901236768735e+17,9.90426150770124e+29,5728276843356.95,0.0446669863476624,0.2,True,False
0.8,100,g0044,feynman-i.15.3t,tpsr,ragsr,1.72901236768735e+17,5.70512635490329e+22,329964.46188145,0.0446669863476624,0.0823522394330802,False,False
0.8,100,g0045,feynman-bonus.20,drsr,pysr,4.64275108076392e+39,9.74719718095063e+68,2.09944427590264e+29,0.0911693685459164,0.194774311216294,True,True
0.8,100,g0045,feynman-bonus.20,imcts,pysr,2.09005806779557e+65,9.74719718095063e+68,4663.60113680058,0,0.194774311216294,False,True
0.8,100,g0050,BPG9,qlattice,e2esr,0.0204982447467946,2.51010929354412,122.454840618253,0.24104041934206,0.263071478332849,False,False
0.8,1000,g0032,feynman-i.13.12,llmsr,e2esr,8299.7131660553,31923226575.1068,3846304.79829935,0.189065961623693,0.2,False,False
0.8,1000,g0036,CRK10,pyoperon,imcts,16.8218194547128,298907853.033832,17769056.0666475,0.0442358304304524,0.07564260244093,True,False
0.8,1000,g0036,CRK10,tpsr,imcts,2835.79155439199,298907853.033832,105405.438763964,0.0255269234424527,0.07564260244093,True,False
0.8,1000,g0044,feynman-i.15.3t,ragsr,drsr,5.70512635490329e+22,9.90552207755668e+29,17362493.7667565,0.0823522394330802,0.2,True,False
0.8,1000,g0044,feynman-i.15.3t,tpsr,drsr,1.72901236768735e+17,9.90552207755668e+29,5729005912667.85,0.0446669863476624,0.2,True,False
0.8,1000,g0044,feynman-i.15.3t,ragsr,imcts,5.70512635490329e+22,9.90552084308631e+29,17362491.6029651,0.0823522394330802,0.2,True,False
0.8,1000,g0044,feynman-i.15.3t,tpsr,imcts,1.72901236768735e+17,9.90552084308631e+29,5729005198693.56,0.0446669863476624,0.2,True,False
0.8,1000,g0044,feynman-i.15.3t,ragsr,pysr,5.70512635490329e+22,9.90426150770124e+29,17360284.2278664,0.0823522394330802,0.2,True,False
0.8,1000,g0044,feynman-i.15.3t,tpsr,pysr,1.72901236768735e+17,9.90426150770124e+29,5728276843356.95,0.0446669863476624,0.2,True,False
0.8,1000,g0044,feynman-i.15.3t,tpsr,ragsr,1.72901236768735e+17,5.70512635490329e+22,329964.46188145,0.0446669863476624,0.0823522394330802,False,False
0.8,1000,g0045,feynman-bonus.20,drsr,pysr,4.64275108076392e+39,9.74719718095063e+68,2.09944427590264e+29,0.0911693685459164,0.194774311216294,True,True
0.8,1000,g0045,feynman-bonus.20,imcts,pysr,2.09005806779557e+65,9.74719718095063e+68,4663.60113680058,0,0.194774311216294,False,True
0.8,10000,g0032,feynman-i.13.12,llmsr,e2esr,8299.7131660553,31923226575.1068,3846304.79829935,0.189065961623693,0.2,False,False
0.8,10000,g0036,CRK10,pyoperon,imcts,16.8218194547128,298907853.033832,17769056.0666475,0.0442358304304524,0.07564260244093,True,False
0.8,10000,g0036,CRK10,tpsr,imcts,2835.79155439199,298907853.033832,105405.438763964,0.0255269234424527,0.07564260244093,True,False
0.8,10000,g0044,feynman-i.15.3t,ragsr,drsr,5.70512635490329e+22,9.90552207755668e+29,17362493.7667565,0.0823522394330802,0.2,True,False
0.8,10000,g0044,feynman-i.15.3t,tpsr,drsr,1.72901236768735e+17,9.90552207755668e+29,5729005912667.85,0.0446669863476624,0.2,True,False
0.8,10000,g0044,feynman-i.15.3t,ragsr,imcts,5.70512635490329e+22,9.90552084308631e+29,17362491.6029651,0.0823522394330802,0.2,True,False
0.8,10000,g0044,feynman-i.15.3t,tpsr,imcts,1.72901236768735e+17,9.90552084308631e+29,5729005198693.56,0.0446669863476624,0.2,True,False
0.8,10000,g0044,feynman-i.15.3t,ragsr,pysr,5.70512635490329e+22,9.90426150770124e+29,17360284.2278664,0.0823522394330802,0.2,True,False
0.8,10000,g0044,feynman-i.15.3t,tpsr,pysr,1.72901236768735e+17,9.90426150770124e+29,5728276843356.95,0.0446669863476624,0.2,True,False
0.8,10000,g0044,feynman-i.15.3t,tpsr,ragsr,1.72901236768735e+17,5.70512635490329e+22,329964.46188145,0.0446669863476624,0.0823522394330802,False,False
0.8,10000,g0045,feynman-bonus.20,drsr,pysr,4.64275108076392e+39,9.74719718095063e+68,2.09944427590264e+29,0.0911693685459164,0.194774311216294,True,True
0.85,10,g0009,Nguyen-6,drsr,pyoperon,0.0039252870772063,0.0574065288666411,14.6247975559213,0.267514949225721,0.276422994498458,False,False
0.85,10,g0009,Nguyen-6,drsr,ragsr,0.0039252870772063,0.375386641591514,95.6329140043562,0.267514949225721,0.297263786300556,False,False
0.85,10,g0009,Nguyen-6,drsr,tpsr,0.0039252870772063,0.216480531260199,55.1502417398021,0.267514949225721,0.267567463069804,False,False
0.85,10,g0009,Nguyen-6,llmsr,pyoperon,0.0041162410058899,0.0574065288666411,13.9463478381252,0.266262451745832,0.276422994498458,False,False
0.85,10,g0009,Nguyen-6,llmsr,ragsr,0.0041162410058899,0.375386641591514,91.1964680795364,0.266262451745832,0.297263786300556,False,False
0.85,10,g0009,Nguyen-6,llmsr,tpsr,0.0041162410058899,0.216480531260199,52.5918018159886,0.266262451745832,0.267567463069804,False,False
0.85,10,g0009,Nguyen-6,qlattice,ragsr,0.0315798147604792,0.375386641591514,11.8869171471648,0.267387311259233,0.297263786300556,False,False
0.85,10,g0015,III.21.20_3_0,gplearn,ragsr,0.995630338095026,100,100.43888396494,0.121544042615241,0.15,False,False
0.85,10,g0032,feynman-i.13.12,llmsr,e2esr,8299.7131660553,31923226575.1068,3846304.79829935,0.14179947121777,0.15,False,False
0.85,10,g0034,CRK11,llmsr,gplearn,0.0164810728415563,1.24319617790425,75.4317506986045,0.229683024498888,0.247965364194936,False,False
0.85,10,g0034,CRK11,pyoperon,pysr,3.65282184662502,100,27.3760955772774,0.095298785264811,0.15,True,False
0.85,10,g0036,CRK10,llmsr,dso,0.0231196118417927,0.563424708253078,24.369989949884,0.220758324455351,0.233553965627084,True,False
0.85,10,g0036,CRK10,pyoperon,imcts,16.8218194547128,298907853.033832,17769056.0666475,0.0470005698323557,0.0567319518306975,True,False
0.85,10,g0036,CRK10,ragsr,imcts,1311959.64920975,298907853.033832,227.833114542721,0,0.0567319518306975,True,False
0.85,10,g0036,CRK10,tpsr,imcts,2835.79155439199,298907853.033832,105405.438763964,0.0191451925818396,0.0567319518306975,True,False
0.85,10,g0037,CRK34,pyoperon,imcts,8.9345367921885,100,11.1925220440549,0.0636849117608624,0.15,True,False
0.85,10,g0037,CRK34,qlattice,imcts,1.51055267985714,100,66.2009351500356,0.11055246468955,0.15,True,False
0.85,10,g0039,CRK0,qlattice,gplearn,0.0238391140325926,1,41.9478676343367,0.253711509445628,0.271428571428571,True,False
0.85,10,g0043,CRK33,pyoperon,pysr,9.72520267171188,100,10.2825620581528,0.0614490098847634,0.15,True,False
0.85,10,g0043,CRK33,qlattice,pysr,1.40936722517619,100,70.9538282241726,0.112380675528621,0.15,True,False
0.85,10,g0044,feynman-i.15.3t,ragsr,drsr,5.70512635490329e+22,9.90552207755668e+29,17362493.7667565,0.0617641795748102,0.15,True,False
0.85,10,g0044,feynman-i.15.3t,tpsr,drsr,1.72901236768735e+17,9.90552207755668e+29,5729005912667.85,0.0335002397607468,0.15,True,False
0.85,10,g0044,feynman-i.15.3t,ragsr,imcts,5.70512635490329e+22,9.90552084308631e+29,17362491.6029651,0.0617641795748102,0.15,True,False
0.85,10,g0044,feynman-i.15.3t,tpsr,imcts,1.72901236768735e+17,9.90552084308631e+29,5729005198693.56,0.0335002397607468,0.15,True,False
0.85,10,g0044,feynman-i.15.3t,ragsr,pysr,5.70512635490329e+22,9.90426150770124e+29,17360284.2278664,0.0617641795748102,0.15,True,False
0.85,10,g0044,feynman-i.15.3t,tpsr,pysr,1.72901236768735e+17,9.90426150770124e+29,5728276843356.95,0.0335002397607468,0.15,True,False
0.85,10,g0044,feynman-i.15.3t,tpsr,ragsr,1.72901236768735e+17,5.70512635490329e+22,329964.46188145,0.0335002397607468,0.0617641795748102,False,False
0.85,10,g0045,feynman-bonus.20,drsr,pysr,4.64275108076392e+39,9.74719718095063e+68,2.09944427590264e+29,0.0683770264094373,0.14608073341222,True,True
0.85,10,g0045,feynman-bonus.20,imcts,pysr,2.09005806779557e+65,9.74719718095063e+68,4663.60113680058,0,0.14608073341222,False,True
0.85,10,g0050,BPG9,llmsr,dso,0.0809679557431269,1,12.3505649958754,0.212836554842263,0.241694063066976,True,False
0.85,10,g0050,BPG9,llmsr,e2esr,0.0809679557431269,2.51010929354412,31.0012679766489,0.212836554842263,0.225880526041419,False,False
0.85,10,g0050,BPG9,llmsr,gplearn,0.0809679557431269,1,12.3505649958754,0.212836554842263,0.260520209126606,False,False
0.85,10,g0050,BPG9,qlattice,gplearn,0.0204982447467946,1,48.784664848369,0.246642516751994,0.260520209126606,True,False
0.85,10,g0050,BPG9,imcts,ragsr,62155027982.7422,3693556941212.84,59.4249099564139,0,0.00879566050184836,False,False
0.85,10,g0050,BPG9,pysr,ragsr,69544521666.6636,3693556941212.84,53.1106815130107,0,0.00879566050184836,False,False
0.85,100,g0015,III.21.20_3_0,gplearn,ragsr,0.995630338095026,100,100.43888396494,0.121544042615241,0.15,False,False
0.85,100,g0032,feynman-i.13.12,llmsr,e2esr,8299.7131660553,31923226575.1068,3846304.79829935,0.14179947121777,0.15,False,False
0.85,100,g0036,CRK10,pyoperon,imcts,16.8218194547128,298907853.033832,17769056.0666475,0.0470005698323557,0.0567319518306975,True,False
0.85,100,g0036,CRK10,ragsr,imcts,1311959.64920975,298907853.033832,227.833114542721,0,0.0567319518306975,True,False
0.85,100,g0036,CRK10,tpsr,imcts,2835.79155439199,298907853.033832,105405.438763964,0.0191451925818396,0.0567319518306975,True,False
0.85,100,g0044,feynman-i.15.3t,ragsr,drsr,5.70512635490329e+22,9.90552207755668e+29,17362493.7667565,0.0617641795748102,0.15,True,False
0.85,100,g0044,feynman-i.15.3t,tpsr,drsr,1.72901236768735e+17,9.90552207755668e+29,5729005912667.85,0.0335002397607468,0.15,True,False
0.85,100,g0044,feynman-i.15.3t,ragsr,imcts,5.70512635490329e+22,9.90552084308631e+29,17362491.6029651,0.0617641795748102,0.15,True,False
0.85,100,g0044,feynman-i.15.3t,tpsr,imcts,1.72901236768735e+17,9.90552084308631e+29,5729005198693.56,0.0335002397607468,0.15,True,False
0.85,100,g0044,feynman-i.15.3t,ragsr,pysr,5.70512635490329e+22,9.90426150770124e+29,17360284.2278664,0.0617641795748102,0.15,True,False
0.85,100,g0044,feynman-i.15.3t,tpsr,pysr,1.72901236768735e+17,9.90426150770124e+29,5728276843356.95,0.0335002397607468,0.15,True,False
0.85,100,g0044,feynman-i.15.3t,tpsr,ragsr,1.72901236768735e+17,5.70512635490329e+22,329964.46188145,0.0335002397607468,0.0617641795748102,False,False
0.85,100,g0045,feynman-bonus.20,drsr,pysr,4.64275108076392e+39,9.74719718095063e+68,2.09944427590264e+29,0.0683770264094373,0.14608073341222,True,True
0.85,100,g0045,feynman-bonus.20,imcts,pysr,2.09005806779557e+65,9.74719718095063e+68,4663.60113680058,0,0.14608073341222,False,True
0.85,1000,g0032,feynman-i.13.12,llmsr,e2esr,8299.7131660553,31923226575.1068,3846304.79829935,0.14179947121777,0.15,False,False
0.85,1000,g0036,CRK10,pyoperon,imcts,16.8218194547128,298907853.033832,17769056.0666475,0.0470005698323557,0.0567319518306975,True,False
0.85,1000,g0036,CRK10,tpsr,imcts,2835.79155439199,298907853.033832,105405.438763964,0.0191451925818396,0.0567319518306975,True,False
0.85,1000,g0044,feynman-i.15.3t,ragsr,drsr,5.70512635490329e+22,9.90552207755668e+29,17362493.7667565,0.0617641795748102,0.15,True,False
0.85,1000,g0044,feynman-i.15.3t,tpsr,drsr,1.72901236768735e+17,9.90552207755668e+29,5729005912667.85,0.0335002397607468,0.15,True,False
0.85,1000,g0044,feynman-i.15.3t,ragsr,imcts,5.70512635490329e+22,9.90552084308631e+29,17362491.6029651,0.0617641795748102,0.15,True,False
0.85,1000,g0044,feynman-i.15.3t,tpsr,imcts,1.72901236768735e+17,9.90552084308631e+29,5729005198693.56,0.0335002397607468,0.15,True,False
0.85,1000,g0044,feynman-i.15.3t,ragsr,pysr,5.70512635490329e+22,9.90426150770124e+29,17360284.2278664,0.0617641795748102,0.15,True,False
0.85,1000,g0044,feynman-i.15.3t,tpsr,pysr,1.72901236768735e+17,9.90426150770124e+29,5728276843356.95,0.0335002397607468,0.15,True,False
0.85,1000,g0044,feynman-i.15.3t,tpsr,ragsr,1.72901236768735e+17,5.70512635490329e+22,329964.46188145,0.0335002397607468,0.0617641795748102,False,False
0.85,1000,g0045,feynman-bonus.20,drsr,pysr,4.64275108076392e+39,9.74719718095063e+68,2.09944427590264e+29,0.0683770264094373,0.14608073341222,True,True
0.85,1000,g0045,feynman-bonus.20,imcts,pysr,2.09005806779557e+65,9.74719718095063e+68,4663.60113680058,0,0.14608073341222,False,True
0.85,10000,g0032,feynman-i.13.12,llmsr,e2esr,8299.7131660553,31923226575.1068,3846304.79829935,0.14179947121777,0.15,False,False
0.85,10000,g0036,CRK10,pyoperon,imcts,16.8218194547128,298907853.033832,17769056.0666475,0.0470005698323557,0.0567319518306975,True,False
0.85,10000,g0036,CRK10,tpsr,imcts,2835.79155439199,298907853.033832,105405.438763964,0.0191451925818396,0.0567319518306975,True,False
0.85,10000,g0044,feynman-i.15.3t,ragsr,drsr,5.70512635490329e+22,9.90552207755668e+29,17362493.7667565,0.0617641795748102,0.15,True,False
0.85,10000,g0044,feynman-i.15.3t,tpsr,drsr,1.72901236768735e+17,9.90552207755668e+29,5729005912667.85,0.0335002397607468,0.15,True,False
0.85,10000,g0044,feynman-i.15.3t,ragsr,imcts,5.70512635490329e+22,9.90552084308631e+29,17362491.6029651,0.0617641795748102,0.15,True,False
0.85,10000,g0044,feynman-i.15.3t,tpsr,imcts,1.72901236768735e+17,9.90552084308631e+29,5729005198693.56,0.0335002397607468,0.15,True,False
0.85,10000,g0044,feynman-i.15.3t,ragsr,pysr,5.70512635490329e+22,9.90426150770124e+29,17360284.2278664,0.0617641795748102,0.15,True,False
0.85,10000,g0044,feynman-i.15.3t,tpsr,pysr,1.72901236768735e+17,9.90426150770124e+29,5728276843356.95,0.0335002397607468,0.15,True,False
0.85,10000,g0044,feynman-i.15.3t,tpsr,ragsr,1.72901236768735e+17,5.70512635490329e+22,329964.46188145,0.0335002397607468,0.0617641795748102,False,False
0.85,10000,g0045,feynman-bonus.20,drsr,pysr,4.64275108076392e+39,9.74719718095063e+68,2.09944427590264e+29,0.0683770264094373,0.14608073341222,True,True
0.875,10,g0009,Nguyen-6,drsr,ragsr,0.0039252870772063,0.375386641591514,95.6329140043562,0.275383035967654,0.276595074132926,False,False
0.875,10,g0009,Nguyen-6,llmsr,ragsr,0.0041162410058899,0.375386641591514,91.1964680795364,0.274093700326592,0.276595074132926,False,False
0.875,10,g0009,Nguyen-6,qlattice,ragsr,0.0315798147604792,0.375386641591514,11.8869171471648,0.264496454880149,0.276595074132926,False,False
0.875,10,g0032,feynman-i.13.12,llmsr,e2esr,8299.7131660553,31923226575.1068,3846304.79829935,0.118166226014808,0.125,False,False
0.875,10,g0034,CRK11,pyoperon,pysr,3.65282184662502,100,27.3760955772774,0.0965272199639862,0.125,True,False
0.875,10,g0036,CRK10,ragsr,imcts,1311959.64920975,298907853.033832,227.833114542721,0,0.0472766265255812,True,False
0.875,10,g0036,CRK10,tpsr,imcts,2835.79155439199,298907853.033832,105405.438763964,0.015954327151533,0.0472766265255812,True,False
0.875,10,g0037,CRK34,pyoperon,imcts,8.9345367921885,100,11.1925220440549,0.0655579974008878,0.125,True,False
0.875,10,g0037,CRK34,qlattice,imcts,1.51055267985714,100,66.2009351500356,0.113804007768654,0.125,True,False
0.875,10,g0043,CRK33,pyoperon,pysr,9.72520267171188,100,10.2825620581528,0.0632563337049035,0.125,True,False
0.875,10,g0043,CRK33,qlattice,pysr,1.40936722517619,100,70.9538282241726,0.115685989514756,0.125,True,False
0.875,10,g0044,feynman-i.15.3t,ragsr,drsr,5.70512635490329e+22,9.90552207755668e+29,17362493.7667565,0.0514701496456751,0.125,True,False
0.875,10,g0044,feynman-i.15.3t,tpsr,drsr,1.72901236768735e+17,9.90552207755668e+29,5729005912667.85,0.027916866467289,0.125,True,False
0.875,10,g0044,feynman-i.15.3t,ragsr,imcts,5.70512635490329e+22,9.90552084308631e+29,17362491.6029651,0.0514701496456751,0.125,True,False
0.875,10,g0044,feynman-i.15.3t,tpsr,imcts,1.72901236768735e+17,9.90552084308631e+29,5729005198693.56,0.027916866467289,0.125,True,False
0.875,10,g0044,feynman-i.15.3t,ragsr,pysr,5.70512635490329e+22,9.90426150770124e+29,17360284.2278664,0.0514701496456751,0.125,True,False
0.875,10,g0044,feynman-i.15.3t,tpsr,pysr,1.72901236768735e+17,9.90426150770124e+29,5728276843356.95,0.027916866467289,0.125,True,False
0.875,10,g0044,feynman-i.15.3t,tpsr,ragsr,1.72901236768735e+17,5.70512635490329e+22,329964.46188145,0.027916866467289,0.0514701496456751,False,False
0.875,10,g0045,feynman-bonus.20,drsr,pysr,4.64275108076392e+39,9.74719718095063e+68,2.09944427590264e+29,0.0569808553411977,0.121733944510184,True,True
0.875,10,g0045,feynman-bonus.20,imcts,pysr,2.09005806779557e+65,9.74719718095063e+68,4663.60113680058,0,0.121733944510184,False,True
0.875,10,g0050,BPG9,llmsr,dso,0.0809679557431269,1,12.3505649958754,0.214169591243958,0.225221243032004,True,False
0.875,10,g0050,BPG9,llmsr,gplearn,0.0809679557431269,1,12.3505649958754,0.214169591243958,0.240909698081695,False,False
0.875,10,g0050,BPG9,imcts,ragsr,62155027982.7422,3693556941212.84,59.4249099564139,0,0.00732971708487364,False,False
0.875,10,g0050,BPG9,pysr,ragsr,69544521666.6636,3693556941212.84,53.1106815130107,0,0.00732971708487364,False,False
0.875,100,g0032,feynman-i.13.12,llmsr,e2esr,8299.7131660553,31923226575.1068,3846304.79829935,0.118166226014808,0.125,False,False
0.875,100,g0036,CRK10,ragsr,imcts,1311959.64920975,298907853.033832,227.833114542721,0,0.0472766265255812,True,False
0.875,100,g0036,CRK10,tpsr,imcts,2835.79155439199,298907853.033832,105405.438763964,0.015954327151533,0.0472766265255812,True,False
0.875,100,g0044,feynman-i.15.3t,ragsr,drsr,5.70512635490329e+22,9.90552207755668e+29,17362493.7667565,0.0514701496456751,0.125,True,False
0.875,100,g0044,feynman-i.15.3t,tpsr,drsr,1.72901236768735e+17,9.90552207755668e+29,5729005912667.85,0.027916866467289,0.125,True,False
0.875,100,g0044,feynman-i.15.3t,ragsr,imcts,5.70512635490329e+22,9.90552084308631e+29,17362491.6029651,0.0514701496456751,0.125,True,False
0.875,100,g0044,feynman-i.15.3t,tpsr,imcts,1.72901236768735e+17,9.90552084308631e+29,5729005198693.56,0.027916866467289,0.125,True,False
0.875,100,g0044,feynman-i.15.3t,ragsr,pysr,5.70512635490329e+22,9.90426150770124e+29,17360284.2278664,0.0514701496456751,0.125,True,False
0.875,100,g0044,feynman-i.15.3t,tpsr,pysr,1.72901236768735e+17,9.90426150770124e+29,5728276843356.95,0.027916866467289,0.125,True,False
0.875,100,g0044,feynman-i.15.3t,tpsr,ragsr,1.72901236768735e+17,5.70512635490329e+22,329964.46188145,0.027916866467289,0.0514701496456751,False,False
0.875,100,g0045,feynman-bonus.20,drsr,pysr,4.64275108076392e+39,9.74719718095063e+68,2.09944427590264e+29,0.0569808553411977,0.121733944510184,True,True
0.875,100,g0045,feynman-bonus.20,imcts,pysr,2.09005806779557e+65,9.74719718095063e+68,4663.60113680058,0,0.121733944510184,False,True
0.875,1000,g0032,feynman-i.13.12,llmsr,e2esr,8299.7131660553,31923226575.1068,3846304.79829935,0.118166226014808,0.125,False,False
0.875,1000,g0036,CRK10,tpsr,imcts,2835.79155439199,298907853.033832,105405.438763964,0.015954327151533,0.0472766265255812,True,False
0.875,1000,g0044,feynman-i.15.3t,ragsr,drsr,5.70512635490329e+22,9.90552207755668e+29,17362493.7667565,0.0514701496456751,0.125,True,False
0.875,1000,g0044,feynman-i.15.3t,tpsr,drsr,1.72901236768735e+17,9.90552207755668e+29,5729005912667.85,0.027916866467289,0.125,True,False
0.875,1000,g0044,feynman-i.15.3t,ragsr,imcts,5.70512635490329e+22,9.90552084308631e+29,17362491.6029651,0.0514701496456751,0.125,True,False
0.875,1000,g0044,feynman-i.15.3t,tpsr,imcts,1.72901236768735e+17,9.90552084308631e+29,5729005198693.56,0.027916866467289,0.125,True,False
0.875,1000,g0044,feynman-i.15.3t,ragsr,pysr,5.70512635490329e+22,9.90426150770124e+29,17360284.2278664,0.0514701496456751,0.125,True,False
0.875,1000,g0044,feynman-i.15.3t,tpsr,pysr,1.72901236768735e+17,9.90426150770124e+29,5728276843356.95,0.027916866467289,0.125,True,False
0.875,1000,g0044,feynman-i.15.3t,tpsr,ragsr,1.72901236768735e+17,5.70512635490329e+22,329964.46188145,0.027916866467289,0.0514701496456751,False,False
0.875,1000,g0045,feynman-bonus.20,drsr,pysr,4.64275108076392e+39,9.74719718095063e+68,2.09944427590264e+29,0.0569808553411977,0.121733944510184,True,True
0.875,1000,g0045,feynman-bonus.20,imcts,pysr,2.09005806779557e+65,9.74719718095063e+68,4663.60113680058,0,0.121733944510184,False,True
0.875,10000,g0032,feynman-i.13.12,llmsr,e2esr,8299.7131660553,31923226575.1068,3846304.79829935,0.118166226014808,0.125,False,False
0.875,10000,g0036,CRK10,tpsr,imcts,2835.79155439199,298907853.033832,105405.438763964,0.015954327151533,0.0472766265255812,True,False
0.875,10000,g0044,feynman-i.15.3t,ragsr,drsr,5.70512635490329e+22,9.90552207755668e+29,17362493.7667565,0.0514701496456751,0.125,True,False
0.875,10000,g0044,feynman-i.15.3t,tpsr,drsr,1.72901236768735e+17,9.90552207755668e+29,5729005912667.85,0.027916866467289,0.125,True,False
0.875,10000,g0044,feynman-i.15.3t,ragsr,imcts,5.70512635490329e+22,9.90552084308631e+29,17362491.6029651,0.0514701496456751,0.125,True,False
0.875,10000,g0044,feynman-i.15.3t,tpsr,imcts,1.72901236768735e+17,9.90552084308631e+29,5729005198693.56,0.027916866467289,0.125,True,False
0.875,10000,g0044,feynman-i.15.3t,ragsr,pysr,5.70512635490329e+22,9.90426150770124e+29,17360284.2278664,0.0514701496456751,0.125,True,False
0.875,10000,g0044,feynman-i.15.3t,tpsr,pysr,1.72901236768735e+17,9.90426150770124e+29,5728276843356.95,0.027916866467289,0.125,True,False
0.875,10000,g0044,feynman-i.15.3t,tpsr,ragsr,1.72901236768735e+17,5.70512635490329e+22,329964.46188145,0.027916866467289,0.0514701496456751,False,False
0.875,10000,g0045,feynman-bonus.20,drsr,pysr,4.64275108076392e+39,9.74719718095063e+68,2.09944427590264e+29,0.0569808553411977,0.121733944510184,True,True
0.9,10,g0032,feynman-i.13.12,llmsr,e2esr,8299.7131660553,31923226575.1068,3846304.79829935,0.0945329808118465,0.1,False,False
0.9,10,g0034,CRK11,pyoperon,pysr,3.65282184662502,100,27.3760955772774,0.0977556546631614,0.1,True,False
0.9,10,g0036,CRK10,ragsr,imcts,1311959.64920975,298907853.033832,227.833114542721,0,0.037821301220465,True,False
0.9,10,g0036,CRK10,tpsr,imcts,2835.79155439199,298907853.033832,105405.438763964,0.0127634617212264,0.037821301220465,True,False
0.9,10,g0037,CRK34,pyoperon,imcts,8.9345367921885,100,11.1925220440549,0.0674310830409132,0.1,True,False
0.9,10,g0043,CRK33,pyoperon,pysr,9.72520267171188,100,10.2825620581528,0.0650636575250436,0.1,True,False
0.9,10,g0044,feynman-i.15.3t,ragsr,drsr,5.70512635490329e+22,9.90552207755668e+29,17362493.7667565,0.0411761197165401,0.1,True,False
0.9,10,g0044,feynman-i.15.3t,tpsr,drsr,1.72901236768735e+17,9.90552207755668e+29,5729005912667.85,0.0223334931738312,0.1,True,False
0.9,10,g0044,feynman-i.15.3t,ragsr,imcts,5.70512635490329e+22,9.90552084308631e+29,17362491.6029651,0.0411761197165401,0.1,True,False
0.9,10,g0044,feynman-i.15.3t,tpsr,imcts,1.72901236768735e+17,9.90552084308631e+29,5729005198693.56,0.0223334931738312,0.1,True,False
0.9,10,g0044,feynman-i.15.3t,ragsr,pysr,5.70512635490329e+22,9.90426150770124e+29,17360284.2278664,0.0411761197165401,0.1,True,False
0.9,10,g0044,feynman-i.15.3t,tpsr,pysr,1.72901236768735e+17,9.90426150770124e+29,5728276843356.95,0.0223334931738312,0.1,True,False
0.9,10,g0044,feynman-i.15.3t,tpsr,ragsr,1.72901236768735e+17,5.70512635490329e+22,329964.46188145,0.0223334931738312,0.0411761197165401,False,False
0.9,10,g0045,feynman-bonus.20,drsr,pysr,4.64275108076392e+39,9.74719718095063e+68,2.09944427590264e+29,0.0455846842729582,0.0973871556081468,True,True
0.9,10,g0045,feynman-bonus.20,imcts,pysr,2.09005806779557e+65,9.74719718095063e+68,4663.60113680058,0,0.0973871556081468,False,True
0.9,10,g0050,BPG9,llmsr,gplearn,0.0809679557431269,1,12.3505649958754,0.215502627645654,0.221299187036785,False,False
0.9,10,g0050,BPG9,imcts,ragsr,62155027982.7422,3693556941212.84,59.4249099564139,0,0.00586377366789891,False,False
0.9,10,g0050,BPG9,pysr,ragsr,69544521666.6636,3693556941212.84,53.1106815130107,0,0.00586377366789891,False,False
0.9,100,g0032,feynman-i.13.12,llmsr,e2esr,8299.7131660553,31923226575.1068,3846304.79829935,0.0945329808118465,0.1,False,False
0.9,100,g0036,CRK10,ragsr,imcts,1311959.64920975,298907853.033832,227.833114542721,0,0.037821301220465,True,False
0.9,100,g0036,CRK10,tpsr,imcts,2835.79155439199,298907853.033832,105405.438763964,0.0127634617212264,0.037821301220465,True,False
0.9,100,g0044,feynman-i.15.3t,ragsr,drsr,5.70512635490329e+22,9.90552207755668e+29,17362493.7667565,0.0411761197165401,0.1,True,False
0.9,100,g0044,feynman-i.15.3t,tpsr,drsr,1.72901236768735e+17,9.90552207755668e+29,5729005912667.85,0.0223334931738312,0.1,True,False
0.9,100,g0044,feynman-i.15.3t,ragsr,imcts,5.70512635490329e+22,9.90552084308631e+29,17362491.6029651,0.0411761197165401,0.1,True,False
0.9,100,g0044,feynman-i.15.3t,tpsr,imcts,1.72901236768735e+17,9.90552084308631e+29,5729005198693.56,0.0223334931738312,0.1,True,False
0.9,100,g0044,feynman-i.15.3t,ragsr,pysr,5.70512635490329e+22,9.90426150770124e+29,17360284.2278664,0.0411761197165401,0.1,True,False
0.9,100,g0044,feynman-i.15.3t,tpsr,pysr,1.72901236768735e+17,9.90426150770124e+29,5728276843356.95,0.0223334931738312,0.1,True,False
0.9,100,g0044,feynman-i.15.3t,tpsr,ragsr,1.72901236768735e+17,5.70512635490329e+22,329964.46188145,0.0223334931738312,0.0411761197165401,False,False
0.9,100,g0045,feynman-bonus.20,drsr,pysr,4.64275108076392e+39,9.74719718095063e+68,2.09944427590264e+29,0.0455846842729582,0.0973871556081468,True,True
0.9,100,g0045,feynman-bonus.20,imcts,pysr,2.09005806779557e+65,9.74719718095063e+68,4663.60113680058,0,0.0973871556081468,False,True
0.9,1000,g0032,feynman-i.13.12,llmsr,e2esr,8299.7131660553,31923226575.1068,3846304.79829935,0.0945329808118465,0.1,False,False
0.9,1000,g0036,CRK10,tpsr,imcts,2835.79155439199,298907853.033832,105405.438763964,0.0127634617212264,0.037821301220465,True,False
0.9,1000,g0044,feynman-i.15.3t,ragsr,drsr,5.70512635490329e+22,9.90552207755668e+29,17362493.7667565,0.0411761197165401,0.1,True,False
0.9,1000,g0044,feynman-i.15.3t,tpsr,drsr,1.72901236768735e+17,9.90552207755668e+29,5729005912667.85,0.0223334931738312,0.1,True,False
0.9,1000,g0044,feynman-i.15.3t,ragsr,imcts,5.70512635490329e+22,9.90552084308631e+29,17362491.6029651,0.0411761197165401,0.1,True,False
0.9,1000,g0044,feynman-i.15.3t,tpsr,imcts,1.72901236768735e+17,9.90552084308631e+29,5729005198693.56,0.0223334931738312,0.1,True,False
0.9,1000,g0044,feynman-i.15.3t,ragsr,pysr,5.70512635490329e+22,9.90426150770124e+29,17360284.2278664,0.0411761197165401,0.1,True,False
0.9,1000,g0044,feynman-i.15.3t,tpsr,pysr,1.72901236768735e+17,9.90426150770124e+29,5728276843356.95,0.0223334931738312,0.1,True,False
0.9,1000,g0044,feynman-i.15.3t,tpsr,ragsr,1.72901236768735e+17,5.70512635490329e+22,329964.46188145,0.0223334931738312,0.0411761197165401,False,False
0.9,1000,g0045,feynman-bonus.20,drsr,pysr,4.64275108076392e+39,9.74719718095063e+68,2.09944427590264e+29,0.0455846842729582,0.0973871556081468,True,True
0.9,1000,g0045,feynman-bonus.20,imcts,pysr,2.09005806779557e+65,9.74719718095063e+68,4663.60113680058,0,0.0973871556081468,False,True
0.9,10000,g0032,feynman-i.13.12,llmsr,e2esr,8299.7131660553,31923226575.1068,3846304.79829935,0.0945329808118465,0.1,False,False
0.9,10000,g0036,CRK10,tpsr,imcts,2835.79155439199,298907853.033832,105405.438763964,0.0127634617212264,0.037821301220465,True,False
0.9,10000,g0044,feynman-i.15.3t,ragsr,drsr,5.70512635490329e+22,9.90552207755668e+29,17362493.7667565,0.0411761197165401,0.1,True,False
0.9,10000,g0044,feynman-i.15.3t,tpsr,drsr,1.72901236768735e+17,9.90552207755668e+29,5729005912667.85,0.0223334931738312,0.1,True,False
0.9,10000,g0044,feynman-i.15.3t,ragsr,imcts,5.70512635490329e+22,9.90552084308631e+29,17362491.6029651,0.0411761197165401,0.1,True,False
0.9,10000,g0044,feynman-i.15.3t,tpsr,imcts,1.72901236768735e+17,9.90552084308631e+29,5729005198693.56,0.0223334931738312,0.1,True,False
0.9,10000,g0044,feynman-i.15.3t,ragsr,pysr,5.70512635490329e+22,9.90426150770124e+29,17360284.2278664,0.0411761197165401,0.1,True,False
0.9,10000,g0044,feynman-i.15.3t,tpsr,pysr,1.72901236768735e+17,9.90426150770124e+29,5728276843356.95,0.0223334931738312,0.1,True,False
0.9,10000,g0044,feynman-i.15.3t,tpsr,ragsr,1.72901236768735e+17,5.70512635490329e+22,329964.46188145,0.0223334931738312,0.0411761197165401,False,False
0.9,10000,g0045,feynman-bonus.20,drsr,pysr,4.64275108076392e+39,9.74719718095063e+68,2.09944427590264e+29,0.0455846842729582,0.0973871556081468,True,True
0.95,10,g0032,feynman-i.13.12,llmsr,e2esr,8299.7131660553,31923226575.1068,3846304.79829935,0.0472664904059233,0.05,False,False
0.95,10,g0036,CRK10,ragsr,imcts,1311959.64920975,298907853.033832,227.833114542721,0,0.0189106506102325,True,False
0.95,10,g0036,CRK10,tpsr,imcts,2835.79155439199,298907853.033832,105405.438763964,0.00638173086061319,0.0189106506102325,True,False
0.95,10,g0044,feynman-i.15.3t,ragsr,drsr,5.70512635490329e+22,9.90552207755668e+29,17362493.7667565,0.0205880598582701,0.05,True,False
0.95,10,g0044,feynman-i.15.3t,tpsr,drsr,1.72901236768735e+17,9.90552207755668e+29,5729005912667.85,0.0111667465869156,0.05,True,False
0.95,10,g0044,feynman-i.15.3t,ragsr,imcts,5.70512635490329e+22,9.90552084308631e+29,17362491.6029651,0.0205880598582701,0.05,True,False
0.95,10,g0044,feynman-i.15.3t,tpsr,imcts,1.72901236768735e+17,9.90552084308631e+29,5729005198693.56,0.0111667465869156,0.05,True,False
0.95,10,g0044,feynman-i.15.3t,ragsr,pysr,5.70512635490329e+22,9.90426150770124e+29,17360284.2278664,0.0205880598582701,0.05,True,False
0.95,10,g0044,feynman-i.15.3t,tpsr,pysr,1.72901236768735e+17,9.90426150770124e+29,5728276843356.95,0.0111667465869156,0.05,True,False
0.95,10,g0044,feynman-i.15.3t,tpsr,ragsr,1.72901236768735e+17,5.70512635490329e+22,329964.46188145,0.0111667465869156,0.0205880598582701,False,False
0.95,10,g0045,feynman-bonus.20,drsr,pysr,4.64275108076392e+39,9.74719718095063e+68,2.09944427590264e+29,0.0227923421364791,0.0486935778040735,True,True
0.95,10,g0045,feynman-bonus.20,imcts,pysr,2.09005806779557e+65,9.74719718095063e+68,4663.60113680058,0,0.0486935778040735,False,True
0.95,10,g0050,BPG9,imcts,ragsr,62155027982.7422,3693556941212.84,59.4249099564139,0,0.00293188683394946,False,False
0.95,10,g0050,BPG9,pysr,ragsr,69544521666.6636,3693556941212.84,53.1106815130107,0,0.00293188683394946,False,False
0.95,100,g0032,feynman-i.13.12,llmsr,e2esr,8299.7131660553,31923226575.1068,3846304.79829935,0.0472664904059233,0.05,False,False
0.95,100,g0036,CRK10,ragsr,imcts,1311959.64920975,298907853.033832,227.833114542721,0,0.0189106506102325,True,False
0.95,100,g0036,CRK10,tpsr,imcts,2835.79155439199,298907853.033832,105405.438763964,0.00638173086061319,0.0189106506102325,True,False
0.95,100,g0044,feynman-i.15.3t,ragsr,drsr,5.70512635490329e+22,9.90552207755668e+29,17362493.7667565,0.0205880598582701,0.05,True,False
0.95,100,g0044,feynman-i.15.3t,tpsr,drsr,1.72901236768735e+17,9.90552207755668e+29,5729005912667.85,0.0111667465869156,0.05,True,False
0.95,100,g0044,feynman-i.15.3t,ragsr,imcts,5.70512635490329e+22,9.90552084308631e+29,17362491.6029651,0.0205880598582701,0.05,True,False
0.95,100,g0044,feynman-i.15.3t,tpsr,imcts,1.72901236768735e+17,9.90552084308631e+29,5729005198693.56,0.0111667465869156,0.05,True,False
0.95,100,g0044,feynman-i.15.3t,ragsr,pysr,5.70512635490329e+22,9.90426150770124e+29,17360284.2278664,0.0205880598582701,0.05,True,False
0.95,100,g0044,feynman-i.15.3t,tpsr,pysr,1.72901236768735e+17,9.90426150770124e+29,5728276843356.95,0.0111667465869156,0.05,True,False
0.95,100,g0044,feynman-i.15.3t,tpsr,ragsr,1.72901236768735e+17,5.70512635490329e+22,329964.46188145,0.0111667465869156,0.0205880598582701,False,False
0.95,100,g0045,feynman-bonus.20,drsr,pysr,4.64275108076392e+39,9.74719718095063e+68,2.09944427590264e+29,0.0227923421364791,0.0486935778040735,True,True
0.95,100,g0045,feynman-bonus.20,imcts,pysr,2.09005806779557e+65,9.74719718095063e+68,4663.60113680058,0,0.0486935778040735,False,True
0.95,1000,g0032,feynman-i.13.12,llmsr,e2esr,8299.7131660553,31923226575.1068,3846304.79829935,0.0472664904059233,0.05,False,False
0.95,1000,g0036,CRK10,tpsr,imcts,2835.79155439199,298907853.033832,105405.438763964,0.00638173086061319,0.0189106506102325,True,False
0.95,1000,g0044,feynman-i.15.3t,ragsr,drsr,5.70512635490329e+22,9.90552207755668e+29,17362493.7667565,0.0205880598582701,0.05,True,False
0.95,1000,g0044,feynman-i.15.3t,tpsr,drsr,1.72901236768735e+17,9.90552207755668e+29,5729005912667.85,0.0111667465869156,0.05,True,False
0.95,1000,g0044,feynman-i.15.3t,ragsr,imcts,5.70512635490329e+22,9.90552084308631e+29,17362491.6029651,0.0205880598582701,0.05,True,False
0.95,1000,g0044,feynman-i.15.3t,tpsr,imcts,1.72901236768735e+17,9.90552084308631e+29,5729005198693.56,0.0111667465869156,0.05,True,False
0.95,1000,g0044,feynman-i.15.3t,ragsr,pysr,5.70512635490329e+22,9.90426150770124e+29,17360284.2278664,0.0205880598582701,0.05,True,False
0.95,1000,g0044,feynman-i.15.3t,tpsr,pysr,1.72901236768735e+17,9.90426150770124e+29,5728276843356.95,0.0111667465869156,0.05,True,False
0.95,1000,g0044,feynman-i.15.3t,tpsr,ragsr,1.72901236768735e+17,5.70512635490329e+22,329964.46188145,0.0111667465869156,0.0205880598582701,False,False
0.95,1000,g0045,feynman-bonus.20,drsr,pysr,4.64275108076392e+39,9.74719718095063e+68,2.09944427590264e+29,0.0227923421364791,0.0486935778040735,True,True
0.95,1000,g0045,feynman-bonus.20,imcts,pysr,2.09005806779557e+65,9.74719718095063e+68,4663.60113680058,0,0.0486935778040735,False,True
0.95,10000,g0032,feynman-i.13.12,llmsr,e2esr,8299.7131660553,31923226575.1068,3846304.79829935,0.0472664904059233,0.05,False,False
0.95,10000,g0036,CRK10,tpsr,imcts,2835.79155439199,298907853.033832,105405.438763964,0.00638173086061319,0.0189106506102325,True,False
0.95,10000,g0044,feynman-i.15.3t,ragsr,drsr,5.70512635490329e+22,9.90552207755668e+29,17362493.7667565,0.0205880598582701,0.05,True,False
0.95,10000,g0044,feynman-i.15.3t,tpsr,drsr,1.72901236768735e+17,9.90552207755668e+29,5729005912667.85,0.0111667465869156,0.05,True,False
0.95,10000,g0044,feynman-i.15.3t,ragsr,imcts,5.70512635490329e+22,9.90552084308631e+29,17362491.6029651,0.0205880598582701,0.05,True,False
0.95,10000,g0044,feynman-i.15.3t,tpsr,imcts,1.72901236768735e+17,9.90552084308631e+29,5729005198693.56,0.0111667465869156,0.05,True,False
0.95,10000,g0044,feynman-i.15.3t,ragsr,pysr,5.70512635490329e+22,9.90426150770124e+29,17360284.2278664,0.0205880598582701,0.05,True,False
0.95,10000,g0044,feynman-i.15.3t,tpsr,pysr,1.72901236768735e+17,9.90426150770124e+29,5728276843356.95,0.0111667465869156,0.05,True,False
0.95,10000,g0044,feynman-i.15.3t,tpsr,ragsr,1.72901236768735e+17,5.70512635490329e+22,329964.46188145,0.0111667465869156,0.0205880598582701,False,False
0.95,10000,g0045,feynman-bonus.20,drsr,pysr,4.64275108076392e+39,9.74719718095063e+68,2.09944427590264e+29,0.0227923421364791,0.0486935778040735,True,True
