weight,ood_nmse_factor_threshold,reversal_count,involved_algorithms,max_ood_nmse_ratio,aggregate_pair_order_reversal_count,changes_any_algorithm_level_pair_order,reversals_involving_current_top5,reversals_with_both_algorithms_in_current_top5
0,10,671,drsr;dso;e2esr;gplearn;imcts;llmsr;pyoperon;pysr;qlattice;ragsr;tpsr;udsr,1.32359167342305e+69,454,True,375,42
0,100,493,drsr;dso;e2esr;gplearn;imcts;llmsr;pyoperon;pysr;qlattice;ragsr;tpsr;udsr,1.32359167342305e+69,335,True,274,26
0,1000,352,drsr;dso;e2esr;gplearn;imcts;llmsr;pyoperon;pysr;qlattice;ragsr;tpsr;udsr,1.32359167342305e+69,252,True,210,22
0,10000,288,drsr;dso;e2esr;gplearn;imcts;llmsr;pyoperon;pysr;qlattice;ragsr;tpsr;udsr,1.32359167342305e+69,210,True,171,20
0.01,10,614,drsr;dso;e2esr;gplearn;imcts;llmsr;pyoperon;pysr;qlattice;ragsr;tpsr;udsr,1.32359167342305e+69,420,True,347,38
0.01,100,444,drsr;dso;e2esr;gplearn;imcts;llmsr;pyoperon;pysr;qlattice;ragsr;tpsr;udsr,1.32359167342305e+69,306,True,250,22
0.01,1000,308,drsr;dso;e2esr;gplearn;imcts;llmsr;pyoperon;pysr;qlattice;ragsr;tpsr;udsr,1.32359167342305e+69,227,True,186,18
0.01,10000,244,drsr;dso;e2esr;gplearn;imcts;llmsr;pyoperon;pysr;qlattice;ragsr;tpsr;udsr,1.32359167342305e+69,185,True,147,16
0.02,10,594,drsr;dso;e2esr;gplearn;imcts;llmsr;pyoperon;pysr;qlattice;ragsr;tpsr;udsr,1.32359167342305e+69,406,True,337,38
0.02,100,425,drsr;dso;e2esr;gplearn;imcts;llmsr;pyoperon;pysr;qlattice;ragsr;tpsr;udsr,1.32359167342305e+69,292,True,241,22
0.02,1000,294,drsr;dso;e2esr;gplearn;imcts;llmsr;pyoperon;pysr;qlattice;ragsr;tpsr;udsr,1.32359167342305e+69,216,True,179,18
0.02,10000,232,drsr;dso;e2esr;gplearn;imcts;llmsr;pyoperon;pysr;qlattice;ragsr;tpsr;udsr,1.32359167342305e+69,175,True,141,16
0.03,10,591,drsr;dso;e2esr;gplearn;imcts;llmsr;pyoperon;pysr;qlattice;ragsr;tpsr;udsr,1.32359167342305e+69,404,True,335,38
0.03,100,422,drsr;dso;e2esr;gplearn;imcts;llmsr;pyoperon;pysr;qlattice;ragsr;tpsr;udsr,1.32359167342305e+69,290,True,239,22
0.03,1000,292,drsr;dso;e2esr;gplearn;imcts;llmsr;pyoperon;pysr;qlattice;ragsr;tpsr;udsr,1.32359167342305e+69,215,True,178,18
0.03,10000,230,drsr;dso;e2esr;gplearn;imcts;llmsr;pyoperon;pysr;qlattice;ragsr;tpsr;udsr,1.32359167342305e+69,174,True,140,16
0.04,10,590,drsr;dso;e2esr;gplearn;imcts;llmsr;pyoperon;pysr;qlattice;ragsr;tpsr;udsr,1.32359167342305e+69,404,True,334,38
0.04,100,421,drsr;dso;e2esr;gplearn;imcts;llmsr;pyoperon;pysr;qlattice;ragsr;tpsr;udsr,1.32359167342305e+69,290,True,238,22
0.04,1000,292,drsr;dso;e2esr;gplearn;imcts;llmsr;pyoperon;pysr;qlattice;ragsr;tpsr;udsr,1.32359167342305e+69,215,True,178,18
0.04,10000,230,drsr;dso;e2esr;gplearn;imcts;llmsr;pyoperon;pysr;qlattice;ragsr;tpsr;udsr,1.32359167342305e+69,174,True,140,16
0.05,10,586,drsr;dso;e2esr;gplearn;imcts;llmsr;pyoperon;pysr;qlattice;ragsr;tpsr;udsr,1.32359167342305e+69,402,True,333,38
0.05,100,417,drsr;dso;e2esr;gplearn;imcts;llmsr;pyoperon;pysr;qlattice;ragsr;tpsr;udsr,1.32359167342305e+69,288,True,237,22
0.05,1000,290,drsr;dso;e2esr;gplearn;imcts;llmsr;pyoperon;pysr;qlattice;ragsr;tpsr;udsr,1.32359167342305e+69,215,True,177,18
0.05,10000,228,drsr;dso;e2esr;gplearn;imcts;llmsr;pyoperon;pysr;qlattice;ragsr;tpsr;udsr,1.32359167342305e+69,174,True,139,16
0.06,10,579,drsr;dso;e2esr;gplearn;imcts;llmsr;pyoperon;pysr;qlattice;ragsr;tpsr;udsr,1.32359167342305e+69,398,True,328,38
0.06,100,410,drsr;dso;e2esr;gplearn;imcts;llmsr;pyoperon;pysr;qlattice;ragsr;tpsr;udsr,1.32359167342305e+69,284,True,232,22
0.06,1000,286,drsr;dso;e2esr;gplearn;imcts;llmsr;pyoperon;pysr;qlattice;ragsr;tpsr;udsr,1.32359167342305e+69,212,True,174,18
0.06,10000,224,drsr;dso;e2esr;gplearn;imcts;llmsr;pyoperon;pysr;qlattice;ragsr;tpsr;udsr,1.32359167342305e+69,171,True,136,16
0.07,10,569,drsr;dso;e2esr;gplearn;imcts;llmsr;pyoperon;pysr;qlattice;ragsr;tpsr;udsr,1.32359167342305e+69,387,True,319,36
0.07,100,402,drsr;dso;e2esr;gplearn;imcts;llmsr;pyoperon;pysr;qlattice;ragsr;tpsr;udsr,1.32359167342305e+69,275,True,224,20
0.07,1000,280,drsr;dso;e2esr;gplearn;imcts;llmsr;pyoperon;pysr;qlattice;ragsr;tpsr;udsr,1.32359167342305e+69,205,True,168,16
0.07,10000,220,drsr;dso;e2esr;gplearn;imcts;llmsr;pyoperon;pysr;qlattice;ragsr;tpsr;udsr,1.32359167342305e+69,166,True,132,14
0.08,10,557,drsr;dso;e2esr;gplearn;imcts;llmsr;pyoperon;pysr;qlattice;ragsr;tpsr;udsr,1.32359167342305e+69,377,True,317,36
0.08,100,390,drsr;dso;e2esr;gplearn;imcts;llmsr;pyoperon;pysr;qlattice;ragsr;tpsr;udsr,1.32359167342305e+69,265,True,222,20
0.08,1000,273,drsr;dso;e2esr;gplearn;imcts;llmsr;pyoperon;pysr;qlattice;ragsr;tpsr;udsr,1.32359167342305e+69,199,True,166,16
0.08,10000,213,drsr;dso;e2esr;gplearn;imcts;llmsr;pyoperon;pysr;qlattice;ragsr;tpsr;udsr,1.32359167342305e+69,160,True,130,14
0.09,10,534,drsr;dso;e2esr;gplearn;imcts;llmsr;pyoperon;pysr;qlattice;ragsr;tpsr;udsr,1.32359167342305e+69,356,True,304,34
0.09,100,369,drsr;dso;e2esr;gplearn;imcts;llmsr;pyoperon;pysr;qlattice;ragsr;tpsr;udsr,1.32359167342305e+69,248,True,210,19
0.09,1000,257,drsr;dso;e2esr;gplearn;imcts;llmsr;pyoperon;pysr;qlattice;ragsr;tpsr;udsr,1.32359167342305e+69,187,True,156,15
0.09,10000,200,drsr;dso;e2esr;gplearn;imcts;llmsr;pyoperon;pysr;qlattice;ragsr;tpsr;udsr,1.32359167342305e+69,150,True,123,13
0.1,10,521,drsr;dso;e2esr;gplearn;imcts;llmsr;pyoperon;pysr;qlattice;ragsr;tpsr;udsr,1.32359167342305e+69,350,True,295,34
0.1,100,358,drsr;dso;e2esr;gplearn;imcts;llmsr;pyoperon;pysr;qlattice;ragsr;tpsr;udsr,1.32359167342305e+69,244,True,201,19
0.1,1000,249,drsr;dso;e2esr;gplearn;imcts;llmsr;pyoperon;pysr;qlattice;ragsr;tpsr;udsr,1.32359167342305e+69,183,True,150,15
0.1,10000,192,drsr;dso;e2esr;gplearn;imcts;llmsr;pyoperon;pysr;qlattice;ragsr;tpsr;udsr,1.32359167342305e+69,146,True,117,13
0.11,10,517,drsr;dso;e2esr;gplearn;imcts;llmsr;pyoperon;pysr;qlattice;ragsr;tpsr;udsr,1.32359167342305e+69,338,True,293,34
0.11,100,355,drsr;dso;e2esr;gplearn;imcts;llmsr;pyoperon;pysr;qlattice;ragsr;tpsr;udsr,1.32359167342305e+69,235,True,199,19
0.11,1000,247,drsr;dso;e2esr;gplearn;imcts;llmsr;pyoperon;pysr;qlattice;ragsr;tpsr;udsr,1.32359167342305e+69,177,True,148,15
0.11,10000,190,drsr;dso;e2esr;gplearn;imcts;llmsr;pyoperon;pysr;qlattice;ragsr;tpsr;udsr,1.32359167342305e+69,142,True,115,13
0.12,10,507,drsr;dso;e2esr;gplearn;imcts;llmsr;pyoperon;pysr;qlattice;ragsr;tpsr;udsr,1.32359167342305e+69,333,True,285,34
0.12,100,347,drsr;dso;e2esr;gplearn;imcts;llmsr;pyoperon;pysr;qlattice;ragsr;tpsr;udsr,1.32359167342305e+69,232,True,192,19
0.12,1000,243,drsr;dso;e2esr;gplearn;imcts;llmsr;pyoperon;pysr;qlattice;ragsr;tpsr;udsr,1.32359167342305e+69,174,True,144,15
0.12,10000,187,drsr;dso;e2esr;gplearn;imcts;llmsr;pyoperon;pysr;qlattice;ragsr;tpsr;udsr,1.32359167342305e+69,140,True,112,13
0.13,10,493,drsr;dso;e2esr;gplearn;imcts;llmsr;pyoperon;pysr;qlattice;ragsr;tpsr;udsr,1.32359167342305e+69,323,True,278,34
0.13,100,333,drsr;dso;e2esr;gplearn;imcts;llmsr;pyoperon;pysr;qlattice;ragsr;tpsr;udsr,1.32359167342305e+69,222,True,185,19
0.13,1000,232,drsr;dso;e2esr;gplearn;imcts;llmsr;pyoperon;pysr;qlattice;ragsr;tpsr;udsr,1.32359167342305e+69,167,True,137,15
0.13,10000,184,drsr;dso;e2esr;gplearn;imcts;llmsr;pyoperon;pysr;qlattice;ragsr;tpsr;udsr,1.32359167342305e+69,137,True,110,13
0.14,10,487,drsr;dso;e2esr;gplearn;imcts;llmsr;pyoperon;pysr;qlattice;ragsr;tpsr;udsr,3.04024708149825e+43,316,True,276,34
0.14,100,329,drsr;dso;e2esr;gplearn;imcts;llmsr;pyoperon;pysr;qlattice;ragsr;tpsr;udsr,3.04024708149825e+43,217,True,183,19
0.14,1000,228,drsr;dso;e2esr;gplearn;imcts;llmsr;pyoperon;pysr;qlattice;ragsr;tpsr;udsr,3.04024708149825e+43,162,True,135,15
0.14,10000,180,drsr;dso;e2esr;gplearn;imcts;llmsr;pyoperon;pysr;qlattice;ragsr;tpsr;udsr,3.04024708149825e+43,132,True,108,13
0.15,10,482,drsr;dso;e2esr;gplearn;imcts;llmsr;pyoperon;pysr;qlattice;ragsr;tpsr;udsr,3.04024708149825e+43,314,True,273,33
0.15,100,324,drsr;dso;e2esr;gplearn;imcts;llmsr;pyoperon;pysr;qlattice;ragsr;tpsr;udsr,3.04024708149825e+43,215,True,180,18
0.15,1000,223,drsr;dso;e2esr;gplearn;imcts;llmsr;pyoperon;pysr;qlattice;ragsr;tpsr;udsr,3.04024708149825e+43,160,True,132,14
0.15,10000,176,drsr;dso;e2esr;gplearn;imcts;llmsr;pyoperon;pysr;qlattice;ragsr;tpsr;udsr,3.04024708149825e+43,130,True,105,12
0.16,10,477,drsr;dso;e2esr;gplearn;imcts;llmsr;pyoperon;pysr;qlattice;ragsr;tpsr;udsr,3.04024708149825e+43,300,True,271,33
0.16,100,320,drsr;dso;e2esr;gplearn;imcts;llmsr;pyoperon;pysr;qlattice;ragsr;tpsr;udsr,3.04024708149825e+43,204,True,178,18
0.16,1000,220,drsr;dso;e2esr;gplearn;imcts;llmsr;pyoperon;pysr;qlattice;ragsr;tpsr;udsr,3.04024708149825e+43,152,True,131,14
0.16,10000,173,drsr;dso;e2esr;gplearn;imcts;llmsr;pyoperon;pysr;qlattice;ragsr;tpsr;udsr,3.04024708149825e+43,122,True,104,12
0.17,10,471,drsr;dso;e2esr;gplearn;imcts;llmsr;pyoperon;pysr;qlattice;ragsr;tpsr;udsr,3.04024708149825e+43,299,True,268,33
0.17,100,315,drsr;dso;e2esr;gplearn;imcts;llmsr;pyoperon;pysr;qlattice;ragsr;tpsr;udsr,3.04024708149825e+43,203,True,175,18
0.17,1000,216,drsr;dso;e2esr;gplearn;imcts;llmsr;pyoperon;pysr;qlattice;ragsr;tpsr;udsr,3.04024708149825e+43,151,True,129,14
0.17,10000,171,drsr;dso;e2esr;gplearn;imcts;llmsr;pyoperon;pysr;qlattice;ragsr;tpsr;udsr,3.04024708149825e+43,121,True,104,12
0.18,10,462,drsr;dso;e2esr;gplearn;imcts;llmsr;pyoperon;pysr;qlattice;ragsr;tpsr;udsr,3.04024708149825e+43,293,True,265,32
0.18,100,308,drsr;dso;e2esr;gplearn;imcts;llmsr;pyoperon;pysr;qlattice;ragsr;tpsr;udsr,3.04024708149825e+43,199,True,172,17
0.18,1000,210,drsr;dso;e2esr;gplearn;imcts;llmsr;pyoperon;pysr;qlattice;ragsr;tpsr;udsr,3.04024708149825e+43,147,True,127,13
0.18,10000,165,drsr;dso;e2esr;gplearn;imcts;llmsr;pyoperon;pysr;qlattice;ragsr;tpsr;udsr,3.04024708149825e+43,117,True,102,11
0.19,10,456,drsr;dso;e2esr;gplearn;imcts;llmsr;pyoperon;pysr;qlattice;ragsr;tpsr;udsr,3.04024708149825e+43,279,True,263,32
0.19,100,304,drsr;dso;e2esr;gplearn;imcts;llmsr;pyoperon;pysr;qlattice;ragsr;tpsr;udsr,3.04024708149825e+43,187,True,170,17
0.19,1000,208,drsr;dso;e2esr;gplearn;imcts;llmsr;pyoperon;pysr;qlattice;ragsr;tpsr;udsr,3.04024708149825e+43,139,True,126,13
0.19,10000,163,drsr;dso;e2esr;gplearn;imcts;llmsr;pyoperon;pysr;qlattice;ragsr;tpsr;udsr,3.04024708149825e+43,111,True,101,11
0.2,10,449,drsr;dso;e2esr;gplearn;imcts;llmsr;pyoperon;pysr;qlattice;ragsr;tpsr;udsr,3.04024708149825e+43,263,True,260,48
0.2,100,300,drsr;dso;e2esr;gplearn;imcts;llmsr;pyoperon;pysr;qlattice;ragsr;tpsr;udsr,3.04024708149825e+43,174,True,170,34
0.2,1000,204,drsr;dso;e2esr;gplearn;imcts;llmsr;pyoperon;pysr;qlattice;ragsr;tpsr;udsr,3.04024708149825e+43,127,True,127,31
0.2,10000,160,drsr;dso;e2esr;gplearn;imcts;llmsr;pyoperon;pysr;qlattice;ragsr;tpsr;udsr,3.04024708149825e+43,100,True,105,26
0.21,10,440,drsr;dso;e2esr;gplearn;imcts;llmsr;pyoperon;pysr;qlattice;ragsr;tpsr;udsr,3.04024708149825e+43,257,True,258,48
0.21,100,293,drsr;dso;e2esr;gplearn;imcts;llmsr;pyoperon;pysr;qlattice;ragsr;tpsr;udsr,3.04024708149825e+43,169,True,168,34
0.21,1000,197,drsr;dso;e2esr;gplearn;imcts;llmsr;pyoperon;pysr;qlattice;ragsr;tpsr;udsr,3.04024708149825e+43,122,True,125,31
0.21,10000,153,drsr;dso;e2esr;gplearn;imcts;llmsr;pyoperon;pysr;qlattice;ragsr;tpsr;udsr,3.04024708149825e+43,95,True,103,26
0.22,10,427,drsr;dso;e2esr;gplearn;imcts;llmsr;pyoperon;pysr;qlattice;ragsr;tpsr;udsr,3.04024708149825e+43,249,True,254,48
0.22,100,280,drsr;dso;e2esr;gplearn;imcts;llmsr;pyoperon;pysr;qlattice;ragsr;tpsr;udsr,3.04024708149825e+43,161,True,164,34
0.22,1000,192,drsr;dso;e2esr;gplearn;imcts;llmsr;pyoperon;pysr;qlattice;ragsr;tpsr;udsr,3.04024708149825e+43,120,True,122,31
0.22,10000,148,drsr;dso;e2esr;gplearn;imcts;llmsr;pyoperon;pysr;qlattice;ragsr;tpsr;udsr,3.04024708149825e+43,93,True,100,26
0.23,10,421,drsr;dso;e2esr;gplearn;imcts;llmsr;pyoperon;pysr;qlattice;ragsr;tpsr;udsr,3.04024708149825e+43,244,True,251,48
0.23,100,275,drsr;dso;e2esr;gplearn;imcts;llmsr;pyoperon;pysr;qlattice;ragsr;tpsr;udsr,3.04024708149825e+43,159,True,161,34
0.23,1000,190,drsr;dso;e2esr;gplearn;imcts;llmsr;pyoperon;pysr;qlattice;ragsr;tpsr;udsr,3.04024708149825e+43,120,True,120,31
0.23,10000,146,drsr;dso;e2esr;gplearn;imcts;llmsr;pyoperon;pysr;qlattice;ragsr;tpsr;udsr,3.04024708149825e+43,93,True,98,26
0.24,10,408,drsr;dso;e2esr;gplearn;imcts;llmsr;pyoperon;pysr;qlattice;ragsr;tpsr;udsr,3.04024708149825e+43,232,True,240,47
0.24,100,265,drsr;dso;e2esr;gplearn;imcts;llmsr;pyoperon;pysr;qlattice;ragsr;tpsr;udsr,3.04024708149825e+43,150,True,152,33
0.24,1000,181,drsr;dso;e2esr;gplearn;imcts;llmsr;pyoperon;pysr;qlattice;ragsr;tpsr;udsr,3.04024708149825e+43,114,True,112,30
0.24,10000,137,drsr;dso;e2esr;gplearn;imcts;llmsr;pyoperon;pysr;qlattice;ragsr;tpsr;udsr,3.04024708149825e+43,88,True,90,25
0.25,10,393,drsr;dso;e2esr;gplearn;imcts;llmsr;pyoperon;pysr;qlattice;ragsr;tpsr;udsr,3.04024708149825e+43,215,True,233,45
0.25,100,251,drsr;dso;e2esr;gplearn;imcts;llmsr;pyoperon;pysr;qlattice;ragsr;tpsr;udsr,3.04024708149825e+43,132,True,145,31
0.25,1000,172,drsr;dso;e2esr;gplearn;imcts;llmsr;pyoperon;pysr;qlattice;ragsr;tpsr;udsr,3.04024708149825e+43,104,True,108,28
0.25,10000,130,drsr;dso;e2esr;gplearn;imcts;llmsr;pyoperon;pysr;qlattice;ragsr;tpsr;udsr,3.04024708149825e+43,79,True,88,24
0.26,10,388,drsr;dso;e2esr;gplearn;imcts;llmsr;pyoperon;pysr;qlattice;ragsr;tpsr;udsr,3.04024708149825e+43,201,True,229,45
0.26,100,247,drsr;dso;e2esr;gplearn;imcts;llmsr;pyoperon;pysr;qlattice;ragsr;tpsr;udsr,3.04024708149825e+43,122,True,142,31
0.26,1000,168,drsr;dso;e2esr;gplearn;imcts;llmsr;pyoperon;pysr;qlattice;ragsr;tpsr;udsr,3.04024708149825e+43,95,True,105,28
0.26,10000,127,drsr;dso;e2esr;gplearn;imcts;llmsr;pyoperon;pysr;qlattice;ragsr;tpsr;udsr,3.04024708149825e+43,70,True,86,24
0.27,10,381,drsr;dso;e2esr;gplearn;imcts;llmsr;pyoperon;pysr;qlattice;ragsr;tpsr;udsr,3.04024708149825e+43,196,True,226,45
0.27,100,241,drsr;dso;e2esr;gplearn;imcts;llmsr;pyoperon;pysr;qlattice;ragsr;tpsr;udsr,3.04024708149825e+43,118,True,140,31
0.27,1000,164,drsr;dso;e2esr;gplearn;imcts;llmsr;pyoperon;pysr;qlattice;ragsr;tpsr;udsr,3.04024708149825e+43,93,True,103,28
0.27,10000,125,drsr;dso;e2esr;gplearn;imcts;llmsr;pyoperon;pysr;qlattice;ragsr;tpsr;udsr,3.04024708149825e+43,69,True,85,24
0.28,10,378,drsr;dso;e2esr;gplearn;imcts;llmsr;pyoperon;pysr;qlattice;ragsr;tpsr;udsr,3.04024708149825e+43,195,True,224,45
0.28,100,238,drsr;dso;e2esr;gplearn;imcts;llmsr;pyoperon;pysr;qlattice;ragsr;tpsr;udsr,3.04024708149825e+43,117,True,138,31
0.28,1000,161,drsr;dso;e2esr;gplearn;imcts;llmsr;pyoperon;pysr;qlattice;ragsr;tpsr;udsr,3.04024708149825e+43,92,True,101,28
0.28,10000,124,drsr;dso;e2esr;gplearn;imcts;llmsr;pyoperon;pysr;qlattice;ragsr;tpsr;udsr,3.04024708149825e+43,69,True,84,24
0.29,10,366,drsr;dso;e2esr;gplearn;imcts;llmsr;pyoperon;pysr;qlattice;ragsr;tpsr;udsr,2.264491118503e+34,192,True,217,43
0.29,100,226,drsr;dso;e2esr;gplearn;imcts;llmsr;pyoperon;pysr;qlattice;ragsr;tpsr;udsr,2.264491118503e+34,114,True,131,29
0.29,1000,153,drsr;dso;e2esr;gplearn;imcts;llmsr;pyoperon;pysr;qlattice;ragsr;tpsr;udsr,2.264491118503e+34,89,True,96,26
0.29,10000,118,drsr;dso;e2esr;gplearn;imcts;llmsr;pyoperon;pysr;qlattice;ragsr;tpsr;udsr,2.264491118503e+34,67,True,79,22
0.3,10,361,drsr;dso;e2esr;gplearn;imcts;llmsr;pyoperon;pysr;qlattice;ragsr;tpsr;udsr,2.264491118503e+34,191,True,213,42
0.3,100,224,drsr;dso;e2esr;gplearn;imcts;llmsr;pyoperon;pysr;qlattice;ragsr;tpsr;udsr,2.264491118503e+34,113,True,130,29
0.3,1000,152,drsr;dso;e2esr;gplearn;imcts;llmsr;pyoperon;pysr;qlattice;ragsr;tpsr;udsr,2.264491118503e+34,88,True,96,26
0.3,10000,118,drsr;dso;e2esr;gplearn;imcts;llmsr;pyoperon;pysr;qlattice;ragsr;tpsr;udsr,2.264491118503e+34,67,True,79,22
0.31,10,355,drsr;dso;e2esr;gplearn;imcts;llmsr;pyoperon;pysr;qlattice;ragsr;tpsr;udsr,2.264491118503e+34,188,True,212,42
0.31,100,221,drsr;dso;e2esr;gplearn;imcts;llmsr;pyoperon;pysr;qlattice;ragsr;tpsr;udsr,2.264491118503e+34,111,True,130,29
0.31,1000,149,drsr;dso;e2esr;gplearn;imcts;llmsr;pyoperon;pysr;qlattice;ragsr;tpsr;udsr,2.264491118503e+34,86,True,96,26
0.31,10000,116,drsr;dso;e2esr;gplearn;imcts;llmsr;pyoperon;pysr;qlattice;ragsr;tpsr;udsr,2.264491118503e+34,66,True,79,22
0.32,10,352,drsr;dso;e2esr;gplearn;imcts;llmsr;pyoperon;pysr;qlattice;ragsr;tpsr;udsr,2.264491118503e+34,186,True,211,42
0.32,100,220,drsr;dso;e2esr;gplearn;imcts;llmsr;pyoperon;pysr;qlattice;ragsr;tpsr;udsr,2.264491118503e+34,111,True,130,29
0.32,1000,148,drsr;dso;e2esr;gplearn;imcts;llmsr;pyoperon;pysr;qlattice;ragsr;tpsr;udsr,2.264491118503e+34,86,True,96,26
0.32,10000,115,drsr;dso;e2esr;gplearn;imcts;llmsr;pyoperon;pysr;qlattice;ragsr;tpsr;udsr,2.264491118503e+34,66,True,79,22
0.33,10,346,drsr;dso;e2esr;gplearn;imcts;llmsr;pyoperon;pysr;qlattice;ragsr;tpsr;udsr,2.264491118503e+34,182,True,208,41
0.33,100,216,drsr;dso;e2esr;gplearn;imcts;llmsr;pyoperon;pysr;qlattice;ragsr;tpsr;udsr,2.264491118503e+34,108,True,128,29
0.33,1000,144,drsr;dso;e2esr;gplearn;imcts;llmsr;pyoperon;pysr;qlattice;ragsr;tpsr;udsr,2.264491118503e+34,83,True,94,26
0.33,10000,111,drsr;dso;e2esr;gplearn;imcts;llmsr;pyoperon;pysr;qlattice;ragsr;tpsr;udsr,2.264491118503e+34,63,True,77,22
0.34,10,340,drsr;dso;e2esr;gplearn;imcts;llmsr;pyoperon;pysr;qlattice;ragsr;tpsr;udsr,2.264491118503e+34,180,True,203,39
0.34,100,211,drsr;dso;e2esr;gplearn;imcts;llmsr;pyoperon;pysr;qlattice;ragsr;tpsr;udsr,2.264491118503e+34,107,True,123,27
0.34,1000,143,drsr;dso;e2esr;gplearn;imcts;llmsr;pyoperon;pysr;qlattice;ragsr;tpsr;udsr,2.264491118503e+34,83,True,93,25
0.34,10000,110,drsr;dso;e2esr;gplearn;imcts;llmsr;pyoperon;pysr;qlattice;ragsr;tpsr;udsr,2.264491118503e+34,63,True,76,21
0.35,10,335,drsr;dso;e2esr;gplearn;imcts;llmsr;pyoperon;pysr;qlattice;ragsr;tpsr;udsr,2.264491118503e+34,179,True,202,39
0.35,100,206,drsr;dso;e2esr;gplearn;imcts;llmsr;pyoperon;pysr;qlattice;ragsr;tpsr;udsr,2.264491118503e+34,106,True,122,27
0.35,1000,140,drsr;dso;e2esr;gplearn;imcts;llmsr;pyoperon;pysr;qlattice;ragsr;tpsr;udsr,2.264491118503e+34,83,True,92,25
0.35,10000,107,drsr;dso;e2esr;gplearn;imcts;llmsr;pyoperon;pysr;qlattice;ragsr;tpsr;udsr,2.264491118503e+34,63,True,75,21
0.36,10,328,drsr;dso;e2esr;gplearn;imcts;llmsr;pyoperon;pysr;qlattice;ragsr;tpsr;udsr,2.264491118503e+34,159,True,198,39
0.36,100,201,drsr;dso;e2esr;gplearn;imcts;llmsr;pyoperon;pysr;qlattice;ragsr;tpsr;udsr,2.264491118503e+34,90,True,119,27
0.36,1000,136,drsr;dso;e2esr;gplearn;imcts;llmsr;pyoperon;pysr;qlattice;ragsr;tpsr;udsr,2.264491118503e+34,70,True,89,25
0.36,10000,104,drsr;dso;e2esr;gplearn;imcts;llmsr;pyoperon;pysr;qlattice;ragsr;tpsr;udsr,2.264491118503e+34,54,True,72,21
0.37,10,323,drsr;dso;e2esr;gplearn;imcts;llmsr;pyoperon;pysr;qlattice;ragsr;tpsr;udsr,2.264491118503e+34,158,True,195,39
0.37,100,198,drsr;dso;e2esr;gplearn;imcts;llmsr;pyoperon;pysr;qlattice;ragsr;tpsr;udsr,2.264491118503e+34,89,True,117,27
0.37,1000,134,drsr;dso;e2esr;gplearn;imcts;llmsr;pyoperon;pysr;qlattice;ragsr;tpsr;udsr,2.264491118503e+34,70,True,87,25
0.37,10000,102,drsr;dso;e2esr;gplearn;imcts;llmsr;pyoperon;pysr;qlattice;ragsr;tpsr;udsr,2.264491118503e+34,54,True,70,21
0.38,10,313,drsr;dso;e2esr;gplearn;imcts;llmsr;pyoperon;pysr;qlattice;ragsr;tpsr;udsr,2.264491118503e+34,155,True,187,38
0.38,100,191,drsr;dso;e2esr;gplearn;imcts;llmsr;pyoperon;pysr;qlattice;ragsr;tpsr;udsr,2.264491118503e+34,86,True,112,26
0.38,1000,127,drsr;dso;e2esr;gplearn;imcts;llmsr;pyoperon;pysr;qlattice;ragsr;tpsr;udsr,2.264491118503e+34,67,True,82,24
0.38,10000,98,drsr;dso;e2esr;gplearn;imcts;llmsr;pyoperon;pysr;qlattice;ragsr;tpsr;udsr,2.264491118503e+34,53,True,67,20
0.39,10,306,drsr;dso;e2esr;gplearn;imcts;llmsr;pyoperon;pysr;qlattice;ragsr;tpsr;udsr,2.264491118503e+34,140,True,183,38
0.39,100,186,drsr;dso;e2esr;gplearn;imcts;llmsr;pyoperon;pysr;qlattice;ragsr;tpsr;udsr,2.264491118503e+34,74,True,109,26
0.39,1000,123,drsr;dso;e2esr;gplearn;imcts;llmsr;pyoperon;pysr;qlattice;ragsr;tpsr;udsr,2.264491118503e+34,58,True,79,24
0.39,10000,94,drsr;dso;e2esr;gplearn;imcts;llmsr;pyoperon;pysr;qlattice;ragsr;tpsr;udsr,2.264491118503e+34,46,True,64,20
0.4,10,303,drsr;dso;e2esr;gplearn;imcts;llmsr;pyoperon;pysr;qlattice;ragsr;tpsr;udsr,2.264491118503e+34,140,True,181,38
0.4,100,184,drsr;dso;e2esr;gplearn;imcts;llmsr;pyoperon;pysr;qlattice;ragsr;tpsr;udsr,2.264491118503e+34,74,True,108,26
0.4,1000,122,drsr;dso;e2esr;gplearn;imcts;llmsr;pyoperon;pysr;qlattice;ragsr;tpsr;udsr,2.264491118503e+34,58,True,79,24
0.4,10000,93,drsr;dso;e2esr;gplearn;imcts;llmsr;pyoperon;pysr;qlattice;ragsr;tpsr;udsr,2.264491118503e+34,46,True,64,20
0.41,10,298,drsr;dso;e2esr;gplearn;imcts;llmsr;pyoperon;pysr;qlattice;ragsr;tpsr;udsr,2.264491118503e+34,135,True,177,37
0.41,100,182,drsr;dso;e2esr;gplearn;imcts;llmsr;pyoperon;pysr;qlattice;ragsr;tpsr;udsr,2.264491118503e+34,71,True,107,26
0.41,1000,120,drsr;dso;e2esr;gplearn;imcts;llmsr;pyoperon;pysr;qlattice;ragsr;tpsr;udsr,2.264491118503e+34,57,True,78,24
0.41,10000,91,drsr;dso;e2esr;gplearn;imcts;llmsr;pyoperon;pysr;qlattice;ragsr;tpsr;udsr,2.264491118503e+34,46,True,63,20
0.42,10,285,drsr;dso;e2esr;gplearn;imcts;llmsr;pyoperon;pysr;qlattice;ragsr;tpsr;udsr,2.264491118503e+34,129,True,163,35
0.42,100,174,drsr;dso;e2esr;gplearn;imcts;llmsr;pyoperon;pysr;qlattice;ragsr;tpsr;udsr,2.264491118503e+34,66,True,103,26
0.42,1000,116,drsr;dso;e2esr;gplearn;imcts;llmsr;pyoperon;pysr;qlattice;ragsr;tpsr;udsr,2.264491118503e+34,52,True,82,25
0.42,10000,87,drsr;dso;e2esr;gplearn;imcts;llmsr;pyoperon;pysr;qlattice;ragsr;tpsr;udsr,2.264491118503e+34,42,True,66,20
0.43,10,284,drsr;dso;e2esr;gplearn;imcts;llmsr;pyoperon;pysr;qlattice;ragsr;tpsr;udsr,2.264491118503e+34,129,True,163,35
0.43,100,173,drsr;dso;e2esr;gplearn;imcts;llmsr;pyoperon;pysr;qlattice;ragsr;tpsr;udsr,2.264491118503e+34,66,True,103,26
0.43,1000,116,drsr;dso;e2esr;gplearn;imcts;llmsr;pyoperon;pysr;qlattice;ragsr;tpsr;udsr,2.264491118503e+34,52,True,82,25
0.43,10000,87,drsr;dso;e2esr;gplearn;imcts;llmsr;pyoperon;pysr;qlattice;ragsr;tpsr;udsr,2.264491118503e+34,42,True,66,20
0.44,10,280,drsr;dso;e2esr;gplearn;imcts;llmsr;pyoperon;pysr;qlattice;ragsr;tpsr;udsr,2.264491118503e+34,127,True,161,34
0.44,100,170,drsr;dso;e2esr;gplearn;imcts;llmsr;pyoperon;pysr;qlattice;ragsr;tpsr;udsr,2.264491118503e+34,64,True,102,25
0.44,1000,113,drsr;dso;e2esr;gplearn;imcts;llmsr;pyoperon;pysr;qlattice;ragsr;tpsr;udsr,2.264491118503e+34,50,True,81,24
0.44,10000,85,drsr;dso;e2esr;gplearn;imcts;llmsr;pyoperon;pysr;qlattice;ragsr;tpsr;udsr,2.264491118503e+34,40,True,65,19
0.45,10,278,drsr;dso;e2esr;gplearn;imcts;llmsr;pyoperon;pysr;qlattice;ragsr;tpsr;udsr,2.264491118503e+34,126,True,160,33
0.45,100,169,drsr;dso;e2esr;gplearn;imcts;llmsr;pyoperon;pysr;qlattice;ragsr;tpsr;udsr,2.264491118503e+34,64,True,101,24
0.45,1000,112,drsr;dso;e2esr;gplearn;imcts;llmsr;pyoperon;pysr;qlattice;ragsr;tpsr;udsr,2.264491118503e+34,50,True,80,23
0.45,10000,84,drsr;dso;e2esr;gplearn;imcts;llmsr;pyoperon;pysr;qlattice;ragsr;tpsr;udsr,2.264491118503e+34,40,True,64,18
0.46,10,270,drsr;dso;e2esr;gplearn;imcts;llmsr;pyoperon;pysr;qlattice;ragsr;tpsr;udsr,2.264491118503e+34,123,True,157,32
0.46,100,165,drsr;dso;e2esr;gplearn;imcts;llmsr;pyoperon;pysr;qlattice;ragsr;tpsr;udsr,2.264491118503e+34,64,True,101,24
0.46,1000,108,drsr;dso;e2esr;gplearn;imcts;llmsr;pyoperon;pysr;qlattice;ragsr;tpsr;udsr,2.264491118503e+34,50,True,80,23
0.46,10000,84,drsr;dso;e2esr;gplearn;imcts;llmsr;pyoperon;pysr;qlattice;ragsr;tpsr;udsr,2.264491118503e+34,40,True,64,18
0.47,10,263,drsr;dso;e2esr;gplearn;imcts;llmsr;pyoperon;pysr;qlattice;ragsr;tpsr;udsr,2.264491118503e+34,119,True,153,31
0.47,100,162,drsr;dso;e2esr;gplearn;imcts;llmsr;pyoperon;pysr;qlattice;ragsr;tpsr;udsr,2.264491118503e+34,63,True,99,23
0.47,1000,106,drsr;dso;e2esr;gplearn;imcts;llmsr;pyoperon;pysr;qlattice;ragsr;tpsr;udsr,2.264491118503e+34,49,True,78,22
0.47,10000,83,drsr;dso;e2esr;gplearn;imcts;llmsr;pyoperon;pysr;qlattice;ragsr;tpsr;udsr,2.264491118503e+34,39,True,63,17
0.48,10,258,drsr;dso;e2esr;gplearn;imcts;llmsr;pyoperon;pysr;qlattice;ragsr;tpsr;udsr,2.264491118503e+34,118,True,149,31
0.48,100,158,drsr;dso;e2esr;gplearn;imcts;llmsr;pyoperon;pysr;qlattice;ragsr;tpsr;udsr,2.264491118503e+34,62,True,96,23
0.48,1000,104,drsr;dso;e2esr;gplearn;imcts;llmsr;pyoperon;pysr;qlattice;ragsr;tpsr;udsr,2.264491118503e+34,49,True,77,22
0.48,10000,81,drsr;dso;e2esr;gplearn;imcts;llmsr;pyoperon;pysr;qlattice;ragsr;tpsr;udsr,2.264491118503e+34,39,True,62,17
0.49,10,250,drsr;dso;e2esr;gplearn;imcts;llmsr;pyoperon;pysr;qlattice;ragsr;tpsr;udsr,2.264491118503e+34,115,True,146,30
0.49,100,153,drsr;dso;e2esr;gplearn;imcts;llmsr;pyoperon;pysr;qlattice;ragsr;tpsr;udsr,2.264491118503e+34,61,True,93,22
0.49,1000,101,drsr;dso;e2esr;gplearn;imcts;llmsr;pyoperon;pysr;qlattice;ragsr;tpsr;udsr,2.264491118503e+34,48,True,74,21
0.49,10000,79,drsr;dso;e2esr;gplearn;imcts;llmsr;pyoperon;pysr;qlattice;ragsr;tpsr;udsr,2.264491118503e+34,38,True,60,16
0.5,10,237,drsr;dso;e2esr;gplearn;imcts;llmsr;pyoperon;pysr;qlattice;ragsr;tpsr;udsr,2.264491118503e+34,106,True,140,30
0.5,100,150,drsr;dso;e2esr;gplearn;imcts;llmsr;pyoperon;pysr;qlattice;ragsr;tpsr;udsr,2.264491118503e+34,59,True,92,22
0.5,1000,99,drsr;dso;e2esr;gplearn;imcts;llmsr;pyoperon;pysr;qlattice;ragsr;tpsr;udsr,2.264491118503e+34,46,True,74,21
0.5,10000,78,drsr;dso;e2esr;gplearn;imcts;llmsr;pyoperon;pysr;qlattice;ragsr;tpsr;udsr,2.264491118503e+34,37,True,60,16
0.51,10,234,drsr;dso;e2esr;gplearn;imcts;llmsr;pyoperon;pysr;qlattice;ragsr;tpsr;udsr,2.264491118503e+34,105,True,139,30
0.51,100,147,drsr;dso;e2esr;gplearn;imcts;llmsr;pyoperon;pysr;qlattice;ragsr;tpsr;udsr,2.264491118503e+34,58,True,91,22
0.51,1000,98,drsr;dso;e2esr;gplearn;imcts;llmsr;pyoperon;pysr;qlattice;ragsr;tpsr;udsr,2.264491118503e+34,46,True,73,21
0.51,10000,77,drsr;dso;e2esr;gplearn;imcts;llmsr;pyoperon;pysr;qlattice;ragsr;tpsr;udsr,2.264491118503e+34,37,True,59,16
0.52,10,231,drsr;dso;e2esr;gplearn;imcts;llmsr;pyoperon;pysr;qlattice;ragsr;tpsr;udsr,2.264491118503e+34,104,True,138,29
0.52,100,146,drsr;dso;e2esr;gplearn;imcts;llmsr;pyoperon;pysr;qlattice;ragsr;tpsr;udsr,2.264491118503e+34,58,True,90,21
0.52,1000,97,drsr;dso;e2esr;gplearn;imcts;llmsr;pyoperon;pysr;qlattice;ragsr;tpsr;udsr,2.264491118503e+34,46,True,72,20
0.52,10000,76,drsr;dso;e2esr;gplearn;imcts;llmsr;pyoperon;pysr;qlattice;ragsr;tpsr;udsr,2.264491118503e+34,37,True,58,15
0.53,10,222,drsr;dso;e2esr;gplearn;imcts;llmsr;pyoperon;pysr;qlattice;ragsr;tpsr;udsr,2.264491118503e+34,100,True,135,28
0.53,100,138,drsr;dso;e2esr;gplearn;imcts;llmsr;pyoperon;pysr;qlattice;ragsr;tpsr;udsr,2.264491118503e+34,55,True,87,20
0.53,1000,91,drsr;dso;e2esr;gplearn;imcts;llmsr;pyoperon;pysr;qlattice;ragsr;tpsr;udsr,2.264491118503e+34,43,True,69,19
0.53,10000,75,drsr;dso;e2esr;gplearn;imcts;llmsr;pyoperon;pysr;qlattice;ragsr;tpsr;udsr,2.264491118503e+34,37,True,57,14
0.54,10,217,drsr;dso;e2esr;gplearn;imcts;llmsr;pyoperon;pysr;qlattice;ragsr;tpsr;udsr,2.264491118503e+34,96,True,132,28
0.54,100,135,drsr;dso;e2esr;gplearn;imcts;llmsr;pyoperon;pysr;qlattice;ragsr;tpsr;udsr,2.264491118503e+34,55,True,86,20
0.54,1000,91,drsr;dso;e2esr;gplearn;imcts;llmsr;pyoperon;pysr;qlattice;ragsr;tpsr;udsr,2.264491118503e+34,43,True,69,19
0.54,10000,75,drsr;dso;e2esr;gplearn;imcts;llmsr;pyoperon;pysr;qlattice;ragsr;tpsr;udsr,2.264491118503e+34,37,True,57,14
0.55,10,214,drsr;dso;e2esr;gplearn;imcts;llmsr;pyoperon;pysr;qlattice;ragsr;tpsr;udsr,2.264491118503e+34,95,True,129,27
0.55,100,133,drsr;dso;e2esr;gplearn;imcts;llmsr;pyoperon;pysr;qlattice;ragsr;tpsr;udsr,2.264491118503e+34,55,True,84,20
0.55,1000,90,drsr;dso;e2esr;gplearn;imcts;llmsr;pyoperon;pysr;qlattice;ragsr;tpsr;udsr,2.264491118503e+34,43,True,68,19
0.55,10000,74,drsr;dso;e2esr;gplearn;imcts;llmsr;pyoperon;pysr;qlattice;ragsr;tpsr;udsr,2.264491118503e+34,37,True,56,14
0.56,10,203,drsr;dso;e2esr;gplearn;imcts;llmsr;pyoperon;pysr;qlattice;ragsr;tpsr;udsr,2.05291819565862e+34,91,True,123,27
0.56,100,123,drsr;dso;e2esr;gplearn;imcts;llmsr;pyoperon;pysr;qlattice;ragsr;tpsr;udsr,2.05291819565862e+34,51,True,79,20
0.56,1000,85,drsr;dso;e2esr;gplearn;imcts;llmsr;pyoperon;pysr;qlattice;ragsr;tpsr;udsr,2.05291819565862e+34,39,True,65,19
0.56,10000,69,drsr;dso;e2esr;gplearn;imcts;llmsr;pyoperon;pysr;qlattice;ragsr;tpsr;udsr,2.05291819565862e+34,33,True,53,14
0.57,10,197,drsr;dso;e2esr;gplearn;imcts;llmsr;pyoperon;pysr;qlattice;ragsr;tpsr;udsr,2.05291819565862e+34,89,True,120,27
0.57,100,117,drsr;dso;e2esr;gplearn;imcts;llmsr;pyoperon;pysr;qlattice;ragsr;tpsr;udsr,2.05291819565862e+34,49,True,76,20
0.57,1000,83,drsr;dso;e2esr;gplearn;imcts;llmsr;pyoperon;pysr;qlattice;ragsr;tpsr;udsr,2.05291819565862e+34,38,True,63,19
0.57,10000,68,drsr;dso;e2esr;gplearn;imcts;llmsr;pyoperon;pysr;qlattice;ragsr;tpsr;udsr,2.05291819565862e+34,33,True,52,14
0.58,10,187,drsr;dso;e2esr;gplearn;imcts;llmsr;pyoperon;pysr;qlattice;ragsr;tpsr;udsr,2.05291819565862e+34,86,True,115,26
0.58,100,109,drsr;dso;e2esr;gplearn;imcts;llmsr;pyoperon;pysr;qlattice;ragsr;tpsr;udsr,2.05291819565862e+34,46,True,72,19
0.58,1000,77,drsr;dso;e2esr;gplearn;imcts;llmsr;pyoperon;pysr;qlattice;ragsr;tpsr;udsr,2.05291819565862e+34,36,True,61,18
0.58,10000,64,drsr;dso;e2esr;gplearn;imcts;llmsr;pyoperon;pysr;qlattice;ragsr;tpsr;udsr,2.05291819565862e+34,32,True,50,13
0.59,10,178,drsr;dso;e2esr;gplearn;imcts;llmsr;pyoperon;pysr;qlattice;ragsr;tpsr;udsr,2.05291819565862e+34,83,True,110,25
0.59,100,104,drsr;dso;e2esr;gplearn;imcts;llmsr;pyoperon;pysr;qlattice;ragsr;tpsr;udsr,2.05291819565862e+34,45,True,70,18
0.59,1000,72,drsr;dso;e2esr;gplearn;imcts;llmsr;pyoperon;pysr;qlattice;ragsr;tpsr;udsr,2.05291819565862e+34,35,True,59,17
0.59,10000,61,drsr;dso;e2esr;gplearn;imcts;llmsr;pyoperon;pysr;qlattice;ragsr;tpsr;udsr,2.05291819565862e+34,31,True,49,13
0.6,10,171,drsr;dso;e2esr;gplearn;imcts;llmsr;pyoperon;pysr;qlattice;ragsr;tpsr;udsr,2.05291819565862e+34,82,True,106,25
0.6,100,99,drsr;dso;e2esr;gplearn;imcts;llmsr;pyoperon;pysr;qlattice;ragsr;tpsr;udsr,2.05291819565862e+34,44,True,66,18
0.6,1000,70,drsr;dso;e2esr;gplearn;imcts;llmsr;pyoperon;pysr;qlattice;ragsr;tpsr;udsr,2.05291819565862e+34,34,True,57,17
0.6,10000,59,drsr;dso;e2esr;gplearn;imcts;llmsr;pyoperon;pysr;qlattice;ragsr;tpsr;udsr,2.05291819565862e+34,30,True,47,13
0.61,10,167,drsr;dso;e2esr;gplearn;imcts;llmsr;pyoperon;pysr;qlattice;ragsr;tpsr;udsr,2.05291819565862e+34,74,True,106,25
0.61,100,97,drsr;dso;e2esr;gplearn;imcts;llmsr;pyoperon;pysr;qlattice;ragsr;tpsr;udsr,2.05291819565862e+34,39,True,66,18
0.61,1000,69,drsr;dso;e2esr;gplearn;imcts;llmsr;pyoperon;pysr;qlattice;ragsr;tpsr;udsr,2.05291819565862e+34,33,True,57,17
0.61,10000,58,drsr;dso;e2esr;gplearn;imcts;llmsr;pyoperon;pysr;qlattice;ragsr;tpsr;udsr,2.05291819565862e+34,29,True,47,13
0.62,10,156,drsr;dso;e2esr;gplearn;imcts;llmsr;pyoperon;pysr;qlattice;ragsr;tpsr;udsr,2.05291819565862e+34,70,True,101,25
0.62,100,90,drsr;dso;e2esr;gplearn;imcts;llmsr;pyoperon;pysr;qlattice;ragsr;tpsr;udsr,2.05291819565862e+34,36,True,62,18
0.62,1000,64,drsr;dso;e2esr;gplearn;imcts;llmsr;pyoperon;pysr;qlattice;ragsr;tpsr;udsr,2.05291819565862e+34,30,True,54,17
0.62,10000,53,drsr;dso;e2esr;gplearn;imcts;llmsr;pyoperon;pysr;qlattice;ragsr;tpsr;udsr,2.05291819565862e+34,26,True,44,13
0.63,10,153,drsr;dso;e2esr;gplearn;imcts;llmsr;pyoperon;pysr;qlattice;ragsr;tpsr;udsr,2.05291819565862e+34,66,True,100,25
0.63,100,88,drsr;dso;e2esr;gplearn;imcts;llmsr;pyoperon;pysr;qlattice;ragsr;tpsr;udsr,2.05291819565862e+34,35,True,62,18
0.63,1000,64,drsr;dso;e2esr;gplearn;imcts;llmsr;pyoperon;pysr;qlattice;ragsr;tpsr;udsr,2.05291819565862e+34,29,True,54,17
0.63,10000,53,drsr;dso;e2esr;gplearn;imcts;llmsr;pyoperon;pysr;qlattice;ragsr;tpsr;udsr,2.05291819565862e+34,26,True,44,13
0.64,10,147,drsr;dso;e2esr;gplearn;imcts;llmsr;pyoperon;pysr;qlattice;ragsr;tpsr;udsr,2.05291819565862e+34,64,True,94,23
0.64,100,83,drsr;dso;e2esr;gplearn;imcts;llmsr;pyoperon;pysr;qlattice;ragsr;tpsr;udsr,2.05291819565862e+34,33,True,57,16
0.64,1000,60,drsr;dso;e2esr;gplearn;imcts;llmsr;pyoperon;pysr;qlattice;ragsr;tpsr;udsr,2.05291819565862e+34,27,True,50,15
0.64,10000,51,drsr;dso;e2esr;gplearn;imcts;llmsr;pyoperon;pysr;qlattice;ragsr;tpsr;udsr,2.05291819565862e+34,25,True,42,12
0.65,10,143,drsr;dso;e2esr;gplearn;imcts;llmsr;pyoperon;pysr;qlattice;ragsr;tpsr;udsr,2.05291819565862e+34,64,True,90,22
0.65,100,79,drsr;dso;e2esr;gplearn;imcts;llmsr;pyoperon;pysr;qlattice;ragsr;tpsr;udsr,2.05291819565862e+34,33,True,53,15
0.65,1000,58,drsr;dso;e2esr;gplearn;imcts;llmsr;pyoperon;pysr;qlattice;ragsr;tpsr;udsr,2.05291819565862e+34,27,True,48,15
0.65,10000,49,drsr;dso;e2esr;gplearn;imcts;llmsr;pyoperon;pysr;qlattice;ragsr;tpsr;udsr,2.05291819565862e+34,25,True,40,12
0.66,10,122,drsr;dso;e2esr;gplearn;imcts;llmsr;pyoperon;pysr;qlattice;ragsr;tpsr;udsr,2.09944427590264e+29,52,True,73,15
0.66,100,60,drsr;dso;e2esr;gplearn;imcts;llmsr;pyoperon;pysr;qlattice;ragsr;tpsr;udsr,2.09944427590264e+29,22,True,37,8
0.66,1000,39,drsr;dso;e2esr;gplearn;imcts;llmsr;pyoperon;pysr;qlattice;ragsr;tpsr;udsr,2.09944427590264e+29,16,True,32,8
0.66,10000,30,drsr;dso;e2esr;gplearn;imcts;llmsr;pyoperon;pysr;qlattice;ragsr;tpsr;udsr,2.09944427590264e+29,14,True,24,5
0.67,10,117,drsr;dso;e2esr;gplearn;imcts;llmsr;pyoperon;pysr;qlattice;ragsr;tpsr;udsr,2.09944427590264e+29,50,True,69,13
0.67,100,56,drsr;dso;e2esr;gplearn;imcts;llmsr;pyoperon;pysr;qlattice;ragsr;tpsr;udsr,2.09944427590264e+29,21,True,33,6
0.67,1000,35,drsr;dso;e2esr;gplearn;imcts;llmsr;pyoperon;pysr;qlattice;ragsr;tpsr;udsr,2.09944427590264e+29,15,True,28,6
0.67,10000,26,drsr;e2esr;gplearn;imcts;llmsr;pyoperon;pysr;qlattice;ragsr;tpsr;udsr,2.09944427590264e+29,13,True,20,3
0.68,10,113,drsr;dso;e2esr;gplearn;imcts;llmsr;pyoperon;pysr;qlattice;ragsr;tpsr;udsr,2.09944427590264e+29,49,True,66,12
0.68,100,53,drsr;dso;e2esr;gplearn;imcts;llmsr;pyoperon;pysr;qlattice;ragsr;tpsr;udsr,2.09944427590264e+29,20,True,31,6
0.68,1000,33,drsr;dso;e2esr;gplearn;imcts;llmsr;pyoperon;pysr;qlattice;ragsr;tpsr;udsr,2.09944427590264e+29,15,True,26,6
0.68,10000,24,drsr;e2esr;gplearn;imcts;llmsr;pyoperon;pysr;qlattice;ragsr;tpsr;udsr,2.09944427590264e+29,13,True,18,3
0.69,10,101,drsr;dso;e2esr;gplearn;imcts;llmsr;pyoperon;pysr;qlattice;ragsr;tpsr;udsr,2.09944427590264e+29,45,True,58,8
0.69,100,44,drsr;dso;e2esr;gplearn;imcts;llmsr;pyoperon;pysr;qlattice;ragsr;tpsr;udsr,2.09944427590264e+29,18,True,25,3
0.69,1000,24,drsr;dso;e2esr;gplearn;imcts;llmsr;pyoperon;pysr;qlattice;ragsr;tpsr;udsr,2.09944427590264e+29,13,True,20,3
0.69,10000,18,drsr;e2esr;gplearn;imcts;llmsr;pyoperon;pysr;qlattice;ragsr;tpsr;udsr,2.09944427590264e+29,11,True,14,1
0.7,10,98,drsr;dso;e2esr;gplearn;imcts;llmsr;pyoperon;pysr;qlattice;ragsr;tpsr;udsr,2.09944427590264e+29,44,True,57,7
0.7,100,42,drsr;dso;e2esr;gplearn;imcts;llmsr;pyoperon;pysr;qlattice;ragsr;tpsr;udsr,2.09944427590264e+29,17,True,24,2
0.7,1000,23,drsr;e2esr;gplearn;imcts;llmsr;pyoperon;pysr;qlattice;ragsr;tpsr;udsr,2.09944427590264e+29,13,True,19,2
0.7,10000,18,drsr;e2esr;gplearn;imcts;llmsr;pyoperon;pysr;qlattice;ragsr;tpsr;udsr,2.09944427590264e+29,11,True,14,1
0.71,10,91,drsr;dso;e2esr;gplearn;imcts;llmsr;pyoperon;pysr;qlattice;ragsr;tpsr;udsr,2.09944427590264e+29,41,True,53,7
0.71,100,38,drsr;dso;e2esr;gplearn;imcts;llmsr;pyoperon;pysr;qlattice;ragsr;tpsr;udsr,2.09944427590264e+29,16,True,21,2
0.71,1000,21,drsr;e2esr;gplearn;imcts;llmsr;pyoperon;pysr;qlattice;ragsr;tpsr;udsr,2.09944427590264e+29,13,True,17,2
0.71,10000,17,drsr;e2esr;gplearn;imcts;llmsr;pyoperon;pysr;qlattice;ragsr;tpsr;udsr,2.09944427590264e+29,11,True,13,1
0.72,10,83,drsr;dso;e2esr;gplearn;imcts;llmsr;pyoperon;pysr;qlattice;ragsr;tpsr;udsr,2.09944427590264e+29,39,True,50,7
0.72,100,32,drsr;dso;e2esr;gplearn;imcts;llmsr;pyoperon;pysr;qlattice;ragsr;tpsr;udsr,2.09944427590264e+29,15,True,18,2
0.72,1000,18,drsr;e2esr;gplearn;imcts;llmsr;pyoperon;pysr;ragsr;tpsr;udsr,2.09944427590264e+29,12,True,15,2
0.72,10000,15,drsr;e2esr;gplearn;imcts;llmsr;pyoperon;pysr;ragsr;tpsr;udsr,2.09944427590264e+29,10,True,12,1
0.73,10,80,drsr;dso;e2esr;gplearn;imcts;llmsr;pyoperon;pysr;qlattice;ragsr;tpsr;udsr,2.09944427590264e+29,38,True,48,7
0.73,100,30,drsr;dso;e2esr;gplearn;imcts;llmsr;pyoperon;pysr;qlattice;ragsr;tpsr;udsr,2.09944427590264e+29,15,True,17,2
0.73,1000,16,drsr;e2esr;gplearn;imcts;llmsr;pyoperon;pysr;ragsr;tpsr;udsr,2.09944427590264e+29,12,True,14,2
0.73,10000,13,drsr;e2esr;gplearn;imcts;llmsr;pyoperon;pysr;ragsr;tpsr;udsr,2.09944427590264e+29,10,True,11,1
0.74,10,76,drsr;dso;e2esr;gplearn;imcts;llmsr;pyoperon;pysr;qlattice;ragsr;tpsr;udsr,2.09944427590264e+29,37,True,45,6
0.74,100,28,drsr;dso;e2esr;gplearn;imcts;llmsr;pyoperon;pysr;qlattice;ragsr;tpsr,2.09944427590264e+29,15,True,15,2
0.74,1000,15,drsr;e2esr;imcts;llmsr;pyoperon;pysr;ragsr;tpsr,2.09944427590264e+29,12,True,13,2
0.74,10000,12,drsr;e2esr;imcts;llmsr;pyoperon;pysr;ragsr;tpsr,2.09944427590264e+29,10,True,10,1
0.75,10,72,drsr;dso;e2esr;gplearn;imcts;llmsr;pyoperon;pysr;qlattice;ragsr;tpsr;udsr,2.09944427590264e+29,35,True,41,5
0.75,100,27,drsr;e2esr;gplearn;imcts;llmsr;pyoperon;pysr;qlattice;ragsr;tpsr,2.09944427590264e+29,14,True,14,2
0.75,1000,15,drsr;e2esr;imcts;llmsr;pyoperon;pysr;ragsr;tpsr,2.09944427590264e+29,12,True,13,2
0.75,10000,12,drsr;e2esr;imcts;llmsr;pyoperon;pysr;ragsr;tpsr,2.09944427590264e+29,10,True,10,1
0.76,10,72,drsr;dso;e2esr;gplearn;imcts;llmsr;pyoperon;pysr;qlattice;ragsr;tpsr;udsr,2.09944427590264e+29,35,True,41,5
0.76,100,27,drsr;e2esr;gplearn;imcts;llmsr;pyoperon;pysr;qlattice;ragsr;tpsr,2.09944427590264e+29,14,True,14,2
0.76,1000,15,drsr;e2esr;imcts;llmsr;pyoperon;pysr;ragsr;tpsr,2.09944427590264e+29,12,True,13,2
0.76,10000,12,drsr;e2esr;imcts;llmsr;pyoperon;pysr;ragsr;tpsr,2.09944427590264e+29,10,True,10,1
0.77,10,66,drsr;dso;e2esr;gplearn;imcts;llmsr;pyoperon;pysr;qlattice;ragsr;tpsr;udsr,2.09944427590264e+29,33,True,38,5
0.77,100,23,drsr;e2esr;gplearn;imcts;llmsr;pyoperon;pysr;qlattice;ragsr;tpsr,2.09944427590264e+29,13,True,13,2
0.77,1000,14,drsr;e2esr;imcts;llmsr;pyoperon;pysr;ragsr;tpsr,2.09944427590264e+29,11,True,12,2
0.77,10000,11,drsr;e2esr;imcts;llmsr;pyoperon;pysr;ragsr;tpsr,2.09944427590264e+29,9,True,9,1
0.78,10,61,drsr;dso;e2esr;gplearn;imcts;llmsr;pyoperon;pysr;qlattice;ragsr;tpsr;udsr,2.09944427590264e+29,30,True,33,4
0.78,100,22,drsr;e2esr;gplearn;imcts;llmsr;pyoperon;pysr;qlattice;ragsr;tpsr,2.09944427590264e+29,12,True,12,2
0.78,1000,13,drsr;e2esr;imcts;llmsr;pyoperon;pysr;ragsr;tpsr,2.09944427590264e+29,10,True,11,2
0.78,10000,11,drsr;e2esr;imcts;llmsr;pyoperon;pysr;ragsr;tpsr,2.09944427590264e+29,9,True,9,1
0.79,10,57,drsr;dso;e2esr;gplearn;imcts;llmsr;pyoperon;pysr;qlattice;ragsr;tpsr;udsr,2.09944427590264e+29,27,True,30,4
0.79,100,20,drsr;e2esr;gplearn;imcts;llmsr;pyoperon;pysr;qlattice;ragsr;tpsr,2.09944427590264e+29,11,True,11,2
0.79,1000,12,drsr;e2esr;imcts;llmsr;pyoperon;pysr;ragsr;tpsr,2.09944427590264e+29,9,True,10,2
0.79,10000,11,drsr;e2esr;imcts;llmsr;pyoperon;pysr;ragsr;tpsr,2.09944427590264e+29,9,True,9,1
0.8,10,52,drsr;dso;e2esr;gplearn;imcts;llmsr;pyoperon;pysr;qlattice;ragsr;tpsr;udsr,2.09944427590264e+29,24,True,28,3
0.8,100,19,drsr;e2esr;gplearn;imcts;llmsr;pyoperon;pysr;qlattice;ragsr;tpsr,2.09944427590264e+29,11,True,11,2
0.8,1000,12,drsr;e2esr;imcts;llmsr;pyoperon;pysr;ragsr;tpsr,2.09944427590264e+29,9,True,10,2
0.8,10000,11,drsr;e2esr;imcts;llmsr;pyoperon;pysr;ragsr;tpsr,2.09944427590264e+29,9,True,9,1
0.81,10,47,drsr;dso;e2esr;gplearn;imcts;llmsr;pyoperon;pysr;qlattice;ragsr;tpsr;udsr,2.09944427590264e+29,22,True,27,2
0.81,100,16,drsr;e2esr;gplearn;imcts;llmsr;pyoperon;pysr;qlattice;ragsr;tpsr,2.09944427590264e+29,10,True,11,2
0.81,1000,12,drsr;e2esr;imcts;llmsr;pyoperon;pysr;ragsr;tpsr,2.09944427590264e+29,9,True,10,2
0.81,10000,11,drsr;e2esr;imcts;llmsr;pyoperon;pysr;ragsr;tpsr,2.09944427590264e+29,9,True,9,1
0.82,10,44,drsr;dso;e2esr;gplearn;imcts;llmsr;pyoperon;pysr;qlattice;ragsr;tpsr,2.09944427590264e+29,21,True,26,2
0.82,100,16,drsr;e2esr;gplearn;imcts;llmsr;pyoperon;pysr;qlattice;ragsr;tpsr,2.09944427590264e+29,10,True,11,2
0.82,1000,12,drsr;e2esr;imcts;llmsr;pyoperon;pysr;ragsr;tpsr,2.09944427590264e+29,9,True,10,2
0.82,10000,11,drsr;e2esr;imcts;llmsr;pyoperon;pysr;ragsr;tpsr,2.09944427590264e+29,9,True,9,1
0.83,10,41,drsr;dso;e2esr;gplearn;imcts;llmsr;pyoperon;pysr;qlattice;ragsr;tpsr,2.09944427590264e+29,21,True,26,2
0.83,100,15,drsr;e2esr;gplearn;imcts;llmsr;pyoperon;pysr;ragsr;tpsr,2.09944427590264e+29,10,True,11,2
0.83,1000,12,drsr;e2esr;imcts;llmsr;pyoperon;pysr;ragsr;tpsr,2.09944427590264e+29,9,True,10,2
0.83,10000,11,drsr;e2esr;imcts;llmsr;pyoperon;pysr;ragsr;tpsr,2.09944427590264e+29,9,True,9,1
0.84,10,37,drsr;dso;e2esr;gplearn;imcts;llmsr;pyoperon;pysr;qlattice;ragsr;tpsr,2.09944427590264e+29,21,True,25,2
0.84,100,14,drsr;e2esr;gplearn;imcts;llmsr;pyoperon;pysr;ragsr;tpsr,2.09944427590264e+29,10,True,11,2
0.84,1000,12,drsr;e2esr;imcts;llmsr;pyoperon;pysr;ragsr;tpsr,2.09944427590264e+29,9,True,10,2
0.84,10000,11,drsr;e2esr;imcts;llmsr;pyoperon;pysr;ragsr;tpsr,2.09944427590264e+29,9,True,9,1
0.85,10,35,drsr;dso;e2esr;gplearn;imcts;llmsr;pyoperon;pysr;qlattice;ragsr;tpsr,2.09944427590264e+29,19,True,23,2
0.85,100,14,drsr;e2esr;gplearn;imcts;llmsr;pyoperon;pysr;ragsr;tpsr,2.09944427590264e+29,10,True,11,2
0.85,1000,12,drsr;e2esr;imcts;llmsr;pyoperon;pysr;ragsr;tpsr,2.09944427590264e+29,9,True,10,2
0.85,10000,11,drsr;e2esr;imcts;llmsr;pyoperon;pysr;ragsr;tpsr,2.09944427590264e+29,9,True,9,1
0.86,10,33,drsr;dso;e2esr;gplearn;imcts;llmsr;pyoperon;pysr;qlattice;ragsr;tpsr,2.09944427590264e+29,19,True,22,2
0.86,100,14,drsr;e2esr;gplearn;imcts;llmsr;pyoperon;pysr;ragsr;tpsr,2.09944427590264e+29,10,True,11,2
0.86,1000,12,drsr;e2esr;imcts;llmsr;pyoperon;pysr;ragsr;tpsr,2.09944427590264e+29,9,True,10,2
0.86,10000,11,drsr;e2esr;imcts;llmsr;pyoperon;pysr;ragsr;tpsr,2.09944427590264e+29,9,True,9,1
0.87,10,26,drsr;dso;e2esr;gplearn;imcts;llmsr;pyoperon;pysr;qlattice;ragsr;tpsr,2.09944427590264e+29,16,True,20,2
0.87,100,14,drsr;e2esr;gplearn;imcts;llmsr;pyoperon;pysr;ragsr;tpsr,2.09944427590264e+29,10,True,11,2
0.87,1000,12,drsr;e2esr;imcts;llmsr;pyoperon;pysr;ragsr;tpsr,2.09944427590264e+29,9,True,10,2
0.87,10000,11,drsr;e2esr;imcts;llmsr;pyoperon;pysr;ragsr;tpsr,2.09944427590264e+29,9,True,9,1
0.875,10,24,drsr;dso;e2esr;gplearn;imcts;llmsr;pyoperon;pysr;qlattice;ragsr;tpsr,2.09944427590264e+29,15,True,19,2
0.875,100,12,drsr;e2esr;imcts;llmsr;pysr;ragsr;tpsr,2.09944427590264e+29,9,True,10,2
0.875,1000,11,drsr;e2esr;imcts;llmsr;pysr;ragsr;tpsr,2.09944427590264e+29,8,True,9,2
0.875,10000,10,drsr;e2esr;imcts;llmsr;pysr;ragsr;tpsr,2.09944427590264e+29,8,True,8,1
0.88,10,22,drsr;dso;e2esr;gplearn;imcts;llmsr;pyoperon;pysr;qlattice;ragsr;tpsr,2.09944427590264e+29,15,True,18,2
0.88,100,12,drsr;e2esr;imcts;llmsr;pysr;ragsr;tpsr,2.09944427590264e+29,9,True,10,2
0.88,1000,11,drsr;e2esr;imcts;llmsr;pysr;ragsr;tpsr,2.09944427590264e+29,8,True,9,2
0.88,10000,10,drsr;e2esr;imcts;llmsr;pysr;ragsr;tpsr,2.09944427590264e+29,8,True,8,1
0.89,10,20,drsr;dso;e2esr;gplearn;imcts;llmsr;pyoperon;pysr;qlattice;ragsr;tpsr,2.09944427590264e+29,13,True,16,2
0.89,100,12,drsr;e2esr;imcts;llmsr;pysr;ragsr;tpsr,2.09944427590264e+29,9,True,10,2
0.89,1000,11,drsr;e2esr;imcts;llmsr;pysr;ragsr;tpsr,2.09944427590264e+29,8,True,9,2
0.89,10000,10,drsr;e2esr;imcts;llmsr;pysr;ragsr;tpsr,2.09944427590264e+29,8,True,8,1
0.9,10,18,drsr;e2esr;gplearn;imcts;llmsr;pyoperon;pysr;ragsr;tpsr,2.09944427590264e+29,12,True,15,2
0.9,100,12,drsr;e2esr;imcts;llmsr;pysr;ragsr;tpsr,2.09944427590264e+29,9,True,10,2
0.9,1000,11,drsr;e2esr;imcts;llmsr;pysr;ragsr;tpsr,2.09944427590264e+29,8,True,9,2
0.9,10000,10,drsr;e2esr;imcts;llmsr;pysr;ragsr;tpsr,2.09944427590264e+29,8,True,8,1
0.91,10,16,drsr;e2esr;imcts;llmsr;pyoperon;pysr;ragsr;tpsr,2.09944427590264e+29,11,True,14,2
0.91,100,12,drsr;e2esr;imcts;llmsr;pysr;ragsr;tpsr,2.09944427590264e+29,9,True,10,2
0.91,1000,11,drsr;e2esr;imcts;llmsr;pysr;ragsr;tpsr,2.09944427590264e+29,8,True,9,2
0.91,10000,10,drsr;e2esr;imcts;llmsr;pysr;ragsr;tpsr,2.09944427590264e+29,8,True,8,1
0.92,10,16,drsr;e2esr;imcts;llmsr;pyoperon;pysr;ragsr;tpsr,2.09944427590264e+29,11,True,14,2
0.92,100,12,drsr;e2esr;imcts;llmsr;pysr;ragsr;tpsr,2.09944427590264e+29,9,True,10,2
0.92,1000,11,drsr;e2esr;imcts;llmsr;pysr;ragsr;tpsr,2.09944427590264e+29,8,True,9,2
0.92,10000,10,drsr;e2esr;imcts;llmsr;pysr;ragsr;tpsr,2.09944427590264e+29,8,True,8,1
0.93,10,16,drsr;e2esr;imcts;llmsr;pyoperon;pysr;ragsr;tpsr,2.09944427590264e+29,11,True,14,2
0.93,100,12,drsr;e2esr;imcts;llmsr;pysr;ragsr;tpsr,2.09944427590264e+29,9,True,10,2
0.93,1000,11,drsr;e2esr;imcts;llmsr;pysr;ragsr;tpsr,2.09944427590264e+29,8,True,9,2
0.93,10000,10,drsr;e2esr;imcts;llmsr;pysr;ragsr;tpsr,2.09944427590264e+29,8,True,8,1
0.94,10,14,drsr;e2esr;imcts;llmsr;pysr;ragsr;tpsr,2.09944427590264e+29,9,True,12,2
0.94,100,12,drsr;e2esr;imcts;llmsr;pysr;ragsr;tpsr,2.09944427590264e+29,9,True,10,2
0.94,1000,11,drsr;e2esr;imcts;llmsr;pysr;ragsr;tpsr,2.09944427590264e+29,8,True,9,2
0.94,10000,10,drsr;e2esr;imcts;llmsr;pysr;ragsr;tpsr,2.09944427590264e+29,8,True,8,1
0.95,10,14,drsr;e2esr;imcts;llmsr;pysr;ragsr;tpsr,2.09944427590264e+29,9,True,12,2
0.95,100,12,drsr;e2esr;imcts;llmsr;pysr;ragsr;tpsr,2.09944427590264e+29,9,True,10,2
0.95,1000,11,drsr;e2esr;imcts;llmsr;pysr;ragsr;tpsr,2.09944427590264e+29,8,True,9,2
0.95,10000,10,drsr;e2esr;imcts;llmsr;pysr;ragsr;tpsr,2.09944427590264e+29,8,True,8,1
0.96,10,14,drsr;e2esr;imcts;llmsr;pysr;ragsr;tpsr,2.09944427590264e+29,9,True,12,2
0.96,100,12,drsr;e2esr;imcts;llmsr;pysr;ragsr;tpsr,2.09944427590264e+29,9,True,10,2
0.96,1000,11,drsr;e2esr;imcts;llmsr;pysr;ragsr;tpsr,2.09944427590264e+29,8,True,9,2
0.96,10000,10,drsr;e2esr;imcts;llmsr;pysr;ragsr;tpsr,2.09944427590264e+29,8,True,8,1
0.97,10,14,drsr;e2esr;imcts;llmsr;pysr;ragsr;tpsr,2.09944427590264e+29,9,True,12,2
0.97,100,12,drsr;e2esr;imcts;llmsr;pysr;ragsr;tpsr,2.09944427590264e+29,9,True,10,2
0.97,1000,11,drsr;e2esr;imcts;llmsr;pysr;ragsr;tpsr,2.09944427590264e+29,8,True,9,2
0.97,10000,10,drsr;e2esr;imcts;llmsr;pysr;ragsr;tpsr,2.09944427590264e+29,8,True,8,1
0.98,10,14,drsr;e2esr;imcts;llmsr;pysr;ragsr;tpsr,2.09944427590264e+29,9,True,12,2
0.98,100,12,drsr;e2esr;imcts;llmsr;pysr;ragsr;tpsr,2.09944427590264e+29,9,True,10,2
0.98,1000,11,drsr;e2esr;imcts;llmsr;pysr;ragsr;tpsr,2.09944427590264e+29,8,True,9,2
0.98,10000,10,drsr;e2esr;imcts;llmsr;pysr;ragsr;tpsr,2.09944427590264e+29,8,True,8,1
0.99,10,14,drsr;e2esr;imcts;llmsr;pysr;ragsr;tpsr,2.09944427590264e+29,9,True,12,2
0.99,100,12,drsr;e2esr;imcts;llmsr;pysr;ragsr;tpsr,2.09944427590264e+29,9,True,10,2
0.99,1000,11,drsr;e2esr;imcts;llmsr;pysr;ragsr;tpsr,2.09944427590264e+29,8,True,9,2
0.99,10000,10,drsr;e2esr;imcts;llmsr;pysr;ragsr;tpsr,2.09944427590264e+29,8,True,8,1
1,10,0,,0,0,False,0,0
1,100,0,,0,0,False,0,0
1,1000,0,,0,0,False,0,0
1,10000,0,,0,0,False,0,0
