weight,spearman_vs_w070,kendall_vs_w070,top1_overlap,top3_overlap,top5_overlap,pairwise_order_flip_count,changed_algorithms
0,0.27972027972028,0.242424242424242,0,0.333333333333333,0.6,25,drsr;dso;e2esr;gplearn;imcts;llmsr;pyoperon;pysr;qlattice;ragsr;tpsr;udsr
0.01,0.27972027972028,0.242424242424242,0,0.333333333333333,0.6,25,drsr;dso;e2esr;gplearn;imcts;llmsr;pyoperon;pysr;qlattice;ragsr;tpsr;udsr
0.02,0.27972027972028,0.242424242424242,0,0.333333333333333,0.6,25,drsr;dso;e2esr;gplearn;imcts;llmsr;pyoperon;pysr;qlattice;ragsr;tpsr;udsr
0.03,0.335664335664336,0.272727272727273,0,0.333333333333333,0.6,24,drsr;dso;e2esr;gplearn;imcts;llmsr;pyoperon;pysr;qlattice;ragsr;tpsr;udsr
0.04,0.335664335664336,0.272727272727273,0,0.333333333333333,0.6,24,drsr;dso;e2esr;gplearn;imcts;llmsr;pyoperon;pysr;qlattice;ragsr;tpsr;udsr
0.05,0.377622377622378,0.303030303030303,0,0.666666666666667,0.6,23,drsr;dso;e2esr;gplearn;imcts;llmsr;pyoperon;pysr;qlattice;ragsr;tpsr;udsr
0.06,0.377622377622378,0.303030303030303,0,0.666666666666667,0.6,23,drsr;dso;e2esr;gplearn;imcts;llmsr;pyoperon;pysr;qlattice;ragsr;tpsr;udsr
0.07,0.433566433566434,0.333333333333333,0,0.666666666666667,0.6,22,drsr;dso;e2esr;gplearn;imcts;llmsr;pyoperon;pysr;qlattice;ragsr;tpsr;udsr
0.08,0.433566433566434,0.333333333333333,0,0.666666666666667,0.6,22,drsr;dso;e2esr;gplearn;imcts;llmsr;pyoperon;pysr;qlattice;ragsr;tpsr;udsr
0.09,0.482517482517482,0.363636363636364,0,0.666666666666667,0.6,21,drsr;dso;e2esr;gplearn;imcts;llmsr;pyoperon;pysr;qlattice;ragsr;tpsr;udsr
0.1,0.482517482517482,0.363636363636364,0,0.666666666666667,0.6,21,drsr;dso;e2esr;gplearn;imcts;llmsr;pyoperon;pysr;qlattice;ragsr;tpsr;udsr
0.11,0.566433566433566,0.424242424242424,0,0.666666666666667,0.6,19,drsr;dso;e2esr;gplearn;imcts;llmsr;pyoperon;pysr;qlattice;ragsr;tpsr;udsr
0.12,0.566433566433566,0.424242424242424,0,0.666666666666667,0.6,19,drsr;dso;e2esr;gplearn;imcts;llmsr;pyoperon;pysr;qlattice;ragsr;tpsr;udsr
0.13,0.566433566433566,0.424242424242424,0,0.666666666666667,0.6,19,drsr;dso;e2esr;gplearn;imcts;llmsr;pyoperon;pysr;qlattice;ragsr;tpsr;udsr
0.14,0.580419580419581,0.454545454545455,0,0.666666666666667,0.6,18,drsr;dso;e2esr;gplearn;imcts;llmsr;pyoperon;pysr;qlattice;ragsr;tpsr;udsr
0.15,0.580419580419581,0.454545454545455,0,0.666666666666667,0.6,18,drsr;dso;e2esr;gplearn;imcts;llmsr;pyoperon;pysr;qlattice;ragsr;tpsr;udsr
0.16,0.629370629370629,0.484848484848485,0,0.666666666666667,0.6,17,drsr;dso;e2esr;gplearn;imcts;llmsr;pyoperon;pysr;qlattice;ragsr;tpsr;udsr
0.17,0.629370629370629,0.484848484848485,0,0.666666666666667,0.6,17,drsr;dso;e2esr;gplearn;imcts;llmsr;pyoperon;pysr;qlattice;ragsr;tpsr;udsr
0.18,0.629370629370629,0.484848484848485,0,0.666666666666667,0.6,17,drsr;dso;e2esr;gplearn;imcts;llmsr;pyoperon;pysr;qlattice;ragsr;tpsr;udsr
0.19,0.664335664335664,0.515151515151515,0,0.666666666666667,0.6,16,drsr;dso;e2esr;gplearn;imcts;llmsr;pyoperon;pysr;qlattice;ragsr;tpsr;udsr
0.2,0.706293706293706,0.545454545454545,0,0.666666666666667,0.8,15,drsr;dso;e2esr;gplearn;imcts;llmsr;pyoperon;pysr;qlattice;ragsr;tpsr;udsr
0.21,0.706293706293706,0.545454545454545,0,0.666666666666667,0.8,15,drsr;dso;e2esr;gplearn;imcts;llmsr;pyoperon;pysr;qlattice;ragsr;tpsr;udsr
0.22,0.706293706293706,0.545454545454545,0,0.666666666666667,0.8,15,drsr;dso;e2esr;gplearn;imcts;llmsr;pyoperon;pysr;qlattice;ragsr;tpsr;udsr
0.23,0.741258741258741,0.575757575757576,0,0.666666666666667,0.8,14,drsr;dso;e2esr;gplearn;imcts;llmsr;pysr;qlattice;ragsr;tpsr;udsr
0.24,0.783216783216783,0.606060606060606,0,0.666666666666667,0.8,13,drsr;dso;e2esr;gplearn;imcts;llmsr;pysr;qlattice;ragsr;tpsr;udsr
0.25,0.79020979020979,0.636363636363636,0,0.666666666666667,0.8,12,drsr;dso;e2esr;gplearn;imcts;llmsr;pyoperon;pysr;qlattice;ragsr;tpsr;udsr
0.26,0.846153846153846,0.696969696969697,0,0.666666666666667,0.8,10,drsr;dso;e2esr;gplearn;imcts;llmsr;pyoperon;pysr;qlattice;ragsr;tpsr;udsr
0.27,0.846153846153846,0.696969696969697,0,0.666666666666667,0.8,10,drsr;dso;e2esr;gplearn;imcts;llmsr;pyoperon;pysr;qlattice;ragsr;tpsr;udsr
0.28,0.846153846153846,0.696969696969697,0,0.666666666666667,0.8,10,drsr;dso;e2esr;gplearn;imcts;llmsr;pyoperon;pysr;qlattice;ragsr;tpsr;udsr
0.29,0.846153846153846,0.696969696969697,0,0.666666666666667,0.8,10,drsr;dso;e2esr;gplearn;imcts;llmsr;pyoperon;pysr;qlattice;ragsr;tpsr;udsr
0.3,0.846153846153846,0.696969696969697,0,0.666666666666667,0.8,10,drsr;dso;e2esr;gplearn;imcts;llmsr;pyoperon;pysr;qlattice;ragsr;tpsr;udsr
0.31,0.846153846153846,0.696969696969697,0,0.666666666666667,0.8,10,drsr;dso;e2esr;gplearn;imcts;llmsr;pyoperon;pysr;qlattice;ragsr;tpsr;udsr
0.32,0.846153846153846,0.696969696969697,0,0.666666666666667,0.8,10,drsr;dso;e2esr;gplearn;imcts;llmsr;pyoperon;pysr;qlattice;ragsr;tpsr;udsr
0.33,0.846153846153846,0.696969696969697,0,0.666666666666667,0.8,10,drsr;dso;e2esr;gplearn;imcts;llmsr;pyoperon;pysr;qlattice;ragsr;tpsr;udsr
0.34,0.846153846153846,0.696969696969697,0,0.666666666666667,0.8,10,drsr;dso;e2esr;gplearn;imcts;llmsr;pyoperon;pysr;qlattice;ragsr;tpsr;udsr
0.35,0.846153846153846,0.696969696969697,0,0.666666666666667,0.8,10,drsr;dso;e2esr;gplearn;imcts;llmsr;pyoperon;pysr;qlattice;ragsr;tpsr;udsr
0.36,0.881118881118881,0.757575757575758,0,1,0.8,8,drsr;e2esr;gplearn;imcts;llmsr;pyoperon;pysr;qlattice;ragsr;tpsr
0.37,0.881118881118881,0.757575757575758,0,1,0.8,8,drsr;e2esr;gplearn;imcts;llmsr;pyoperon;pysr;qlattice;ragsr;tpsr
0.38,0.888111888111888,0.787878787878788,1,1,0.8,7,drsr;e2esr;gplearn;llmsr;pyoperon;qlattice;ragsr;tpsr
0.39,0.916083916083916,0.818181818181818,1,1,0.8,6,drsr;e2esr;gplearn;llmsr;pyoperon;qlattice;tpsr
0.4,0.916083916083916,0.818181818181818,1,1,0.8,6,drsr;e2esr;gplearn;llmsr;pyoperon;qlattice;tpsr
0.41,0.937062937062937,0.848484848484849,1,1,0.8,5,drsr;e2esr;gplearn;llmsr;pyoperon;qlattice;tpsr
0.42,0.951048951048951,0.878787878787879,1,1,1,4,e2esr;gplearn;llmsr;pyoperon;qlattice;tpsr
0.43,0.951048951048951,0.878787878787879,1,1,1,4,e2esr;gplearn;llmsr;pyoperon;qlattice;tpsr
0.44,0.951048951048951,0.878787878787879,1,1,1,4,e2esr;gplearn;llmsr;pyoperon;qlattice;tpsr
0.45,0.951048951048951,0.878787878787879,1,1,1,4,e2esr;gplearn;llmsr;pyoperon;qlattice;tpsr
0.46,0.951048951048951,0.878787878787879,1,1,1,4,e2esr;gplearn;llmsr;pyoperon;qlattice;tpsr
0.47,0.951048951048951,0.878787878787879,1,1,1,4,e2esr;gplearn;llmsr;pyoperon;qlattice;tpsr
0.48,0.951048951048951,0.878787878787879,1,1,1,4,e2esr;gplearn;llmsr;pyoperon;qlattice;tpsr
0.49,0.951048951048951,0.878787878787879,1,1,1,4,e2esr;gplearn;llmsr;pyoperon;qlattice;tpsr
0.5,0.951048951048951,0.878787878787879,1,1,1,4,e2esr;gplearn;llmsr;pyoperon;qlattice;tpsr
0.51,0.951048951048951,0.878787878787879,1,1,1,4,e2esr;gplearn;llmsr;pyoperon;qlattice;tpsr
0.52,0.951048951048951,0.878787878787879,1,1,1,4,e2esr;gplearn;llmsr;pyoperon;qlattice;tpsr
0.53,0.951048951048951,0.878787878787879,1,1,1,4,e2esr;gplearn;llmsr;pyoperon;qlattice;tpsr
0.54,0.972027972027972,0.909090909090909,1,1,1,3,e2esr;gplearn;llmsr;qlattice;tpsr
0.55,0.972027972027972,0.909090909090909,1,1,1,3,e2esr;gplearn;llmsr;qlattice;tpsr
0.56,0.972027972027972,0.909090909090909,1,1,1,3,e2esr;gplearn;llmsr;qlattice;tpsr
0.57,0.972027972027972,0.909090909090909,1,1,1,3,e2esr;gplearn;llmsr;qlattice;tpsr
0.58,0.972027972027972,0.909090909090909,1,1,1,3,e2esr;gplearn;llmsr;qlattice;tpsr
0.59,0.972027972027972,0.909090909090909,1,1,1,3,e2esr;gplearn;llmsr;qlattice;tpsr
0.6,0.972027972027972,0.909090909090909,1,1,1,3,e2esr;gplearn;llmsr;qlattice;tpsr
0.61,0.993006993006993,0.96969696969697,1,1,1,1,qlattice;tpsr
0.62,0.993006993006993,0.96969696969697,1,1,1,1,qlattice;tpsr
0.63,1,1,1,1,1,0,
0.64,1,1,1,1,1,0,
0.65,1,1,1,1,1,0,
0.66,1,1,1,1,1,0,
0.67,1,1,1,1,1,0,
0.68,1,1,1,1,1,0,
0.69,1,1,1,1,1,0,
0.7,1,1,1,1,1,0,
0.71,1,1,1,1,1,0,
0.72,1,1,1,1,1,0,
0.73,1,1,1,1,1,0,
0.74,0.993006993006993,0.96969696969697,1,1,1,1,e2esr;pyoperon
0.75,0.972027972027972,0.909090909090909,1,1,1,3,e2esr;pyoperon;pysr;tpsr;udsr
0.76,0.972027972027972,0.909090909090909,1,1,1,3,e2esr;pyoperon;pysr;tpsr;udsr
0.77,0.972027972027972,0.909090909090909,1,1,1,3,e2esr;pyoperon;pysr;tpsr;udsr
0.78,0.972027972027972,0.909090909090909,1,1,1,3,e2esr;pyoperon;pysr;tpsr;udsr
0.79,0.965034965034965,0.878787878787879,1,1,1,4,pyoperon;pysr;tpsr;udsr
0.8,0.965034965034965,0.878787878787879,1,1,1,4,pyoperon;pysr;tpsr;udsr
0.81,0.965034965034965,0.878787878787879,1,1,1,4,pyoperon;pysr;tpsr;udsr
0.82,0.965034965034965,0.878787878787879,1,1,1,4,pyoperon;pysr;tpsr;udsr
0.83,0.965034965034965,0.878787878787879,1,1,1,4,pyoperon;pysr;tpsr;udsr
0.84,0.965034965034965,0.878787878787879,1,1,1,4,pyoperon;pysr;tpsr;udsr
0.85,0.965034965034965,0.878787878787879,1,1,1,4,pyoperon;pysr;tpsr;udsr
0.86,0.965034965034965,0.878787878787879,1,1,1,4,pyoperon;pysr;tpsr;udsr
0.87,0.965034965034965,0.878787878787879,1,1,1,4,pyoperon;pysr;tpsr;udsr
0.875,0.965034965034965,0.878787878787879,1,1,1,4,pyoperon;pysr;tpsr;udsr
0.88,0.965034965034965,0.878787878787879,1,1,1,4,pyoperon;pysr;tpsr;udsr
0.89,0.965034965034965,0.878787878787879,1,1,1,4,pyoperon;pysr;tpsr;udsr
0.9,0.965034965034965,0.878787878787879,1,1,1,4,pyoperon;pysr;tpsr;udsr
0.91,0.965034965034965,0.878787878787879,1,1,1,4,pyoperon;pysr;tpsr;udsr
0.92,0.958041958041958,0.848484848484849,1,1,1,5,drsr;dso;pyoperon;pysr;tpsr;udsr
0.93,0.958041958041958,0.848484848484849,1,1,1,5,drsr;dso;pyoperon;pysr;tpsr;udsr
0.94,0.958041958041958,0.848484848484849,1,1,1,5,drsr;dso;pyoperon;pysr;tpsr;udsr
0.95,0.958041958041958,0.848484848484849,1,1,1,5,drsr;dso;pyoperon;pysr;tpsr;udsr
0.96,0.958041958041958,0.848484848484849,1,1,1,5,drsr;dso;pyoperon;pysr;tpsr;udsr
0.97,0.958041958041958,0.848484848484849,1,1,1,5,drsr;dso;pyoperon;pysr;tpsr;udsr
0.98,0.958041958041958,0.848484848484849,1,1,1,5,drsr;dso;pyoperon;pysr;tpsr;udsr
0.99,0.958041958041958,0.848484848484849,1,1,1,5,drsr;dso;pyoperon;pysr;tpsr;udsr
1,0.958041958041958,0.848484848484849,1,1,1,5,drsr;dso;pyoperon;pysr;tpsr;udsr
