task_id,algorithm,dataset_id,seed,noise_tag,noise_sigma,status,source_result,target_dir,reason
fepysr__seed520__clean__g0001,fepysr,g0001,520,clean,0,harvested,/home/zhangziwen/workplace/scientific-intelligent-modelling/A_Neurips_experiments/rebuttal/01_new3algs_full664_3seeds_clean_1h/smoke/remote-experiments/iaaccn27/fepysr/seed520/tasks/fepysr_s520_clean_g0001/iaaccn27/fepysr/g0001_BPG0/experiments/g0001_BPG0_fepysr_seed520_20260725-025124/result.json,/home/zhangziwen/workplace/scientific-intelligent-modelling/A_Neurips_experiments/rebuttal/01_new3algs_full664_3seeds_clean_1h/smoke/runs/fepysr/seed520/clean/g0001,
fepysr__seed520__clean__g0002,fepysr,g0002,520,clean,0,harvested,/home/zhangziwen/workplace/scientific-intelligent-modelling/A_Neurips_experiments/rebuttal/01_new3algs_full664_3seeds_clean_1h/smoke/remote-experiments/iaaccn25/fepysr/seed520/tasks/fepysr_s520_clean_g0002/iaaccn25/fepysr/g0002_BPG1/experiments/g0002_BPG1_fepysr_seed520_20260725-025131/result.json,/home/zhangziwen/workplace/scientific-intelligent-modelling/A_Neurips_experiments/rebuttal/01_new3algs_full664_3seeds_clean_1h/smoke/runs/fepysr/seed520/clean/g0002,
fepysr__seed521__clean__g0001,fepysr,g0001,521,clean,0,harvested,/home/zhangziwen/workplace/scientific-intelligent-modelling/A_Neurips_experiments/rebuttal/01_new3algs_full664_3seeds_clean_1h/smoke/remote-experiments/iaaccn22/fepysr/seed521/tasks/fepysr_s521_clean_g0001/iaaccn22/fepysr/g0001_BPG0/result.json,/home/zhangziwen/workplace/scientific-intelligent-modelling/A_Neurips_experiments/rebuttal/01_new3algs_full664_3seeds_clean_1h/smoke/runs/fepysr/seed521/clean/g0001,
fepysr__seed521__clean__g0002,fepysr,g0002,521,clean,0,harvested,/home/zhangziwen/workplace/scientific-intelligent-modelling/A_Neurips_experiments/rebuttal/01_new3algs_full664_3seeds_clean_1h/smoke/remote-experiments/iaaccn27/fepysr/seed521/tasks/fepysr_s521_clean_g0002/iaaccn27/fepysr/g0002_BPG1/experiments/g0002_BPG1_fepysr_seed521_20260725-030337/result.json,/home/zhangziwen/workplace/scientific-intelligent-modelling/A_Neurips_experiments/rebuttal/01_new3algs_full664_3seeds_clean_1h/smoke/runs/fepysr/seed521/clean/g0002,
fepysr__seed522__clean__g0001,fepysr,g0001,522,clean,0,harvested,/home/zhangziwen/workplace/scientific-intelligent-modelling/A_Neurips_experiments/rebuttal/01_new3algs_full664_3seeds_clean_1h/smoke/remote-experiments/iaaccn25/fepysr/seed522/tasks/fepysr_s522_clean_g0001/iaaccn25/fepysr/g0001_BPG0/experiments/g0001_BPG0_fepysr_seed522_20260725-030346/result.json,/home/zhangziwen/workplace/scientific-intelligent-modelling/A_Neurips_experiments/rebuttal/01_new3algs_full664_3seeds_clean_1h/smoke/runs/fepysr/seed522/clean/g0001,
fepysr__seed522__clean__g0002,fepysr,g0002,522,clean,0,harvested,/home/zhangziwen/workplace/scientific-intelligent-modelling/A_Neurips_experiments/rebuttal/01_new3algs_full664_3seeds_clean_1h/smoke/remote-experiments/iaaccn23/fepysr/seed522/tasks/fepysr_s522_clean_g0002/iaaccn23/fepysr/g0002_BPG1/result.json,/home/zhangziwen/workplace/scientific-intelligent-modelling/A_Neurips_experiments/rebuttal/01_new3algs_full664_3seeds_clean_1h/smoke/runs/fepysr/seed522/clean/g0002,
jaxsr__seed520__clean__g0001,jaxsr,g0001,520,clean,0,harvested,/home/zhangziwen/workplace/scientific-intelligent-modelling/A_Neurips_experiments/rebuttal/01_new3algs_full664_3seeds_clean_1h/smoke/remote-experiments/iaaccn27/jaxsr/seed520/tasks/jaxsr_s520_clean_g0001/iaaccn27/jaxsr/g0001_BPG0/experiments/g0001_BPG0_jaxsr_seed520_20260725-025124/result.json,/home/zhangziwen/workplace/scientific-intelligent-modelling/A_Neurips_experiments/rebuttal/01_new3algs_full664_3seeds_clean_1h/smoke/runs/jaxsr/seed520/clean/g0001,
jaxsr__seed520__clean__g0002,jaxsr,g0002,520,clean,0,harvested,/home/zhangziwen/workplace/scientific-intelligent-modelling/A_Neurips_experiments/rebuttal/01_new3algs_full664_3seeds_clean_1h/smoke/remote-experiments/iaaccn25/jaxsr/seed520/tasks/jaxsr_s520_clean_g0002/iaaccn25/jaxsr/g0002_BPG1/experiments/g0002_BPG1_jaxsr_seed520_20260725-025131/result.json,/home/zhangziwen/workplace/scientific-intelligent-modelling/A_Neurips_experiments/rebuttal/01_new3algs_full664_3seeds_clean_1h/smoke/runs/jaxsr/seed520/clean/g0002,
jaxsr__seed521__clean__g0001,jaxsr,g0001,521,clean,0,harvested,/home/zhangziwen/workplace/scientific-intelligent-modelling/A_Neurips_experiments/rebuttal/01_new3algs_full664_3seeds_clean_1h/smoke/remote-experiments/iaaccn22/jaxsr/seed521/tasks/jaxsr_s521_clean_g0001/iaaccn22/jaxsr/g0001_BPG0/result.json,/home/zhangziwen/workplace/scientific-intelligent-modelling/A_Neurips_experiments/rebuttal/01_new3algs_full664_3seeds_clean_1h/smoke/runs/jaxsr/seed521/clean/g0001,
jaxsr__seed521__clean__g0002,jaxsr,g0002,521,clean,0,harvested,/home/zhangziwen/workplace/scientific-intelligent-modelling/A_Neurips_experiments/rebuttal/01_new3algs_full664_3seeds_clean_1h/smoke/remote-experiments/iaaccn27/jaxsr/seed521/tasks/jaxsr_s521_clean_g0002/iaaccn27/jaxsr/g0002_BPG1/result.json,/home/zhangziwen/workplace/scientific-intelligent-modelling/A_Neurips_experiments/rebuttal/01_new3algs_full664_3seeds_clean_1h/smoke/runs/jaxsr/seed521/clean/g0002,
jaxsr__seed522__clean__g0001,jaxsr,g0001,522,clean,0,harvested,/home/zhangziwen/workplace/scientific-intelligent-modelling/A_Neurips_experiments/rebuttal/01_new3algs_full664_3seeds_clean_1h/smoke/remote-experiments/iaaccn25/jaxsr/seed522/tasks/jaxsr_s522_clean_g0001/iaaccn25/jaxsr/g0001_BPG0/experiments/g0001_BPG0_jaxsr_seed522_20260725-030512/result.json,/home/zhangziwen/workplace/scientific-intelligent-modelling/A_Neurips_experiments/rebuttal/01_new3algs_full664_3seeds_clean_1h/smoke/runs/jaxsr/seed522/clean/g0001,
jaxsr__seed522__clean__g0002,jaxsr,g0002,522,clean,0,harvested,/home/zhangziwen/workplace/scientific-intelligent-modelling/A_Neurips_experiments/rebuttal/01_new3algs_full664_3seeds_clean_1h/smoke/remote-experiments/iaaccn23/jaxsr/seed522/tasks/jaxsr_s522_clean_g0002/iaaccn23/jaxsr/g0002_BPG1/result.json,/home/zhangziwen/workplace/scientific-intelligent-modelling/A_Neurips_experiments/rebuttal/01_new3algs_full664_3seeds_clean_1h/smoke/runs/jaxsr/seed522/clean/g0002,
symbolfit__seed520__clean__g0001,symbolfit,g0001,520,clean,0,harvested,/home/zhangziwen/workplace/scientific-intelligent-modelling/A_Neurips_experiments/rebuttal/01_new3algs_full664_3seeds_clean_1h/smoke/remote-experiments/iaaccn27/symbolfit/seed520/tasks/symbolfit_s520_clean_g0001/iaaccn27/symbolfit/g0001_BPG0/result.json,/home/zhangziwen/workplace/scientific-intelligent-modelling/A_Neurips_experiments/rebuttal/01_new3algs_full664_3seeds_clean_1h/smoke/runs/symbolfit/seed520/clean/g0001,
symbolfit__seed520__clean__g0002,symbolfit,g0002,520,clean,0,harvested,/home/zhangziwen/workplace/scientific-intelligent-modelling/A_Neurips_experiments/rebuttal/01_new3algs_full664_3seeds_clean_1h/smoke/remote-experiments/iaaccn25/symbolfit/seed520/tasks/symbolfit_s520_clean_g0002/iaaccn25/symbolfit/g0002_BPG1/result.json,/home/zhangziwen/workplace/scientific-intelligent-modelling/A_Neurips_experiments/rebuttal/01_new3algs_full664_3seeds_clean_1h/smoke/runs/symbolfit/seed520/clean/g0002,
symbolfit__seed521__clean__g0001,symbolfit,g0001,521,clean,0,harvested,/home/zhangziwen/workplace/scientific-intelligent-modelling/A_Neurips_experiments/rebuttal/01_new3algs_full664_3seeds_clean_1h/smoke/remote-experiments/iaaccn22/symbolfit/seed521/tasks/symbolfit_s521_clean_g0001/iaaccn22/symbolfit/g0001_BPG0/result.json,/home/zhangziwen/workplace/scientific-intelligent-modelling/A_Neurips_experiments/rebuttal/01_new3algs_full664_3seeds_clean_1h/smoke/runs/symbolfit/seed521/clean/g0001,
symbolfit__seed521__clean__g0002,symbolfit,g0002,521,clean,0,harvested,/home/zhangziwen/workplace/scientific-intelligent-modelling/A_Neurips_experiments/rebuttal/01_new3algs_full664_3seeds_clean_1h/smoke/remote-experiments/iaaccn25/symbolfit/seed521/tasks/symbolfit_s521_clean_g0002/iaaccn25/symbolfit/g0002_BPG1/experiments/g0002_BPG1_symbolfit_seed521_20260725-030346/result.json,/home/zhangziwen/workplace/scientific-intelligent-modelling/A_Neurips_experiments/rebuttal/01_new3algs_full664_3seeds_clean_1h/smoke/runs/symbolfit/seed521/clean/g0002,
symbolfit__seed522__clean__g0001,symbolfit,g0001,522,clean,0,harvested,/home/zhangziwen/workplace/scientific-intelligent-modelling/A_Neurips_experiments/rebuttal/01_new3algs_full664_3seeds_clean_1h/smoke/remote-experiments/iaaccn27/symbolfit/seed522/tasks/symbolfit_s522_clean_g0001/iaaccn27/symbolfit/g0001_BPG0/experiments/g0001_BPG0_symbolfit_seed522_20260725-030611/result.json,/home/zhangziwen/workplace/scientific-intelligent-modelling/A_Neurips_experiments/rebuttal/01_new3algs_full664_3seeds_clean_1h/smoke/runs/symbolfit/seed522/clean/g0001,
symbolfit__seed522__clean__g0002,symbolfit,g0002,522,clean,0,harvested,/home/zhangziwen/workplace/scientific-intelligent-modelling/A_Neurips_experiments/rebuttal/01_new3algs_full664_3seeds_clean_1h/smoke/remote-experiments/iaaccn23/symbolfit/seed522/tasks/symbolfit_s522_clean_g0002/iaaccn23/symbolfit/g0002_BPG1/result.json,/home/zhangziwen/workplace/scientific-intelligent-modelling/A_Neurips_experiments/rebuttal/01_new3algs_full664_3seeds_clean_1h/smoke/runs/symbolfit/seed522/clean/g0002,
