algorithm,run_count,ID,OOD
QLattice,150,32.579928613800803,23.856348686424319
drsr,150,51.146269462225284,41.861985087921617
dso,150,33.262097256242157,28.873680381334417
e2esr,150,8.4738917120048676,7.815052466483297
fepysr,150,43.841601956352527,38.049171518637444
gplearn,150,30.22232474075706,24.290232241608884
iMCTS,150,57.682740663155592,56.556934963670614
jaxsr,150,37.028912930907076,29.28191741919952
llmsr,150,48.712927981246779,39.479130522445161
pyoperon,150,27.681591698009271,22.835364594812241
pysr,150,53.227659390053944,51.431316999044526
ragsr,150,7.0216089168921147,7.2690148773592229
symbolfit,150,47.224982578731442,35.556952464235088
tpsr,150,8.1076485376930663,8.4944993766084878
udsr,150,61.798750812737502,51.872416275718251
