algorithm,dataset_id,seed_520_valid_output,seed_521_valid_output,seed_522_valid_output,pair_520_521,pair_520_522,pair_521_522,numerical_consistency,validity,structural_consistency,m_stab
QLattice,BPG3,true,true,true,different_structure,different_structure,different_structure,0.82063873392971753,1,0,0
QLattice,BPG5,true,true,true,different_structure,different_structure,different_structure,0.68505719904267925,1,0,0
QLattice,BPG9,true,true,true,different_structure,different_structure,different_structure,0.92067389656853216,1,0,0
QLattice,CRK0,true,true,true,different_structure,different_structure,same_canonical_structure,0.90209691557327398,1,0.33333333333333331,0.66995245215241839
QLattice,CRK10,true,true,true,different_structure,different_structure,different_structure,0.77316519851907273,1,0,0
QLattice,CRK11,true,true,true,different_structure,different_structure,different_structure,0.9059176192211863,1,0,0
QLattice,CRK33,true,true,true,different_structure,different_structure,different_structure,0.96556301744072037,1,0,0
QLattice,CRK34,true,true,true,different_structure,different_structure,different_structure,0.97286928696168995,1,0,0
QLattice,I.11.19_4_0,true,true,true,different_structure,different_structure,different_structure,0.99112584591676556,1,0,0
QLattice,II.11.27_1_0,true,true,true,different_structure,different_structure,different_structure,0.90552419773190951,1,0,0
QLattice,II.34.2_1_0,true,true,true,different_structure,different_structure,different_structure,0.79476861982785296,1,0,0
QLattice,II.6.15b_3_0,true,true,true,different_structure,different_structure,different_structure,0.86117249741135804,1,0,0
QLattice,III.21.20_3_0,true,true,true,different_structure,different_structure,different_structure,0.98812647878129611,1,0,0
QLattice,Keijzer-11,true,true,true,different_structure,different_structure,different_structure,0.96785310643010702,1,0,0
QLattice,Keijzer-2,true,true,true,different_structure,different_structure,different_structure,0.98621739706036038,1,0,0
QLattice,Korns-2,true,true,true,same_canonical_structure,same_canonical_structure,same_canonical_structure,0.98926851285164741,1,1,0.99640996468688114
QLattice,Korns-4,true,true,true,different_structure,same_canonical_structure,different_structure,0.99939949088587798,1,0.33333333333333331,0.69322245663828275
QLattice,MatSci21,true,true,true,different_structure,different_structure,different_structure,0.90465948749974012,1,0,0
QLattice,Nguyen-12,true,true,true,different_structure,different_structure,different_structure,0.96711173018104368,1,0,0
QLattice,Nguyen-6,true,true,true,different_structure,same_canonical_structure,different_structure,0.96285578856807374,1,0.33333333333333331,0.6846679474859757
QLattice,Nguyen-9,true,true,true,different_structure,different_structure,different_structure,0.95135393062579643,1,0,0
QLattice,PO19,true,true,true,different_structure,different_structure,different_structure,0.97671476289939807,1,0,0
QLattice,PO41,true,true,true,different_structure,different_structure,different_structure,0.9736805542493101,1,0,0
QLattice,Vladislavleva-4,true,true,true,different_structure,different_structure,different_structure,0.98773355906809956,1,0,0
QLattice,feynman-bonus.20,true,true,true,different_structure,different_structure,different_structure,0.99821772520841368,1,0,0
QLattice,feynman-i.11.19,true,true,true,same_canonical_structure,different_structure,different_structure,0.87988141943990528,1,0.33333333333333331,0.66440714983176052
QLattice,feynman-i.13.12,true,true,true,same_canonical_structure,same_canonical_structure,same_canonical_structure,0.99793987793718752,1,1,0.99931282053828219
QLattice,feynman-i.15.3t,true,true,true,same_canonical_structure,same_canonical_structure,same_canonical_structure,0.98989542738126202,1,1,0.99662040029987231
QLattice,feynman-i.18.16,true,true,true,different_structure,different_structure,different_structure,0.97834336734457839,1,0,0
QLattice,feynman-i.29.16,true,true,true,different_structure,different_structure,different_structure,0.98568533786322399,1,0,0
QLattice,feynman-i.32.5,true,true,true,same_canonical_structure,same_canonical_structure,same_canonical_structure,0.99909371047133821,1,1,0.99969781218216713
QLattice,feynman-i.39.22,true,true,true,different_structure,different_structure,different_structure,0.8478298518408951,1,0,0
QLattice,feynman-i.43.31,true,true,true,same_canonical_structure,same_canonical_structure,same_canonical_structure,0.99857664522998413,1,1,0.99952532312751252
QLattice,feynman-ii.27.18,true,true,true,same_canonical_structure,same_canonical_structure,same_canonical_structure,0.99853770946338549,1,1,0.9995123320397481
QLattice,feynman-ii.34.11,true,true,true,different_structure,same_canonical_structure,different_structure,0.78075987207473252,1,0.33333333333333331,0.63845762273742734
QLattice,feynman-ii.34.2a,true,true,true,different_structure,different_structure,different_structure,0.78233854834102956,1,0,0
QLattice,feynman-ii.4.23,true,true,true,different_structure,different_structure,different_structure,0.892157081168787,1,0,0
QLattice,feynman-iii.10.19,true,true,true,different_structure,different_structure,different_structure,0.99997172720514871,1,0,0
QLattice,feynman-iii.7.38,true,true,true,different_structure,different_structure,different_structure,0.6418655161157214,1,0,0
QLattice,feynman_II_15_4,true,true,true,different_structure,different_structure,different_structure,0.95646489384954503,1,0,0
QLattice,feynman_I_12_11,true,true,true,different_structure,different_structure,different_structure,0.97090208831798108,1,0,0
QLattice,feynman_I_27_6,true,true,true,different_structure,different_structure,different_structure,0.99366901272775532,1,0,0
QLattice,feynman_test_15,true,true,true,different_structure,different_structure,different_structure,0.98663215009424954,1,0,0
QLattice,first_principles_hubble,true,true,true,same_canonical_structure,different_structure,same_canonical_structure,0.99071462265981125,1,0.66666666666666663,0.87086821115013968
QLattice,first_principles_leavitt,true,true,true,same_canonical_structure,same_canonical_structure,same_canonical_structure,0.98205739446866191,1,1,0.99398299981203442
QLattice,strogatz_barmag1,true,true,true,different_structure,different_structure,different_structure,0.9635842334668272,1,0,0
QLattice,strogatz_barmag2,true,true,true,same_canonical_structure,same_canonical_structure,same_canonical_structure,0.99283361259872815,1,1,0.99760547502626196
QLattice,strogatz_predprey2,true,true,true,different_structure,different_structure,different_structure,0.9097888065833023,1,0,0
QLattice,strogatz_shearflow1,true,true,true,different_structure,different_structure,same_canonical_structure,0.99706466043308906,1,0.33333333333333331,0.69268219254376062
QLattice,strogatz_vdp1,true,true,true,same_canonical_structure,same_canonical_structure,same_canonical_structure,0.92771624505679851,1,1,0.97530036594769043
drsr,BPG3,true,true,true,different_structure,different_structure,different_structure,0.91214888105093728,1,0,0
drsr,BPG5,true,true,true,different_structure,different_structure,different_structure,0.99951831132160607,1,0,0
drsr,BPG9,true,true,true,different_structure,different_structure,different_structure,0.83567794548498542,1,0,0
drsr,CRK0,true,true,true,different_structure,different_structure,different_structure,0.98403264374870592,1,0,0
drsr,CRK10,true,true,true,different_structure,different_structure,different_structure,0.90386325206653106,1,0,0
drsr,CRK11,true,true,true,different_structure,different_structure,different_structure,0.97097013734248383,1,0,0
drsr,CRK33,true,true,true,different_structure,different_structure,different_structure,0.9745494627501905,1,0,0
drsr,CRK34,true,true,true,different_structure,different_structure,different_structure,0.97183943097462966,1,0,0
drsr,I.11.19_4_0,true,true,true,different_structure,different_structure,different_structure,0.98986864756473991,1,0,0
drsr,II.11.27_1_0,true,true,true,different_structure,different_structure,different_structure,0.95162772400286832,1,0,0
drsr,II.34.2_1_0,true,true,true,different_structure,different_structure,different_structure,1,1,0,0
drsr,II.6.15b_3_0,true,true,true,different_structure,different_structure,same_canonical_structure,0.99802229592409375,1,0.33333333333333331,0.69290388488486232
drsr,III.21.20_3_0,true,true,true,different_structure,different_structure,different_structure,0.93638381617014843,1,0,0
drsr,Keijzer-11,true,true,true,different_structure,different_structure,different_structure,0.85995615474934339,1,0,0
drsr,Keijzer-2,true,true,true,different_structure,different_structure,different_structure,0.95547019432200853,1,0,0
drsr,Korns-2,true,true,true,different_structure,different_structure,different_structure,0.99674895067428493,1,0,0
drsr,Korns-4,true,true,true,different_structure,different_structure,different_structure,0.99819197915603408,1,0,0
drsr,MatSci21,true,true,true,different_structure,different_structure,different_structure,0.99936830482964201,1,0,0
drsr,Nguyen-12,true,true,true,different_structure,different_structure,different_structure,1,1,0,0
drsr,Nguyen-6,true,true,true,different_structure,different_structure,different_structure,0.86835533327462944,1,0,0
drsr,Nguyen-9,true,true,true,different_structure,same_canonical_structure,different_structure,0.97709440867533071,1,0.33333333333333331,0.68802638165095253
drsr,PO19,true,true,true,different_structure,different_structure,different_structure,0.98350950848650909,1,0,0
drsr,PO41,true,true,true,different_structure,different_structure,different_structure,0.92449997194808275,1,0,0
drsr,Vladislavleva-4,true,true,true,different_structure,different_structure,different_structure,0.99513881003211524,1,0,0
drsr,feynman-bonus.20,true,true,true,different_structure,different_structure,different_structure,0.99998240471538391,1,0,0
drsr,feynman-i.11.19,true,true,true,different_structure,different_structure,different_structure,0.97908559087705371,1,0,0
drsr,feynman-i.13.12,true,true,true,different_structure,different_structure,different_structure,0.97432710870462302,1,0,0
drsr,feynman-i.15.3t,true,true,true,different_structure,different_structure,different_structure,0.99999732519199347,1,0,0
drsr,feynman-i.18.16,true,true,true,different_structure,different_structure,different_structure,0.39577599128614716,1,0,0
drsr,feynman-i.29.16,true,true,true,different_structure,different_structure,different_structure,0.99344677051056185,1,0,0
drsr,feynman-i.32.5,true,true,true,different_structure,different_structure,different_structure,0.993388119868444,1,0,0
drsr,feynman-i.39.22,true,true,true,different_structure,different_structure,different_structure,0.99337616123159911,1,0,0
drsr,feynman-i.43.31,true,true,true,different_structure,different_structure,different_structure,0.98871920811688752,1,0,0
drsr,feynman-ii.27.18,true,true,true,different_structure,different_structure,different_structure,0.71486773561149775,1,0,0
drsr,feynman-ii.34.11,true,true,true,different_structure,different_structure,different_structure,0.99891472689657534,1,0,0
drsr,feynman-ii.34.2a,true,true,true,different_structure,different_structure,different_structure,0.99962476504301734,1,0,0
drsr,feynman-ii.4.23,true,true,true,different_structure,different_structure,different_structure,0.42039373579533945,1,0,0
drsr,feynman-iii.10.19,true,true,true,different_structure,different_structure,different_structure,0.95207875281056764,1,0,0
drsr,feynman-iii.7.38,true,true,true,different_structure,different_structure,different_structure,0.99999985779381062,1,0,0
drsr,feynman_II_15_4,true,true,true,same_canonical_structure,same_canonical_structure,same_canonical_structure,1,1,1,1
drsr,feynman_I_12_11,true,true,true,different_structure,different_structure,different_structure,0.46394765056914011,1,0,0
drsr,feynman_I_27_6,true,true,true,different_structure,different_structure,different_structure,0.51595389330603658,1,0,0
drsr,feynman_test_15,true,true,true,different_structure,different_structure,different_structure,0.98495163860760926,1,0,0
drsr,first_principles_hubble,true,true,true,different_structure,different_structure,different_structure,0.99420081742050348,1,0,0
drsr,first_principles_leavitt,true,true,true,different_structure,different_structure,different_structure,0.98821636475960184,1,0,0
drsr,strogatz_barmag1,true,true,true,same_canonical_structure,different_structure,different_structure,1,1,0.33333333333333331,0.69336127435063466
drsr,strogatz_barmag2,true,true,true,same_canonical_structure,different_structure,different_structure,1,1,0.33333333333333331,0.69336127435063466
drsr,strogatz_predprey2,true,true,true,different_structure,different_structure,different_structure,0.77350891798115951,1,0,0
drsr,strogatz_shearflow1,true,true,true,different_structure,different_structure,different_structure,0.98219233210761081,1,0,0
drsr,strogatz_vdp1,true,true,true,different_structure,different_structure,different_structure,1,1,0,0
dso,BPG3,true,true,true,different_structure,mathematically_equivalent,different_structure,0.99325097911206284,1,0.33333333333333331,0.69179791543613689
dso,BPG5,true,true,true,different_structure,different_structure,different_structure,0.98659431291341637,1,0,0
dso,BPG9,true,true,true,different_structure,different_structure,different_structure,0.99655177506170378,1,0,0
dso,CRK0,true,true,true,mathematically_equivalent,different_structure,different_structure,0.95190938372739264,1,0.33333333333333331,0.68206346097601844
dso,CRK10,true,true,true,different_structure,different_structure,different_structure,0.92902597805340814,1,0,0
dso,CRK11,true,true,true,different_structure,different_structure,different_structure,0.92424790541405821,1,0,0
dso,CRK33,true,true,true,different_structure,different_structure,mathematically_equivalent,0.95830310174569378,1,0.33333333333333331,0.68358713331828957
dso,CRK34,true,true,true,different_structure,different_structure,different_structure,0.97598030287170523,1,0,0
dso,I.11.19_4_0,true,true,true,different_structure,different_structure,different_structure,0.99444051093278363,1,0,0
dso,II.11.27_1_0,true,true,true,different_structure,different_structure,different_structure,0.96572106730764162,1,0,0
dso,II.34.2_1_0,true,true,true,mathematically_equivalent,mathematically_equivalent,mathematically_equivalent,1,1,1,1
dso,II.6.15b_3_0,true,true,true,different_structure,different_structure,different_structure,0.99731677550889986,1,0,0
dso,III.21.20_3_0,true,true,true,mathematically_equivalent,different_structure,different_structure,0.60626686074270997,1,0.33333333333333331,0.58683254559119247
dso,Keijzer-11,true,true,true,different_structure,different_structure,different_structure,0.95629655899718835,1,0,0
dso,Keijzer-2,true,true,true,different_structure,different_structure,different_structure,0.98886463427375948,1,0,0
dso,Korns-2,true,true,true,different_structure,different_structure,different_structure,0.92233137793801812,1,0,0
dso,Korns-4,true,true,true,different_structure,different_structure,different_structure,0.87239854658628413,1,0,0
dso,MatSci21,true,true,true,different_structure,different_structure,different_structure,0.98487588179302743,1,0,0
dso,Nguyen-12,true,true,true,different_structure,different_structure,different_structure,0.95451587360787737,1,0,0
dso,Nguyen-6,true,true,true,mathematically_equivalent,mathematically_equivalent,mathematically_equivalent,1,1,1,1
dso,Nguyen-9,true,true,true,mathematically_equivalent,mathematically_equivalent,mathematically_equivalent,1,1,1,1
dso,PO19,true,true,true,different_structure,different_structure,different_structure,0.98512572306381874,1,0,0
dso,PO41,true,true,true,different_structure,different_structure,different_structure,0.99267485240702125,1,0,0
dso,Vladislavleva-4,true,true,true,different_structure,different_structure,different_structure,0.99873863749184044,1,0,0
dso,feynman-bonus.20,true,true,true,different_structure,different_structure,different_structure,0.93922930788667502,1,0,0
dso,feynman-i.11.19,true,true,true,different_structure,different_structure,different_structure,0.99506283351033975,1,0,0
dso,feynman-i.13.12,true,true,true,mathematically_equivalent,mathematically_equivalent,mathematically_equivalent,1,1,1,1
dso,feynman-i.15.3t,true,true,true,different_structure,different_structure,different_structure,0.99946980961342702,1,0,0
dso,feynman-i.18.16,true,true,true,mathematically_equivalent,mathematically_equivalent,mathematically_equivalent,1,1,1,1
dso,feynman-i.29.16,true,true,true,different_structure,different_structure,different_structure,0.99118345011191011,1,0,0
dso,feynman-i.32.5,true,true,true,different_structure,different_structure,different_structure,0.99730989960900562,1,0,0
dso,feynman-i.39.22,true,true,true,different_structure,different_structure,different_structure,0.99516190191817233,1,0,0
dso,feynman-i.43.31,true,true,true,different_structure,different_structure,different_structure,0.99973001319668009,1,0,0
dso,feynman-ii.27.18,true,true,true,different_structure,different_structure,different_structure,0.95224254350654691,1,0,0
dso,feynman-ii.34.11,true,true,true,different_structure,different_structure,different_structure,0.98723994465308251,1,0,0
dso,feynman-ii.34.2a,true,true,true,different_structure,different_structure,different_structure,0.9778323915100402,1,0,0
dso,feynman-ii.4.23,true,true,true,different_structure,different_structure,different_structure,0.9456717199758683,1,0,0
dso,feynman-iii.10.19,true,true,true,different_structure,different_structure,different_structure,0.99412803756667312,1,0,0
dso,feynman-iii.7.38,true,true,true,different_structure,different_structure,different_structure,0.95221714551347336,1,0,0
dso,feynman_II_15_4,true,true,true,mathematically_equivalent,different_structure,different_structure,0.5515774216774163,1,0.33333333333333331,0.56862821923928686
dso,feynman_I_12_11,true,true,true,different_structure,mathematically_equivalent,different_structure,0.44803611734485171,1,0.33333333333333331,0.53055521790994875
dso,feynman_I_27_6,true,true,true,different_structure,different_structure,mathematically_equivalent,0.48982109357110371,1,0.33333333333333331,0.54656113048557819
dso,feynman_test_15,true,true,true,different_structure,different_structure,different_structure,0.99316810674097233,1,0,0
dso,first_principles_hubble,true,true,true,different_structure,different_structure,different_structure,0.96271646066286898,1,0,0
dso,first_principles_leavitt,true,true,true,different_structure,different_structure,different_structure,0.9554558918303856,1,0,0
dso,strogatz_barmag1,true,true,true,different_structure,different_structure,different_structure,0.99034606657188617,1,0,0
dso,strogatz_barmag2,true,true,true,different_structure,different_structure,different_structure,0.98821169097150752,1,0,0
dso,strogatz_predprey2,true,true,true,different_structure,different_structure,different_structure,0.99442156590958319,1,0,0
dso,strogatz_shearflow1,true,true,true,different_structure,different_structure,different_structure,0.96435108899072286,1,0,0
dso,strogatz_vdp1,true,true,true,different_structure,different_structure,different_structure,0.99364412182371853,1,0,0
e2esr,BPG3,true,true,true,same_canonical_structure,same_canonical_structure,same_canonical_structure,0.99411583502612988,1,1,0.99803475200575786
e2esr,BPG5,true,true,true,different_structure,different_structure,different_structure,0.9840736399276272,1,0,0
e2esr,BPG9,true,true,true,different_structure,different_structure,different_structure,0.99093820719586845,1,0,0
e2esr,CRK0,true,true,true,different_structure,same_canonical_structure,different_structure,0.99920355139333528,1,0.33333333333333331,0.69317714991980695
e2esr,CRK10,true,true,true,same_canonical_structure,same_canonical_structure,different_structure,1,1,0.66666666666666663,0.87358046473629891
e2esr,CRK11,true,true,true,different_structure,different_structure,different_structure,0.9238563094299117,1,0,0
e2esr,CRK33,true,true,true,different_structure,different_structure,different_structure,1,1,0,0
e2esr,CRK34,true,true,true,different_structure,different_structure,different_structure,0.95204676334317917,1,0,0
e2esr,I.11.19_4_0,true,true,true,different_structure,different_structure,different_structure,0.97837805947151346,1,0,0
e2esr,II.11.27_1_0,true,true,true,different_structure,different_structure,different_structure,0.99999708332809911,1,0,0
e2esr,II.34.2_1_0,true,true,true,different_structure,different_structure,same_canonical_structure,0.99523315806852453,1,0.33333333333333331,0.69225780460149977
e2esr,II.6.15b_3_0,true,true,true,different_structure,different_structure,different_structure,0.99615480569034143,1,0,0
e2esr,III.21.20_3_0,true,true,true,same_canonical_structure,different_structure,different_structure,0.99970479208286034,1,0.33333333333333331,0.69329303905645234
e2esr,Keijzer-11,true,true,true,mathematically_equivalent,mathematically_equivalent,mathematically_equivalent,1,1,1,1
e2esr,Keijzer-2,true,true,true,mathematically_equivalent,mathematically_equivalent,mathematically_equivalent,1,1,1,1
e2esr,Korns-2,true,true,true,mathematically_equivalent,mathematically_equivalent,mathematically_equivalent,1,1,1,1
e2esr,Korns-4,true,true,true,mathematically_equivalent,mathematically_equivalent,mathematically_equivalent,1,1,1,1
e2esr,MatSci21,true,true,true,same_canonical_structure,same_canonical_structure,same_canonical_structure,1,1,1,1
e2esr,Nguyen-12,true,true,true,mathematically_equivalent,mathematically_equivalent,mathematically_equivalent,1,1,1,1
e2esr,Nguyen-6,true,true,true,mathematically_equivalent,mathematically_equivalent,mathematically_equivalent,1,1,1,1
e2esr,Nguyen-9,true,true,true,mathematically_equivalent,mathematically_equivalent,mathematically_equivalent,1,1,1,1
e2esr,PO19,true,true,true,different_structure,different_structure,different_structure,0.95233765659059744,1,0,0
e2esr,PO41,true,true,true,different_structure,different_structure,different_structure,0.99777098843490619,1,0,0
e2esr,Vladislavleva-4,true,true,true,different_structure,different_structure,different_structure,0.99293712656806477,1,0,0
e2esr,feynman-bonus.20,true,true,true,different_structure,different_structure,different_structure,1,1,0,0
e2esr,feynman-i.11.19,true,true,true,different_structure,different_structure,different_structure,1,1,0,0
e2esr,feynman-i.13.12,true,true,true,different_structure,different_structure,different_structure,1,1,0,0
e2esr,feynman-i.15.3t,true,true,true,different_structure,same_canonical_structure,same_canonical_structure,0.99984121726468345,1,0.66666666666666663,0.87353422579032713
e2esr,feynman-i.18.16,true,true,true,different_structure,different_structure,different_structure,1,1,0,0
e2esr,feynman-i.29.16,true,true,true,different_structure,different_structure,different_structure,0.97785835836570156,1,0,0
e2esr,feynman-i.32.5,true,true,true,same_canonical_structure,same_canonical_structure,same_canonical_structure,1,1,1,1
e2esr,feynman-i.39.22,true,true,true,different_structure,same_canonical_structure,different_structure,1,1,0.33333333333333331,0.69336127435063466
e2esr,feynman-i.43.31,true,true,true,different_structure,different_structure,different_structure,1,1,0,0
e2esr,feynman-ii.27.18,true,true,true,different_structure,different_structure,different_structure,1,1,0,0
e2esr,feynman-ii.34.11,true,true,true,different_structure,different_structure,different_structure,1,1,0,0
e2esr,feynman-ii.34.2a,true,true,true,different_structure,different_structure,different_structure,1,1,0,0
e2esr,feynman-ii.4.23,true,true,true,same_canonical_structure,same_canonical_structure,same_canonical_structure,0.99999553634931648,1,1,0.99999851211422508
e2esr,feynman-iii.10.19,true,true,true,different_structure,different_structure,different_structure,1,1,0,0
e2esr,feynman-iii.7.38,true,true,true,different_structure,same_canonical_structure,different_structure,0.9999998605903625,1,0.33333333333333331,0.69336124213021855
e2esr,feynman_II_15_4,true,true,true,different_structure,same_canonical_structure,different_structure,0.99472774645950379,1,0.33333333333333331,0.69214060111983966
e2esr,feynman_I_12_11,true,true,true,different_structure,same_canonical_structure,different_structure,0.99053336685293181,1,0.33333333333333331,0.69116640141784169
e2esr,feynman_I_27_6,true,true,true,different_structure,different_structure,different_structure,0.99289037434508254,1,0,0
e2esr,feynman_test_15,true,true,true,different_structure,different_structure,different_structure,0.9152162822244041,1,0,0
e2esr,first_principles_hubble,true,true,true,mathematically_equivalent,mathematically_equivalent,mathematically_equivalent,1,1,1,1
e2esr,first_principles_leavitt,true,true,true,mathematically_equivalent,mathematically_equivalent,mathematically_equivalent,1,1,1,1
e2esr,strogatz_barmag1,true,true,true,different_structure,different_structure,different_structure,0.95857100229903835,1,0,0
e2esr,strogatz_barmag2,true,true,true,different_structure,same_canonical_structure,same_canonical_structure,0.96463329518072405,1,0.66666666666666663,0.86315805874931162
e2esr,strogatz_predprey2,true,true,true,same_canonical_structure,same_canonical_structure,same_canonical_structure,0.99493559646106522,1,1,0.99830900764364472
e2esr,strogatz_shearflow1,true,true,true,different_structure,different_structure,different_structure,0.96467622100886041,1,0,0
e2esr,strogatz_vdp1,true,true,true,different_structure,different_structure,same_canonical_structure,0.99553521706383219,1,0.33333333333333331,0.69232783226091421
fepysr,BPG3,true,true,true,same_canonical_structure,different_structure,different_structure,0.83777768442085121,1,0.33333333333333331,0.65363582063423231
fepysr,BPG5,true,true,true,different_structure,same_canonical_structure,different_structure,0.98071685605893333,1,0.33333333333333331,0.68887558846475805
fepysr,BPG9,true,true,true,different_structure,different_structure,different_structure,0.81494739729200072,1,0,0
fepysr,CRK0,true,true,true,different_structure,different_structure,different_structure,0.87621988123758732,1,0,0
fepysr,CRK10,true,true,true,different_structure,different_structure,different_structure,0.97542236553888895,1,0,0
fepysr,CRK11,true,true,true,different_structure,different_structure,different_structure,0.96580469370852251,1,0,0
fepysr,CRK33,true,true,true,different_structure,different_structure,different_structure,0.92960458221914311,1,0,0
fepysr,CRK34,true,true,true,different_structure,different_structure,different_structure,0.85332503396566695,1,0,0
fepysr,I.11.19_4_0,true,true,true,different_structure,different_structure,different_structure,0.98797177488268462,1,0,0
fepysr,II.11.27_1_0,true,true,true,different_structure,different_structure,different_structure,0.93174689862912208,1,0,0
fepysr,II.34.2_1_0,true,true,true,different_structure,different_structure,mathematically_equivalent,0.48489727939925131,1,0.33333333333333331,0.54472356597116212
fepysr,II.6.15b_3_0,true,true,true,different_structure,different_structure,different_structure,0.98872250134440021,1,0,0
fepysr,III.21.20_3_0,true,true,true,different_structure,different_structure,different_structure,0.97396570117657222,1,0,0
fepysr,Keijzer-11,true,true,true,different_structure,different_structure,different_structure,0.48044293032421193,1,0,0
fepysr,Keijzer-2,true,true,true,different_structure,different_structure,different_structure,0.94227634682874328,1,0,0
fepysr,Korns-2,true,true,true,different_structure,different_structure,different_structure,0.42234738808810157,1,0,0
fepysr,Korns-4,true,true,true,mathematically_equivalent,mathematically_equivalent,mathematically_equivalent,1,1,1,1
fepysr,MatSci21,true,true,true,different_structure,different_structure,different_structure,0.85266279398119282,1,0,0
fepysr,Nguyen-12,true,true,true,different_structure,different_structure,different_structure,0.94747262330611826,1,0,0
fepysr,Nguyen-6,true,true,true,mathematically_equivalent,mathematically_equivalent,mathematically_equivalent,1,1,1,1
fepysr,Nguyen-9,true,true,true,mathematically_equivalent,mathematically_equivalent,mathematically_equivalent,1,1,1,1
fepysr,PO19,true,true,true,different_structure,different_structure,different_structure,0.98476629663999682,1,0,0
fepysr,PO41,true,true,true,different_structure,different_structure,different_structure,0.99505573617948762,1,0,0
fepysr,Vladislavleva-4,true,true,true,different_structure,different_structure,different_structure,0.99025471756532679,1,0,0
fepysr,feynman-bonus.20,true,true,true,mathematically_equivalent,mathematically_equivalent,mathematically_equivalent,1,1,1,1
fepysr,feynman-i.11.19,true,true,true,different_structure,different_structure,same_canonical_structure,0.99998074926047786,1,0.33333333333333331,0.69335682508298824
fepysr,feynman-i.13.12,true,true,true,mathematically_equivalent,mathematically_equivalent,mathematically_equivalent,1,1,1,1
fepysr,feynman-i.15.3t,true,true,true,different_structure,different_structure,different_structure,0.99779346862931839,1,0,0
fepysr,feynman-i.18.16,true,true,true,different_structure,mathematically_equivalent,different_structure,1,1,0.33333333333333331,0.69336127435063466
fepysr,feynman-i.29.16,true,true,true,different_structure,different_structure,different_structure,0.99527936634600933,1,0,0
fepysr,feynman-i.32.5,true,true,true,different_structure,different_structure,mathematically_equivalent,0.99592736756365052,1,0.33333333333333331,0.69241872509934388
fepysr,feynman-i.39.22,true,true,true,different_structure,different_structure,different_structure,0.99893429225666985,1,0,0
fepysr,feynman-i.43.31,true,true,true,mathematically_equivalent,mathematically_equivalent,mathematically_equivalent,1,1,1,1
fepysr,feynman-ii.27.18,true,true,true,mathematically_equivalent,mathematically_equivalent,mathematically_equivalent,1,1,1,1
fepysr,feynman-ii.34.11,true,true,true,different_structure,different_structure,different_structure,0.99970882662271532,1,0,0
fepysr,feynman-ii.34.2a,true,true,true,different_structure,different_structure,different_structure,0.99937628512604515,1,0,0
fepysr,feynman-ii.4.23,true,true,true,same_canonical_structure,same_canonical_structure,same_canonical_structure,1,1,1,1
fepysr,feynman-iii.10.19,true,true,true,different_structure,same_canonical_structure,different_structure,0.98119488892487627,1,0.33333333333333331,0.6889874969731945
fepysr,feynman-iii.7.38,true,true,true,mathematically_equivalent,mathematically_equivalent,mathematically_equivalent,1,1,1,1
fepysr,feynman_II_15_4,true,true,true,different_structure,different_structure,different_structure,0.42560492677323636,1,0,0
fepysr,feynman_I_12_11,true,true,true,mathematically_equivalent,different_structure,different_structure,0.49372411677681305,1,0.33333333333333331,0.54800900582846468
fepysr,feynman_I_27_6,true,true,true,different_structure,different_structure,different_structure,0.95135074339684156,1,0,0
fepysr,feynman_test_15,true,true,true,different_structure,different_structure,different_structure,0.90509080830541333,1,0,0
fepysr,first_principles_hubble,true,true,true,different_structure,different_structure,different_structure,0.9630506654412897,1,0,0
fepysr,first_principles_leavitt,true,true,true,different_structure,different_structure,different_structure,0.95124576287916651,1,0,0
fepysr,strogatz_barmag1,true,true,true,different_structure,different_structure,different_structure,0.4703990000833369,1,0,0
fepysr,strogatz_barmag2,true,true,true,different_structure,different_structure,different_structure,0.47838153965239794,1,0,0
fepysr,strogatz_predprey2,true,true,true,different_structure,different_structure,different_structure,0.59078702476383338,1,0,0
fepysr,strogatz_shearflow1,true,true,true,different_structure,mathematically_equivalent,different_structure,0.42997703270125998,1,0.33333333333333331,0.52332883882848702
fepysr,strogatz_vdp1,true,true,true,different_structure,different_structure,different_structure,0.96943338654634403,1,0,0
gplearn,BPG3,true,true,true,mathematically_equivalent,same_canonical_structure,same_canonical_structure,0.99972379081213936,1,1,0.99990792179257704
gplearn,BPG5,true,true,true,undetermined,undetermined,undetermined,0.88719672841912323,1,0,0
gplearn,BPG9,true,true,true,different_structure,undetermined,different_structure,0.93314549962653626,1,0,0
gplearn,CRK0,true,true,true,undetermined,same_canonical_structure,undetermined,0.98314359005117413,1,0.33333333333333331,0.68944331632245925
gplearn,CRK10,true,true,true,different_structure,different_structure,different_structure,0.90393357910574834,1,0,0
gplearn,CRK11,true,true,true,same_canonical_structure,same_canonical_structure,mathematically_equivalent,0.9650080582163032,1,1,0.98819726285997911
gplearn,CRK33,true,true,true,different_structure,different_structure,different_structure,0.91859189684328668,1,0,0
gplearn,CRK34,true,true,true,different_structure,different_structure,different_structure,0.89316031162332599,1,0,0
gplearn,I.11.19_4_0,true,true,true,different_structure,undetermined,undetermined,0.94925842397840088,1,0,0
gplearn,II.11.27_1_0,true,true,true,different_structure,different_structure,different_structure,0.99835895214882664,1,0,0
gplearn,II.34.2_1_0,true,true,true,different_structure,undetermined,undetermined,0.48684695896198227,1,0,0
gplearn,II.6.15b_3_0,true,true,true,different_structure,different_structure,different_structure,0.99251245842309754,1,0,0
gplearn,III.21.20_3_0,true,true,true,different_structure,different_structure,different_structure,0.80856219027065823,1,0,0
gplearn,Keijzer-11,true,true,true,different_structure,different_structure,different_structure,0.99568164520491842,1,0,0
gplearn,Keijzer-2,true,true,true,different_structure,different_structure,different_structure,0.94132112794255174,1,0,0
gplearn,Korns-2,true,true,true,different_structure,different_structure,different_structure,0.77665570928416572,1,0,0
gplearn,Korns-4,true,true,true,undetermined,mathematically_equivalent,undetermined,1,1,0.33333333333333331,0.69336127435063466
gplearn,MatSci21,true,true,true,undetermined,undetermined,different_structure,0.93120658425735614,1,0,0
gplearn,Nguyen-12,true,true,true,different_structure,different_structure,different_structure,0.98366647934968421,1,0,0
gplearn,Nguyen-6,true,true,true,different_structure,different_structure,different_structure,0.98699402749798126,1,0,0
gplearn,Nguyen-9,true,true,true,different_structure,different_structure,different_structure,0.51146229493957929,1,0,0
gplearn,PO19,true,true,true,undetermined,undetermined,different_structure,0.94062025492843837,1,0,0
gplearn,PO41,true,true,true,different_structure,different_structure,different_structure,0.99575780062349972,1,0,0
gplearn,Vladislavleva-4,true,true,true,same_canonical_structure,same_canonical_structure,same_canonical_structure,0.99994602383619047,1,1,0.99998200762167311
gplearn,feynman-bonus.20,true,true,true,mathematically_equivalent,mathematically_equivalent,mathematically_equivalent,1,1,1,1
gplearn,feynman-i.11.19,true,true,true,different_structure,different_structure,mathematically_equivalent,0.43694127140149508,1,0.33333333333333331,0.52613913255667943
gplearn,feynman-i.13.12,true,true,true,mathematically_equivalent,mathematically_equivalent,mathematically_equivalent,1,1,1,1
gplearn,feynman-i.15.3t,true,true,true,mathematically_equivalent,mathematically_equivalent,mathematically_equivalent,1,1,1,1
gplearn,feynman-i.18.16,true,true,true,mathematically_equivalent,mathematically_equivalent,mathematically_equivalent,1,1,1,1
gplearn,feynman-i.29.16,true,true,true,different_structure,different_structure,different_structure,0.94890436151217139,1,0,0
gplearn,feynman-i.32.5,true,true,true,same_canonical_structure,different_structure,different_structure,0.94091682166569834,1,0.33333333333333331,0.6794278206954143
gplearn,feynman-i.39.22,true,true,true,different_structure,different_structure,different_structure,0.97350053938596071,1,0,0
gplearn,feynman-i.43.31,true,true,true,same_canonical_structure,different_structure,different_structure,0.90476190476190477,1,0.33333333333333331,0.67061153165290854
gplearn,feynman-ii.27.18,true,true,true,mathematically_equivalent,mathematically_equivalent,mathematically_equivalent,1,1,1,1
gplearn,feynman-ii.34.11,true,true,true,different_structure,different_structure,different_structure,0.95218096561388388,1,0,0
gplearn,feynman-ii.34.2a,true,true,true,different_structure,different_structure,different_structure,0.90287948795656991,1,0,0
gplearn,feynman-ii.4.23,true,true,true,undetermined,different_structure,different_structure,0.96924870793490381,1,0,0
gplearn,feynman-iii.10.19,true,true,true,undetermined,undetermined,different_structure,0.99999685646862324,1,0,0
gplearn,feynman-iii.7.38,true,true,true,different_structure,different_structure,different_structure,0.9999995934936029,1,0,0
gplearn,feynman_II_15_4,true,true,true,different_structure,undetermined,different_structure,0.90268427274107355,1,0,0
gplearn,feynman_I_12_11,true,true,true,undetermined,mathematically_equivalent,undetermined,0.47644075081842896,1,0.33333333333333331,0.54153834729712658
gplearn,feynman_I_27_6,true,true,true,different_structure,different_structure,different_structure,0.49499089321113077,1,0,0
gplearn,feynman_test_15,true,true,true,different_structure,different_structure,different_structure,0.94083571843628677,1,0,0
gplearn,first_principles_hubble,true,true,true,different_structure,undetermined,different_structure,0.97358360872798899,1,0,0
gplearn,first_principles_leavitt,true,true,true,undetermined,different_structure,undetermined,0.92578174839732685,1,0,0
gplearn,strogatz_barmag1,true,true,true,undetermined,different_structure,undetermined,0.97174001823516876,1,0,0
gplearn,strogatz_barmag2,true,true,true,undetermined,different_structure,undetermined,0.95011439921056196,1,0,0
gplearn,strogatz_predprey2,true,true,true,different_structure,different_structure,different_structure,0.9788449893603649,1,0,0
gplearn,strogatz_shearflow1,true,true,true,different_structure,different_structure,different_structure,0.9599569789476573,1,0,0
gplearn,strogatz_vdp1,true,true,true,different_structure,different_structure,different_structure,0.93968602227825027,1,0,0
iMCTS,BPG3,true,true,true,same_canonical_structure,different_structure,same_canonical_structure,1,1,0.66666666666666663,0.87358046473629891
iMCTS,BPG5,true,true,true,same_canonical_structure,different_structure,different_structure,0.4897806166128521,1,0.33333333333333331,0.54654607482425643
iMCTS,BPG9,true,true,true,different_structure,different_structure,same_canonical_structure,1,1,0.33333333333333331,0.69336127435063466
iMCTS,CRK0,true,true,true,different_structure,different_structure,different_structure,1,1,0,0
iMCTS,CRK10,true,true,true,different_structure,different_structure,different_structure,1,1,0,0
iMCTS,CRK11,true,true,true,different_structure,different_structure,different_structure,1,1,0,0
iMCTS,CRK33,true,true,true,different_structure,different_structure,different_structure,0.99269265704092557,1,0,0
iMCTS,CRK34,true,true,true,different_structure,different_structure,different_structure,1,1,0,0
iMCTS,I.11.19_4_0,true,true,true,different_structure,different_structure,different_structure,0.97476404717894016,1,0,0
iMCTS,II.11.27_1_0,true,true,true,different_structure,different_structure,different_structure,0.73725926614386594,1,0,0
iMCTS,II.34.2_1_0,true,true,true,different_structure,different_structure,different_structure,1,1,0,0
iMCTS,II.6.15b_3_0,true,true,true,different_structure,different_structure,different_structure,0.99231355959228118,1,0,0
iMCTS,III.21.20_3_0,true,true,true,different_structure,different_structure,different_structure,1,1,0,0
iMCTS,Keijzer-11,true,true,true,different_structure,different_structure,different_structure,1,1,0,0
iMCTS,Keijzer-2,true,true,true,different_structure,different_structure,different_structure,0.95798667922986447,1,0,0
iMCTS,Korns-2,true,true,true,same_canonical_structure,same_canonical_structure,same_canonical_structure,0.99999997635607385,1,1,0.99999999211869117
iMCTS,Korns-4,true,true,true,mathematically_equivalent,same_canonical_structure,same_canonical_structure,0.99999998835781523,1,1,0.99999999611927171
iMCTS,MatSci21,true,true,true,different_structure,different_structure,different_structure,0.97947646925021237,1,0,0
iMCTS,Nguyen-12,true,true,true,different_structure,different_structure,different_structure,0.96812939116017183,1,0,0
iMCTS,Nguyen-6,true,true,true,different_structure,different_structure,different_structure,0.90480533913436123,1,0,0
iMCTS,Nguyen-9,true,true,true,different_structure,different_structure,different_structure,1,1,0,0
iMCTS,PO19,true,true,true,different_structure,different_structure,different_structure,0.96883053573504052,1,0,0
iMCTS,PO41,true,true,true,different_structure,different_structure,different_structure,0.9740214647748533,1,0,0
iMCTS,Vladislavleva-4,true,true,true,different_structure,different_structure,different_structure,0.98950026682249181,1,0,0
iMCTS,feynman-bonus.20,true,true,true,different_structure,same_canonical_structure,different_structure,0.68242609914223307,1,0.33333333333333331,0.61044254044891766
iMCTS,feynman-i.11.19,true,true,true,different_structure,different_structure,mathematically_equivalent,1,1,0.33333333333333331,0.69336127435063466
iMCTS,feynman-i.13.12,true,true,true,different_structure,different_structure,different_structure,1,1,0,0
iMCTS,feynman-i.15.3t,true,true,true,different_structure,different_structure,same_canonical_structure,1,1,0.33333333333333331,0.69336127435063466
iMCTS,feynman-i.18.16,true,true,true,different_structure,different_structure,different_structure,1,1,0,0
iMCTS,feynman-i.29.16,true,true,true,different_structure,different_structure,different_structure,0.96175579919190801,1,0,0
iMCTS,feynman-i.32.5,true,true,true,different_structure,different_structure,different_structure,1,1,0,0
iMCTS,feynman-i.39.22,true,true,true,different_structure,different_structure,different_structure,0.42857142857143193,1,0,0
iMCTS,feynman-i.43.31,true,true,true,same_canonical_structure,same_canonical_structure,same_canonical_structure,1,1,1,1
iMCTS,feynman-ii.27.18,true,true,true,different_structure,different_structure,mathematically_equivalent,1,1,0.33333333333333331,0.69336127435063466
iMCTS,feynman-ii.34.11,true,true,true,different_structure,different_structure,different_structure,1,1,0,0
iMCTS,feynman-ii.34.2a,true,true,true,different_structure,different_structure,different_structure,0.4285714285714286,1,0,0
iMCTS,feynman-ii.4.23,true,true,true,different_structure,different_structure,same_canonical_structure,1,1,0.33333333333333331,0.69336127435063466
iMCTS,feynman-iii.10.19,true,true,true,different_structure,different_structure,different_structure,0.86040316522785032,1,0,0
iMCTS,feynman-iii.7.38,true,true,true,different_structure,different_structure,different_structure,1,1,0,0
iMCTS,feynman_II_15_4,true,true,true,different_structure,different_structure,different_structure,1,1,0,0
iMCTS,feynman_I_12_11,true,true,true,different_structure,different_structure,different_structure,0.99063515317532136,1,0,0
iMCTS,feynman_I_27_6,true,true,true,different_structure,different_structure,different_structure,0.53481933279808902,1,0,0
iMCTS,feynman_test_15,true,true,true,different_structure,different_structure,different_structure,0.98486104998159674,1,0,0
iMCTS,first_principles_hubble,true,true,true,different_structure,different_structure,different_structure,0.97737833099155536,1,0,0
iMCTS,first_principles_leavitt,true,true,true,different_structure,different_structure,different_structure,0.99330775680041172,1,0,0
iMCTS,strogatz_barmag1,true,true,true,different_structure,different_structure,different_structure,0.98657639180177092,1,0,0
iMCTS,strogatz_barmag2,true,true,true,different_structure,different_structure,different_structure,0.95689720409431467,1,0,0
iMCTS,strogatz_predprey2,true,true,true,different_structure,different_structure,different_structure,0.9399519289889362,1,0,0
iMCTS,strogatz_shearflow1,true,true,true,different_structure,different_structure,different_structure,0.98183140755644516,1,0,0
iMCTS,strogatz_vdp1,true,true,true,different_structure,different_structure,different_structure,0.98555585186987538,1,0,0
jaxsr,BPG3,true,true,true,mathematically_equivalent,mathematically_equivalent,mathematically_equivalent,0.99989314543443841,1,1,0.99996438054274883
jaxsr,BPG5,true,true,true,mathematically_equivalent,mathematically_equivalent,mathematically_equivalent,0.99990917226450271,1,1,0.99996972317149047
jaxsr,BPG9,true,true,true,mathematically_equivalent,mathematically_equivalent,mathematically_equivalent,1,1,1,1
jaxsr,CRK0,true,true,true,mathematically_equivalent,mathematically_equivalent,mathematically_equivalent,0.99999733577374705,1,1,0.99999911192379365
jaxsr,CRK10,true,true,true,mathematically_equivalent,mathematically_equivalent,mathematically_equivalent,0.99979192761016544,1,1,0.999930637725708
jaxsr,CRK11,true,true,true,mathematically_equivalent,mathematically_equivalent,mathematically_equivalent,1,1,1,1
jaxsr,CRK33,true,true,true,mathematically_equivalent,mathematically_equivalent,mathematically_equivalent,1,1,1,1
jaxsr,CRK34,true,true,true,mathematically_equivalent,mathematically_equivalent,mathematically_equivalent,1,1,1,1
jaxsr,I.11.19_4_0,true,true,true,mathematically_equivalent,mathematically_equivalent,mathematically_equivalent,0.9999999998491067,1,1,0.99999999994970223
jaxsr,II.11.27_1_0,true,true,true,mathematically_equivalent,mathematically_equivalent,mathematically_equivalent,0.99999999999839673,1,1,0.99999999999946554
jaxsr,II.34.2_1_0,true,true,true,mathematically_equivalent,mathematically_equivalent,mathematically_equivalent,1,1,1,1
jaxsr,II.6.15b_3_0,true,true,true,mathematically_equivalent,mathematically_equivalent,mathematically_equivalent,1,1,1,1
jaxsr,III.21.20_3_0,true,true,true,mathematically_equivalent,mathematically_equivalent,mathematically_equivalent,1,1,1,1
jaxsr,Keijzer-11,true,true,true,mathematically_equivalent,mathematically_equivalent,mathematically_equivalent,0.99999999988061283,1,1,0.99999999996020428
jaxsr,Keijzer-2,true,true,true,mathematically_equivalent,mathematically_equivalent,mathematically_equivalent,0.99999999998640365,1,1,0.99999999999546785
jaxsr,Korns-2,true,true,true,mathematically_equivalent,mathematically_equivalent,mathematically_equivalent,0.99999999998118727,1,1,0.99999999999372913
jaxsr,Korns-4,true,true,true,mathematically_equivalent,mathematically_equivalent,mathematically_equivalent,0.99999999899516212,1,1,0.99999999966505404
jaxsr,MatSci21,true,true,true,mathematically_equivalent,mathematically_equivalent,mathematically_equivalent,1,1,1,1
jaxsr,Nguyen-12,true,true,true,mathematically_equivalent,mathematically_equivalent,mathematically_equivalent,1,1,1,1
jaxsr,Nguyen-6,true,true,true,mathematically_equivalent,mathematically_equivalent,mathematically_equivalent,1,1,1,1
jaxsr,Nguyen-9,true,true,true,mathematically_equivalent,mathematically_equivalent,mathematically_equivalent,1,1,1,1
jaxsr,PO19,true,true,true,mathematically_equivalent,mathematically_equivalent,mathematically_equivalent,1,1,1,1
jaxsr,PO41,true,true,true,mathematically_equivalent,mathematically_equivalent,mathematically_equivalent,1,1,1,1
jaxsr,Vladislavleva-4,true,true,true,mathematically_equivalent,mathematically_equivalent,mathematically_equivalent,1,1,1,1
jaxsr,feynman-bonus.20,true,true,true,mathematically_equivalent,mathematically_equivalent,mathematically_equivalent,1,1,1,1
jaxsr,feynman-i.11.19,true,true,true,mathematically_equivalent,mathematically_equivalent,mathematically_equivalent,1,1,1,1
jaxsr,feynman-i.13.12,true,true,true,mathematically_equivalent,mathematically_equivalent,mathematically_equivalent,0.99999999980972798,1,1,0.99999999993657596
jaxsr,feynman-i.15.3t,true,true,true,mathematically_equivalent,mathematically_equivalent,mathematically_equivalent,1,1,1,1
jaxsr,feynman-i.18.16,true,true,true,mathematically_equivalent,mathematically_equivalent,mathematically_equivalent,1,1,1,1
jaxsr,feynman-i.29.16,true,true,true,mathematically_equivalent,mathematically_equivalent,mathematically_equivalent,1,1,1,1
jaxsr,feynman-i.32.5,true,true,true,mathematically_equivalent,mathematically_equivalent,mathematically_equivalent,1,1,1,1
jaxsr,feynman-i.39.22,true,true,true,mathematically_equivalent,mathematically_equivalent,mathematically_equivalent,0.99999999994925459,1,1,0.99999999998308486
jaxsr,feynman-i.43.31,true,true,true,mathematically_equivalent,mathematically_equivalent,mathematically_equivalent,0.4285714285714286,1,1,0.75394744112915379
jaxsr,feynman-ii.27.18,true,true,true,mathematically_equivalent,mathematically_equivalent,mathematically_equivalent,1,1,1,1
jaxsr,feynman-ii.34.11,true,true,true,mathematically_equivalent,mathematically_equivalent,mathematically_equivalent,1,1,1,1
jaxsr,feynman-ii.34.2a,true,true,true,mathematically_equivalent,mathematically_equivalent,mathematically_equivalent,1,1,1,1
jaxsr,feynman-ii.4.23,true,true,true,mathematically_equivalent,mathematically_equivalent,mathematically_equivalent,0.99999999989005328,1,1,0.99999999996335109
jaxsr,feynman-iii.10.19,true,true,true,mathematically_equivalent,mathematically_equivalent,mathematically_equivalent,1,1,1,1
jaxsr,feynman-iii.7.38,true,true,true,mathematically_equivalent,mathematically_equivalent,mathematically_equivalent,1,1,1,1
jaxsr,feynman_II_15_4,true,true,true,mathematically_equivalent,mathematically_equivalent,mathematically_equivalent,0.99999999998839684,1,1,0.99999999999613232
jaxsr,feynman_I_12_11,true,true,true,mathematically_equivalent,mathematically_equivalent,mathematically_equivalent,0.99999999972577636,1,1,0.99999999990859212
jaxsr,feynman_I_27_6,true,true,true,mathematically_equivalent,mathematically_equivalent,mathematically_equivalent,1,1,1,1
jaxsr,feynman_test_15,true,true,true,mathematically_equivalent,mathematically_equivalent,mathematically_equivalent,0.99999999927255012,1,1,0.99999999975751674
jaxsr,first_principles_hubble,true,true,true,mathematically_equivalent,mathematically_equivalent,mathematically_equivalent,1,1,1,1
jaxsr,first_principles_leavitt,true,true,true,mathematically_equivalent,mathematically_equivalent,mathematically_equivalent,0.99999994311096685,1,1,0.99999998103698862
jaxsr,strogatz_barmag1,true,true,true,mathematically_equivalent,mathematically_equivalent,mathematically_equivalent,1,1,1,1
jaxsr,strogatz_barmag2,true,true,true,mathematically_equivalent,mathematically_equivalent,mathematically_equivalent,1,1,1,1
jaxsr,strogatz_predprey2,true,true,true,mathematically_equivalent,mathematically_equivalent,mathematically_equivalent,0.99999999917824245,1,1,0.99999999972608078
jaxsr,strogatz_shearflow1,true,true,true,mathematically_equivalent,mathematically_equivalent,mathematically_equivalent,1,1,1,1
jaxsr,strogatz_vdp1,true,true,true,mathematically_equivalent,mathematically_equivalent,mathematically_equivalent,0.9997915683521188,1,1,0.99993051795639698
llmsr,BPG3,true,true,true,different_structure,different_structure,different_structure,0.673273772433024,1,0,0
llmsr,BPG5,true,true,true,different_structure,different_structure,different_structure,0.84243300504852381,1,0,0
llmsr,BPG9,true,true,true,different_structure,different_structure,different_structure,0.84842964426917655,1,0,0
llmsr,CRK0,true,true,true,different_structure,different_structure,different_structure,0.96161031717244683,1,0,0
llmsr,CRK10,true,true,true,different_structure,different_structure,different_structure,0.92498083316293955,1,0,0
llmsr,CRK11,true,true,true,different_structure,different_structure,different_structure,0.96986499221234512,1,0,0
llmsr,CRK33,true,true,true,different_structure,different_structure,different_structure,0.85920800122396324,1,0,0
llmsr,CRK34,true,true,true,different_structure,different_structure,different_structure,0.91497498156306667,1,0,0
llmsr,I.11.19_4_0,true,true,true,different_structure,different_structure,different_structure,0.99852593882129792,1,0,0
llmsr,II.11.27_1_0,true,true,true,different_structure,different_structure,different_structure,0.95543188520155253,1,0,0
llmsr,II.34.2_1_0,true,true,true,different_structure,different_structure,different_structure,0.80277047298266924,1,0,0
llmsr,II.6.15b_3_0,true,true,true,different_structure,different_structure,different_structure,0.94964350340847847,1,0,0
llmsr,III.21.20_3_0,true,true,true,different_structure,different_structure,different_structure,0.53409070289360239,1,0,0
llmsr,Keijzer-11,true,true,true,different_structure,different_structure,different_structure,0.95323133595071996,1,0,0
llmsr,Keijzer-2,true,true,true,different_structure,different_structure,different_structure,0.94648827324196838,1,0,0
llmsr,Korns-2,true,true,true,different_structure,different_structure,different_structure,0.94274197617857136,1,0,0
llmsr,Korns-4,true,true,true,different_structure,different_structure,different_structure,0.80602370388749423,1,0,0
llmsr,MatSci21,true,true,true,different_structure,different_structure,different_structure,0.85249358797930974,1,0,0
llmsr,Nguyen-12,true,true,true,different_structure,different_structure,different_structure,0.95432676430480801,1,0,0
llmsr,Nguyen-6,true,true,true,different_structure,different_structure,different_structure,0.85404375187057069,1,0,0
llmsr,Nguyen-9,true,true,true,different_structure,different_structure,different_structure,0.94746067990134497,1,0,0
llmsr,PO19,true,true,true,different_structure,different_structure,different_structure,0.91314317463327499,1,0,0
llmsr,PO41,true,true,true,different_structure,different_structure,different_structure,0.88949019469418389,1,0,0
llmsr,Vladislavleva-4,true,true,true,different_structure,different_structure,different_structure,0.99277936376695564,1,0,0
llmsr,feynman-bonus.20,true,true,true,different_structure,different_structure,different_structure,0.99999995660491126,1,0,0
llmsr,feynman-i.11.19,true,true,true,different_structure,mathematically_equivalent,different_structure,0.99998227530638373,1,0.33333333333333331,0.69335717778771344
llmsr,feynman-i.13.12,true,true,true,different_structure,same_canonical_structure,different_structure,0.94459699599503932,1,0.33333333333333331,0.68031247557206154
llmsr,feynman-i.15.3t,true,true,true,different_structure,different_structure,different_structure,0.99777089214763681,1,0,0
llmsr,feynman-i.18.16,true,true,true,different_structure,different_structure,different_structure,0.45865036820778293,1,0,0
llmsr,feynman-i.29.16,true,true,true,different_structure,different_structure,different_structure,0.96408039683402591,1,0,0
llmsr,feynman-i.32.5,true,true,true,different_structure,different_structure,different_structure,0.94648528616469241,1,0,0
llmsr,feynman-i.39.22,true,true,true,different_structure,different_structure,different_structure,0.99042937163197287,1,0,0
llmsr,feynman-i.43.31,true,true,true,different_structure,different_structure,different_structure,0.98878481132197615,1,0,0
llmsr,feynman-ii.27.18,true,true,true,different_structure,different_structure,different_structure,0.84058474280836915,1,0,0
llmsr,feynman-ii.34.11,true,true,true,different_structure,different_structure,different_structure,0.99766916052002985,1,0,0
llmsr,feynman-ii.34.2a,true,true,true,different_structure,different_structure,different_structure,0.9999490915572492,1,0,0
llmsr,feynman-ii.4.23,true,true,true,different_structure,different_structure,different_structure,1,1,0,0
llmsr,feynman-iii.10.19,true,true,true,different_structure,different_structure,different_structure,1,1,0,0
llmsr,feynman-iii.7.38,true,true,true,different_structure,different_structure,different_structure,0.42857142857142849,1,0,0
llmsr,feynman_II_15_4,true,true,true,mathematically_equivalent,mathematically_equivalent,mathematically_equivalent,1,1,1,1
llmsr,feynman_I_12_11,true,true,true,mathematically_equivalent,mathematically_equivalent,mathematically_equivalent,1,1,1,1
llmsr,feynman_I_27_6,true,true,true,different_structure,different_structure,different_structure,0.62924207090606066,1,0,0
llmsr,feynman_test_15,true,true,true,different_structure,different_structure,different_structure,0.5925568439771951,1,0,0
llmsr,first_principles_hubble,true,true,true,different_structure,different_structure,different_structure,0.98978088587850122,1,0,0
llmsr,first_principles_leavitt,true,true,true,different_structure,different_structure,different_structure,0.92125442236682098,1,0,0
llmsr,strogatz_barmag1,true,true,true,different_structure,different_structure,same_canonical_structure,0.99809651442711755,1,0.33333333333333331,0.69292106052464386
llmsr,strogatz_barmag2,true,true,true,different_structure,different_structure,different_structure,0.9784434274621775,1,0,0
llmsr,strogatz_predprey2,true,true,true,different_structure,different_structure,different_structure,0.96359302225332488,1,0,0
llmsr,strogatz_shearflow1,true,true,true,different_structure,different_structure,different_structure,0.94178137160526287,1,0,0
llmsr,strogatz_vdp1,true,true,true,different_structure,different_structure,different_structure,1,1,0,0
pyoperon,BPG3,true,true,true,different_structure,different_structure,different_structure,1,1,0,0
pyoperon,BPG5,true,true,true,different_structure,different_structure,different_structure,0.85955049130708805,1,0,0
pyoperon,BPG9,true,true,true,different_structure,different_structure,different_structure,1,1,0,0
pyoperon,CRK0,true,true,true,different_structure,different_structure,different_structure,1,1,0,0
pyoperon,CRK10,true,true,true,different_structure,different_structure,different_structure,1,1,0,0
pyoperon,CRK11,true,true,true,different_structure,different_structure,different_structure,1,1,0,0
pyoperon,CRK33,true,true,true,different_structure,different_structure,different_structure,1,1,0,0
pyoperon,CRK34,true,true,true,different_structure,different_structure,different_structure,1,1,0,0
pyoperon,I.11.19_4_0,true,true,true,different_structure,different_structure,different_structure,0.98898191219000176,1,0,0
pyoperon,II.11.27_1_0,true,true,true,different_structure,different_structure,different_structure,0.68833842576545357,1,0,0
pyoperon,II.34.2_1_0,true,true,true,same_canonical_structure,same_canonical_structure,same_canonical_structure,0.88808987324277611,1,1,0.96121153217991706
pyoperon,II.6.15b_3_0,true,true,true,different_structure,different_structure,different_structure,0.95892182844773421,1,0,0
pyoperon,III.21.20_3_0,true,true,true,different_structure,different_structure,different_structure,0.83107598314032527,1,0,0
pyoperon,Keijzer-11,true,true,true,different_structure,different_structure,different_structure,0.91972083545029237,1,0,0
pyoperon,Keijzer-2,true,true,true,different_structure,different_structure,different_structure,0.95344216998606013,1,0,0
pyoperon,Korns-2,true,true,true,different_structure,different_structure,different_structure,0.92342884754181698,1,0,0
pyoperon,Korns-4,true,true,true,different_structure,different_structure,different_structure,0.95314169581878316,1,0,0
pyoperon,MatSci21,true,true,true,different_structure,different_structure,different_structure,0.88366591630145186,1,0,0
pyoperon,Nguyen-12,true,true,true,different_structure,different_structure,different_structure,0.95749757473622898,1,0,0
pyoperon,Nguyen-6,true,true,true,different_structure,different_structure,different_structure,0.96009943462150937,1,0,0
pyoperon,Nguyen-9,true,true,true,different_structure,different_structure,different_structure,0.96788581639722593,1,0,0
pyoperon,PO19,true,true,true,different_structure,different_structure,different_structure,0.97474710814962084,1,0,0
pyoperon,PO41,true,true,true,different_structure,different_structure,different_structure,0.98283838070285978,1,0,0
pyoperon,Vladislavleva-4,true,true,true,different_structure,different_structure,different_structure,0.91067163865703693,1,0,0
pyoperon,feynman-bonus.20,true,true,true,mathematically_equivalent,mathematically_equivalent,mathematically_equivalent,1,1,1,1
pyoperon,feynman-i.11.19,true,true,true,different_structure,different_structure,different_structure,0.8836774928033948,1,0,0
pyoperon,feynman-i.13.12,true,true,true,mathematically_equivalent,mathematically_equivalent,mathematically_equivalent,1,1,1,1
pyoperon,feynman-i.15.3t,true,true,true,different_structure,different_structure,different_structure,1,1,0,0
pyoperon,feynman-i.18.16,true,true,true,different_structure,different_structure,different_structure,0.72344516860794239,1,0,0
pyoperon,feynman-i.29.16,true,true,true,different_structure,different_structure,different_structure,0.99601727756712066,1,0,0
pyoperon,feynman-i.32.5,true,true,true,mathematically_equivalent,mathematically_equivalent,mathematically_equivalent,1,1,1,1
pyoperon,feynman-i.39.22,true,true,true,different_structure,different_structure,different_structure,1,1,0,0
pyoperon,feynman-i.43.31,true,true,true,mathematically_equivalent,mathematically_equivalent,mathematically_equivalent,1,1,1,1
pyoperon,feynman-ii.27.18,true,true,true,mathematically_equivalent,mathematically_equivalent,mathematically_equivalent,1,1,1,1
pyoperon,feynman-ii.34.11,true,true,true,different_structure,different_structure,different_structure,0.3556283419500319,1,0,0
pyoperon,feynman-ii.34.2a,true,true,true,different_structure,different_structure,different_structure,0.46954405500089946,1,0,0
pyoperon,feynman-ii.4.23,true,true,true,different_structure,different_structure,different_structure,0.8647746676921434,1,0,0
pyoperon,feynman-iii.10.19,true,true,true,mathematically_equivalent,mathematically_equivalent,mathematically_equivalent,1,1,1,1
pyoperon,feynman-iii.7.38,true,true,true,different_structure,same_canonical_structure,different_structure,1,1,0.33333333333333331,0.69336127435063466
pyoperon,feynman_II_15_4,true,true,true,different_structure,different_structure,different_structure,0.81537289737402463,1,0,0
pyoperon,feynman_I_12_11,true,true,true,different_structure,different_structure,different_structure,0.99019440716076701,1,0,0
pyoperon,feynman_I_27_6,true,true,true,different_structure,different_structure,different_structure,0.93571852540024358,1,0,0
pyoperon,feynman_test_15,true,true,true,different_structure,different_structure,different_structure,0.93360958053916909,1,0,0
pyoperon,first_principles_hubble,true,true,true,different_structure,different_structure,different_structure,0.95935734894027669,1,0,0
pyoperon,first_principles_leavitt,true,true,true,different_structure,different_structure,different_structure,0.94791528842608241,1,0,0
pyoperon,strogatz_barmag1,true,true,true,different_structure,different_structure,different_structure,0.98873819187676992,1,0,0
pyoperon,strogatz_barmag2,true,true,true,different_structure,different_structure,different_structure,0.91880899861029197,1,0,0
pyoperon,strogatz_predprey2,true,true,true,different_structure,different_structure,different_structure,0.92817553171493172,1,0,0
pyoperon,strogatz_shearflow1,true,true,true,different_structure,different_structure,different_structure,0.91932472229204587,1,0,0
pyoperon,strogatz_vdp1,true,true,true,different_structure,different_structure,different_structure,0.97067886732429831,1,0,0
pysr,BPG3,true,true,true,same_canonical_structure,same_canonical_structure,different_structure,1,1,0.66666666666666663,0.87358046473629891
pysr,BPG5,true,true,true,different_structure,different_structure,different_structure,0.5139485673118358,1,0,0
pysr,BPG9,true,true,true,different_structure,different_structure,same_canonical_structure,1,1,0.33333333333333331,0.69336127435063466
pysr,CRK0,true,true,true,different_structure,different_structure,different_structure,1,1,0,0
pysr,CRK10,true,true,true,different_structure,different_structure,different_structure,1,1,0,0
pysr,CRK11,true,true,true,different_structure,different_structure,different_structure,0.58681094476838314,1,0,0
pysr,CRK33,true,true,true,different_structure,different_structure,different_structure,1,1,0,0
pysr,CRK34,true,true,true,different_structure,different_structure,different_structure,0.56050123998821721,1,0,0
pysr,I.11.19_4_0,true,true,true,mathematically_equivalent,mathematically_equivalent,mathematically_equivalent,1,1,1,1
pysr,II.11.27_1_0,true,true,true,different_structure,different_structure,different_structure,0.59269938166138347,1,0,0
pysr,II.34.2_1_0,true,true,true,mathematically_equivalent,mathematically_equivalent,mathematically_equivalent,1,1,1,1
pysr,II.6.15b_3_0,true,true,true,different_structure,different_structure,different_structure,0.9728108129604699,1,0,0
pysr,III.21.20_3_0,true,true,true,different_structure,different_structure,different_structure,1,1,0,0
pysr,Keijzer-11,true,true,true,different_structure,different_structure,different_structure,0.4840766000937774,1,0,0
pysr,Keijzer-2,true,true,true,same_canonical_structure,same_canonical_structure,same_canonical_structure,0.95113304387871689,1,1,0.98343823688168142
pysr,Korns-2,true,true,true,different_structure,same_canonical_structure,different_structure,0.99999999761044756,1,0.33333333333333331,0.69336127379836032
pysr,Korns-4,true,true,true,different_structure,same_canonical_structure,different_structure,0.54863090020139782,1,0.33333333333333331,0.56761387532457597
pysr,MatSci21,true,true,true,different_structure,different_structure,different_structure,0.87670226028485587,1,0,0
pysr,Nguyen-12,true,true,true,different_structure,mathematically_equivalent,different_structure,1,1,0.33333333333333331,0.69336127435063466
pysr,Nguyen-6,true,true,true,mathematically_equivalent,different_structure,different_structure,1,1,0.33333333333333331,0.69336127435063466
pysr,Nguyen-9,true,true,true,different_structure,different_structure,different_structure,1,1,0,0
pysr,PO19,true,true,true,different_structure,different_structure,different_structure,0.96495640581712538,1,0,0
pysr,PO41,true,true,true,different_structure,different_structure,different_structure,0.98867128794801973,1,0,0
pysr,Vladislavleva-4,true,true,true,different_structure,different_structure,same_canonical_structure,0.99859485296667327,1,0.33333333333333331,0.69303636394155665
pysr,feynman-bonus.20,true,true,true,mathematically_equivalent,mathematically_equivalent,mathematically_equivalent,1,1,1,1
pysr,feynman-i.11.19,true,true,true,different_structure,different_structure,different_structure,1,1,0,0
pysr,feynman-i.13.12,true,true,true,different_structure,different_structure,different_structure,0.9988799935020698,1,0,0
pysr,feynman-i.15.3t,true,true,true,different_structure,different_structure,same_canonical_structure,0.61803372766954134,1,0.33333333333333331,0.59060480215903721
pysr,feynman-i.18.16,true,true,true,different_structure,mathematically_equivalent,different_structure,1,1,0.33333333333333331,0.69336127435063466
pysr,feynman-i.29.16,true,true,true,different_structure,different_structure,different_structure,0.99007874231818871,1,0,0
pysr,feynman-i.32.5,true,true,true,different_structure,different_structure,different_structure,0.77434583795502443,1,0,0
pysr,feynman-i.39.22,true,true,true,different_structure,different_structure,different_structure,1,1,0,0
pysr,feynman-i.43.31,true,true,true,same_canonical_structure,same_canonical_structure,same_canonical_structure,0.99999941587119656,1,1,0.99999980529036092
pysr,feynman-ii.27.18,true,true,true,different_structure,mathematically_equivalent,different_structure,0.89981101403408781,1,0.33333333333333331,0.66938608997513227
pysr,feynman-ii.34.11,true,true,true,different_structure,mathematically_equivalent,different_structure,1,1,0.33333333333333331,0.69336127435063466
pysr,feynman-ii.34.2a,true,true,true,different_structure,different_structure,different_structure,0.42427708085483962,1,0,0
pysr,feynman-ii.4.23,true,true,true,same_canonical_structure,same_canonical_structure,same_canonical_structure,1,1,1,1
pysr,feynman-iii.10.19,true,true,true,different_structure,mathematically_equivalent,different_structure,0.90476190476190477,1,0.33333333333333331,0.67061153165290854
pysr,feynman-iii.7.38,true,true,true,mathematically_equivalent,mathematically_equivalent,mathematically_equivalent,1,1,1,1
pysr,feynman_II_15_4,true,true,true,different_structure,different_structure,different_structure,1,1,0,0
pysr,feynman_I_12_11,true,true,true,different_structure,different_structure,different_structure,1,1,0,0
pysr,feynman_I_27_6,true,true,true,mathematically_equivalent,mathematically_equivalent,mathematically_equivalent,1,1,1,1
pysr,feynman_test_15,true,true,true,different_structure,different_structure,different_structure,0.95194191007972451,1,0,0
pysr,first_principles_hubble,true,true,true,different_structure,different_structure,different_structure,0.98730738852978095,1,0,0
pysr,first_principles_leavitt,true,true,true,different_structure,different_structure,different_structure,0.96703065741856264,1,0,0
pysr,strogatz_barmag1,true,true,true,mathematically_equivalent,different_structure,different_structure,0.4847415521697348,1,0.33333333333333331,0.54466524614548739
pysr,strogatz_barmag2,true,true,true,different_structure,different_structure,mathematically_equivalent,0.91123171964283756,1,0.33333333333333331,0.67220621693681659
pysr,strogatz_predprey2,true,true,true,different_structure,different_structure,different_structure,0.56054314342901801,1,0,0
pysr,strogatz_shearflow1,true,true,true,different_structure,mathematically_equivalent,different_structure,1,1,0.33333333333333331,0.69336127435063466
pysr,strogatz_vdp1,true,true,true,different_structure,different_structure,same_canonical_structure,1,1,0.33333333333333331,0.69336127435063466
ragsr,BPG3,true,true,true,different_structure,different_structure,different_structure,0.81554875695654949,1,0,0
ragsr,BPG5,true,true,true,different_structure,different_structure,different_structure,1,1,0,0
ragsr,BPG9,true,true,true,different_structure,different_structure,different_structure,1,1,0,0
ragsr,CRK0,true,true,true,different_structure,different_structure,different_structure,0.99997415089242503,1,0,0
ragsr,CRK10,true,true,true,different_structure,different_structure,different_structure,0.99999737939956668,1,0,0
ragsr,CRK11,true,true,true,different_structure,different_structure,different_structure,0.99440328162112701,1,0,0
ragsr,CRK33,true,true,true,different_structure,different_structure,different_structure,1,1,0,0
ragsr,CRK34,true,true,true,different_structure,different_structure,different_structure,1,1,0,0
ragsr,I.11.19_4_0,true,true,true,different_structure,different_structure,different_structure,1,1,0,0
ragsr,II.11.27_1_0,true,true,true,different_structure,different_structure,different_structure,0.9430833605051453,1,0,0
ragsr,II.34.2_1_0,true,true,true,different_structure,different_structure,different_structure,1,1,0,0
ragsr,II.6.15b_3_0,true,true,true,different_structure,different_structure,different_structure,0.98172716469798393,1,0,0
ragsr,III.21.20_3_0,true,true,true,different_structure,different_structure,different_structure,0.95244544298110223,1,0,0
ragsr,Keijzer-11,true,true,true,different_structure,different_structure,different_structure,0.98563577997988316,1,0,0
ragsr,Keijzer-2,true,true,true,different_structure,different_structure,different_structure,0.99047733445314357,1,0,0
ragsr,Korns-2,true,true,true,different_structure,different_structure,different_structure,0.95667178743105663,1,0,0
ragsr,Korns-4,true,true,true,different_structure,different_structure,different_structure,0.93704466329110769,1,0,0
ragsr,MatSci21,true,true,true,different_structure,different_structure,different_structure,1,1,0,0
ragsr,Nguyen-12,true,true,true,different_structure,different_structure,different_structure,0.97739510782462224,1,0,0
ragsr,Nguyen-6,true,true,true,different_structure,different_structure,different_structure,0.96457661291785191,1,0,0
ragsr,Nguyen-9,true,true,true,different_structure,different_structure,different_structure,0.99308451251698959,1,0,0
ragsr,PO19,true,true,true,different_structure,different_structure,different_structure,0.99512349008052259,1,0,0
ragsr,PO41,true,true,true,different_structure,different_structure,different_structure,0.99927469989415518,1,0,0
ragsr,Vladislavleva-4,true,true,true,different_structure,different_structure,different_structure,0.97934030054462107,1,0,0
ragsr,feynman-bonus.20,true,true,true,different_structure,different_structure,different_structure,0.97227500414353007,1,0,0
ragsr,feynman-i.11.19,true,true,true,different_structure,different_structure,different_structure,0.92856229519505096,1,0,0
ragsr,feynman-i.13.12,true,true,true,different_structure,different_structure,different_structure,0.99159995434019343,1,0,0
ragsr,feynman-i.15.3t,true,true,true,different_structure,different_structure,different_structure,1,1,0,0
ragsr,feynman-i.18.16,true,true,true,different_structure,different_structure,different_structure,1,1,0,0
ragsr,feynman-i.29.16,true,true,true,different_structure,different_structure,different_structure,0.99506497192825638,1,0,0
ragsr,feynman-i.32.5,true,true,true,different_structure,same_canonical_structure,different_structure,1,1,0.33333333333333331,0.69336127435063466
ragsr,feynman-i.39.22,true,true,true,different_structure,different_structure,different_structure,1,1,0,0
ragsr,feynman-i.43.31,true,true,true,different_structure,different_structure,different_structure,1,1,0,0
ragsr,feynman-ii.27.18,true,true,true,different_structure,different_structure,different_structure,1,1,0,0
ragsr,feynman-ii.34.11,true,true,true,different_structure,different_structure,different_structure,0.92353350501370013,1,0,0
ragsr,feynman-ii.34.2a,true,true,true,different_structure,different_structure,different_structure,0.95307702624899104,1,0,0
ragsr,feynman-ii.4.23,true,true,true,different_structure,different_structure,different_structure,0.98867673463382866,1,0,0
ragsr,feynman-iii.10.19,true,true,true,different_structure,different_structure,different_structure,1,1,0,0
ragsr,feynman-iii.7.38,true,true,true,different_structure,same_canonical_structure,different_structure,0.9999999982133132,1,0.33333333333333331,0.69336127393769487
ragsr,feynman_II_15_4,true,true,true,different_structure,different_structure,different_structure,1,1,0,0
ragsr,feynman_I_12_11,true,true,true,different_structure,different_structure,different_structure,1,1,0,0
ragsr,feynman_I_27_6,true,true,true,different_structure,different_structure,different_structure,0.96183018805835252,1,0,0
ragsr,feynman_test_15,true,true,true,different_structure,different_structure,different_structure,0.97154204772032815,1,0,0
ragsr,first_principles_hubble,true,true,true,different_structure,different_structure,different_structure,0.98287414526787353,1,0,0
ragsr,first_principles_leavitt,true,true,true,different_structure,different_structure,different_structure,0.99438243308996854,1,0,0
ragsr,strogatz_barmag1,true,true,true,different_structure,different_structure,different_structure,0.97625980132493062,1,0,0
ragsr,strogatz_barmag2,true,true,true,different_structure,different_structure,different_structure,0.92087707591192658,1,0,0
ragsr,strogatz_predprey2,true,true,true,different_structure,different_structure,different_structure,1,1,0,0
ragsr,strogatz_shearflow1,true,true,true,different_structure,different_structure,different_structure,0.91768265750391076,1,0,0
ragsr,strogatz_vdp1,true,true,true,different_structure,different_structure,different_structure,1,1,0,0
symbolfit,BPG3,true,true,true,different_structure,different_structure,different_structure,0.84835458676817521,1,0,0
symbolfit,BPG5,true,true,true,different_structure,different_structure,different_structure,0.95952809836146058,1,0,0
symbolfit,BPG9,true,true,true,different_structure,different_structure,different_structure,0.80270828638892089,1,0,0
symbolfit,CRK0,true,true,true,different_structure,different_structure,different_structure,0.95816528409159041,1,0,0
symbolfit,CRK10,true,true,true,different_structure,different_structure,different_structure,0.79165320910226167,1,0,0
symbolfit,CRK11,true,true,true,different_structure,different_structure,different_structure,0.98019617454231145,1,0,0
symbolfit,CRK33,true,true,true,different_structure,different_structure,different_structure,0.88767980609130315,1,0,0
symbolfit,CRK34,true,true,true,different_structure,different_structure,different_structure,0.82746035252104944,1,0,0
symbolfit,I.11.19_4_0,true,true,true,different_structure,different_structure,different_structure,0.84326715319283785,1,0,0
symbolfit,II.11.27_1_0,true,true,true,different_structure,different_structure,different_structure,0.98534559750867057,1,0,0
symbolfit,II.34.2_1_0,true,true,true,different_structure,different_structure,different_structure,0.90247037138791208,1,0,0
symbolfit,II.6.15b_3_0,true,true,true,different_structure,different_structure,different_structure,0.97416442762336042,1,0,0
symbolfit,III.21.20_3_0,true,true,true,different_structure,different_structure,different_structure,0.93422536527590816,1,0,0
symbolfit,Keijzer-11,true,true,true,different_structure,different_structure,different_structure,0.95834068079864132,1,0,0
symbolfit,Keijzer-2,true,true,true,different_structure,mathematically_equivalent,different_structure,0.83814872689927511,1,0.33333333333333331,0.6537323024193431
symbolfit,Korns-2,true,true,true,different_structure,different_structure,different_structure,0.98031049873711174,1,0,0
symbolfit,Korns-4,true,true,true,different_structure,different_structure,same_canonical_structure,0.99562293358094633,1,0.33333333333333331,0.69234816531111576
symbolfit,MatSci21,true,true,true,different_structure,different_structure,different_structure,0.8787981266433682,1,0,0
symbolfit,Nguyen-12,true,true,true,different_structure,different_structure,different_structure,0.90436427531606134,1,0,0
symbolfit,Nguyen-6,true,true,true,different_structure,different_structure,different_structure,0.91533845741832365,1,0,0
symbolfit,Nguyen-9,true,true,true,different_structure,different_structure,different_structure,0.9328988996990023,1,0,0
symbolfit,PO19,true,true,true,different_structure,different_structure,different_structure,0.96426305925790856,1,0,0
symbolfit,PO41,true,true,true,different_structure,different_structure,different_structure,0.95343108495073592,1,0,0
symbolfit,Vladislavleva-4,true,true,true,different_structure,different_structure,different_structure,0.98748989309806401,1,0,0
symbolfit,feynman-bonus.20,true,true,true,different_structure,different_structure,different_structure,0.94330784803780876,1,0,0
symbolfit,feynman-i.11.19,true,true,true,different_structure,different_structure,different_structure,0.98856162573049278,1,0,0
symbolfit,feynman-i.13.12,true,true,true,different_structure,different_structure,different_structure,0.83332426986841657,1,0,0
symbolfit,feynman-i.15.3t,true,true,true,different_structure,different_structure,different_structure,0.98694237200254165,1,0,0
symbolfit,feynman-i.18.16,true,true,true,different_structure,different_structure,different_structure,0.90544700908869724,1,0,0
symbolfit,feynman-i.29.16,true,true,true,different_structure,different_structure,different_structure,0.8931814591939633,1,0,0
symbolfit,feynman-i.32.5,true,true,true,different_structure,different_structure,different_structure,0.88054340079036342,1,0,0
symbolfit,feynman-i.39.22,true,true,true,same_canonical_structure,same_canonical_structure,same_canonical_structure,0.80667350913393598,1,1,0.93089192926883768
symbolfit,feynman-i.43.31,true,true,true,different_structure,same_canonical_structure,different_structure,0.96984534954583568,1,0.33333333333333331,0.68632066820850002
symbolfit,feynman-ii.27.18,true,true,true,different_structure,different_structure,mathematically_equivalent,0.92580847585694714,1,0.33333333333333331,0.67577164632036058
symbolfit,feynman-ii.34.11,true,true,true,different_structure,different_structure,different_structure,0.83334665425638332,1,0,0
symbolfit,feynman-ii.34.2a,true,true,true,different_structure,different_structure,different_structure,0.4032599064518958,1,0,0
symbolfit,feynman-ii.4.23,true,true,true,different_structure,different_structure,different_structure,0.94599209376551407,1,0,0
symbolfit,feynman-iii.10.19,true,true,true,different_structure,different_structure,different_structure,0.96802342377077166,1,0,0
symbolfit,feynman-iii.7.38,true,true,true,same_canonical_structure,same_canonical_structure,different_structure,0.4638354713471734,1,0.66666666666666663,0.67622449708840437
symbolfit,feynman_II_15_4,true,true,true,different_structure,different_structure,different_structure,0.52085354778562176,1,0,0
symbolfit,feynman_I_12_11,true,true,true,different_structure,different_structure,different_structure,0.96573362198305757,1,0,0
symbolfit,feynman_I_27_6,true,true,true,different_structure,different_structure,different_structure,0.97628628755353986,1,0,0
symbolfit,feynman_test_15,true,true,true,different_structure,different_structure,different_structure,0.81316252642198661,1,0,0
symbolfit,first_principles_hubble,true,true,true,different_structure,different_structure,different_structure,0.9861932204299001,1,0,0
symbolfit,first_principles_leavitt,true,true,true,different_structure,different_structure,different_structure,0.824786891558831,1,0,0
symbolfit,strogatz_barmag1,true,true,true,different_structure,different_structure,different_structure,0.98458522277390803,1,0,0
symbolfit,strogatz_barmag2,true,true,true,different_structure,different_structure,different_structure,0.98535894227714671,1,0,0
symbolfit,strogatz_predprey2,true,true,true,different_structure,different_structure,different_structure,0.57476298372886792,1,0,0
symbolfit,strogatz_shearflow1,true,true,true,different_structure,different_structure,different_structure,0.89121319082993966,1,0,0
symbolfit,strogatz_vdp1,true,true,true,different_structure,different_structure,different_structure,0.97904747189800267,1,0,0
tpsr,BPG3,true,true,true,mathematically_equivalent,different_structure,different_structure,0.96615640829626082,1,0.33333333333333331,0.68544939065957011
tpsr,BPG5,true,true,true,different_structure,different_structure,different_structure,0.91631835568783382,1,0,0
tpsr,BPG9,true,true,true,different_structure,different_structure,different_structure,0.95908802438531793,1,0,0
tpsr,CRK0,true,true,true,mathematically_equivalent,mathematically_equivalent,mathematically_equivalent,1,1,1,1
tpsr,CRK10,true,true,true,mathematically_equivalent,mathematically_equivalent,mathematically_equivalent,1,1,1,1
tpsr,CRK11,true,true,true,mathematically_equivalent,mathematically_equivalent,mathematically_equivalent,1,1,1,1
tpsr,CRK33,true,true,true,different_structure,mathematically_equivalent,different_structure,1,1,0.33333333333333331,0.69336127435063466
tpsr,CRK34,true,true,true,mathematically_equivalent,mathematically_equivalent,mathematically_equivalent,1,1,1,1
tpsr,I.11.19_4_0,true,true,true,different_structure,mathematically_equivalent,different_structure,0.99793031774759433,1,0.33333333333333331,0.69288259812135033
tpsr,II.11.27_1_0,true,true,true,mathematically_equivalent,mathematically_equivalent,mathematically_equivalent,1,1,1,1
tpsr,II.34.2_1_0,true,true,true,mathematically_equivalent,mathematically_equivalent,mathematically_equivalent,1,1,1,1
tpsr,II.6.15b_3_0,true,true,true,different_structure,different_structure,different_structure,0.97782542053687393,1,0,0
tpsr,III.21.20_3_0,true,true,true,mathematically_equivalent,mathematically_equivalent,mathematically_equivalent,1,1,1,1
tpsr,Keijzer-11,true,true,true,mathematically_equivalent,mathematically_equivalent,mathematically_equivalent,1,1,1,1
tpsr,Keijzer-2,true,true,true,mathematically_equivalent,mathematically_equivalent,mathematically_equivalent,1,1,1,1
tpsr,Korns-2,true,true,true,mathematically_equivalent,mathematically_equivalent,mathematically_equivalent,1,1,1,1
tpsr,Korns-4,true,true,true,mathematically_equivalent,different_structure,different_structure,0.99959660543942119,1,0.33333333333333331,0.69326802908910379
tpsr,MatSci21,true,true,true,mathematically_equivalent,mathematically_equivalent,mathematically_equivalent,1,1,1,1
tpsr,Nguyen-12,true,true,true,mathematically_equivalent,mathematically_equivalent,mathematically_equivalent,1,1,1,1
tpsr,Nguyen-6,true,true,true,mathematically_equivalent,mathematically_equivalent,mathematically_equivalent,1,1,1,1
tpsr,Nguyen-9,true,true,true,mathematically_equivalent,mathematically_equivalent,mathematically_equivalent,1,1,1,1
tpsr,PO19,true,true,true,mathematically_equivalent,mathematically_equivalent,mathematically_equivalent,1,1,1,1
tpsr,PO41,true,true,true,mathematically_equivalent,mathematically_equivalent,mathematically_equivalent,1,1,1,1
tpsr,Vladislavleva-4,true,true,true,different_structure,different_structure,different_structure,0.99912861604597802,1,0,0
tpsr,feynman-bonus.20,true,true,true,different_structure,different_structure,different_structure,1,1,0,0
tpsr,feynman-i.11.19,true,true,true,different_structure,different_structure,mathematically_equivalent,1,1,0.33333333333333331,0.69336127435063466
tpsr,feynman-i.13.12,true,true,true,different_structure,different_structure,different_structure,0.90475717571848713,1,0,0
tpsr,feynman-i.15.3t,true,true,true,mathematically_equivalent,different_structure,different_structure,0.9999882939417728,1,0.33333333333333331,0.69335856883092761
tpsr,feynman-i.18.16,true,true,true,different_structure,different_structure,different_structure,1,1,0,0
tpsr,feynman-i.29.16,true,true,true,mathematically_equivalent,mathematically_equivalent,mathematically_equivalent,1,1,1,1
tpsr,feynman-i.32.5,true,true,true,mathematically_equivalent,mathematically_equivalent,mathematically_equivalent,1,1,1,1
tpsr,feynman-i.39.22,true,true,true,different_structure,different_structure,different_structure,1,1,0,0
tpsr,feynman-i.43.31,true,true,true,mathematically_equivalent,mathematically_equivalent,mathematically_equivalent,1,1,1,1
tpsr,feynman-ii.27.18,true,true,true,different_structure,same_canonical_structure,different_structure,1,1,0.33333333333333331,0.69336127435063466
tpsr,feynman-ii.34.11,true,true,true,same_canonical_structure,same_canonical_structure,same_canonical_structure,1,1,1,1
tpsr,feynman-ii.34.2a,true,true,true,different_structure,different_structure,different_structure,1,1,0,0
tpsr,feynman-ii.4.23,true,true,true,mathematically_equivalent,mathematically_equivalent,mathematically_equivalent,1,1,1,1
tpsr,feynman-iii.10.19,true,true,true,different_structure,different_structure,different_structure,1,1,0,0
tpsr,feynman-iii.7.38,true,true,true,mathematically_equivalent,mathematically_equivalent,mathematically_equivalent,1,1,1,1
tpsr,feynman_II_15_4,true,true,true,mathematically_equivalent,mathematically_equivalent,mathematically_equivalent,1,1,1,1
tpsr,feynman_I_12_11,true,true,true,mathematically_equivalent,mathematically_equivalent,mathematically_equivalent,1,1,1,1
tpsr,feynman_I_27_6,true,true,true,mathematically_equivalent,mathematically_equivalent,mathematically_equivalent,1,1,1,1
tpsr,feynman_test_15,true,true,true,mathematically_equivalent,mathematically_equivalent,mathematically_equivalent,1,1,1,1
tpsr,first_principles_hubble,true,true,true,mathematically_equivalent,different_structure,different_structure,0.99303518543948954,1,0.33333333333333331,0.6917478118105822
tpsr,first_principles_leavitt,true,true,true,mathematically_equivalent,mathematically_equivalent,mathematically_equivalent,1,1,1,1
tpsr,strogatz_barmag1,true,true,true,mathematically_equivalent,mathematically_equivalent,mathematically_equivalent,1,1,1,1
tpsr,strogatz_barmag2,true,true,true,same_canonical_structure,same_canonical_structure,mathematically_equivalent,0.99993189004908012,1,1,0.99997729616756659
tpsr,strogatz_predprey2,true,true,true,mathematically_equivalent,mathematically_equivalent,mathematically_equivalent,1,1,1,1
tpsr,strogatz_shearflow1,true,true,true,mathematically_equivalent,different_structure,different_structure,0.99970907943267784,1,0.33333333333333331,0.69329403014420776
tpsr,strogatz_vdp1,true,true,true,mathematically_equivalent,different_structure,different_structure,0.99811271315432548,1,0.33333333333333331,0.69292480911954479
udsr,BPG3,true,true,true,different_structure,different_structure,different_structure,0.4285714285714286,1,0,0
udsr,BPG5,true,true,true,different_structure,different_structure,different_structure,0.80850784066120085,1,0,0
udsr,BPG9,true,true,true,same_canonical_structure,same_canonical_structure,different_structure,0.92681635388966443,1,0.66666666666666663,0.85172777477625639
udsr,CRK0,true,true,true,different_structure,different_structure,different_structure,0.83127437772126289,1,0,0
udsr,CRK10,true,true,true,different_structure,different_structure,different_structure,0.89308838665995116,1,0,0
udsr,CRK11,true,true,true,different_structure,different_structure,different_structure,0.87738771649434211,1,0,0
udsr,CRK33,true,true,true,different_structure,different_structure,different_structure,0.93539606788953156,1,0,0
udsr,CRK34,true,true,true,different_structure,different_structure,different_structure,0.8923274189155509,1,0,0
udsr,I.11.19_4_0,true,true,true,different_structure,different_structure,different_structure,1,1,0,0
udsr,II.11.27_1_0,true,true,true,mathematically_equivalent,mathematically_equivalent,mathematically_equivalent,1,1,1,1
udsr,II.34.2_1_0,true,true,true,mathematically_equivalent,mathematically_equivalent,mathematically_equivalent,1,1,1,1
udsr,II.6.15b_3_0,true,true,true,different_structure,different_structure,different_structure,0.97175685523518984,1,0,0
udsr,III.21.20_3_0,true,true,true,same_canonical_structure,different_structure,different_structure,1,1,0.33333333333333331,0.69336127435063466
udsr,Keijzer-11,true,true,true,different_structure,same_canonical_structure,different_structure,0.99122395082468506,1,0.33333333333333331,0.69132698747972765
udsr,Keijzer-2,true,true,true,different_structure,different_structure,different_structure,0.95407651552046624,1,0,0
udsr,Korns-2,true,true,true,same_canonical_structure,same_canonical_structure,mathematically_equivalent,1,1,1,1
udsr,Korns-4,true,true,true,different_structure,different_structure,different_structure,0.9353150742586287,1,0,0
udsr,MatSci21,true,true,true,different_structure,different_structure,different_structure,0.94008023147117081,1,0,0
udsr,Nguyen-12,true,true,true,different_structure,different_structure,different_structure,0.83258504979620118,1,0,0
udsr,Nguyen-6,true,true,true,different_structure,different_structure,different_structure,0.71562333021157687,1,0,0
udsr,Nguyen-9,true,true,true,different_structure,different_structure,same_canonical_structure,0.97825870647848234,1,0.33333333333333331,0.68829955540165988
udsr,PO19,true,true,true,different_structure,different_structure,different_structure,0.99408611174871642,1,0,0
udsr,PO41,true,true,true,different_structure,different_structure,different_structure,0.95195491750966488,1,0,0
udsr,Vladislavleva-4,true,true,true,different_structure,same_canonical_structure,same_canonical_structure,0.8655135365500034,1,0.66666666666666663,0.83251909192378892
udsr,feynman-bonus.20,true,true,true,different_structure,different_structure,different_structure,0.99161967869134848,1,0,0
udsr,feynman-i.11.19,true,true,true,different_structure,different_structure,different_structure,0.99911470126847157,1,0,0
udsr,feynman-i.13.12,true,true,true,different_structure,different_structure,different_structure,0.97533159446993845,1,0,0
udsr,feynman-i.15.3t,true,true,true,different_structure,different_structure,different_structure,0.84946087166572992,1,0,0
udsr,feynman-i.18.16,true,true,true,different_structure,different_structure,different_structure,0.94374205363661323,1,0,0
udsr,feynman-i.29.16,true,true,true,different_structure,different_structure,different_structure,0.99463236718044001,1,0,0
udsr,feynman-i.32.5,true,true,true,different_structure,different_structure,different_structure,0.8515827521679421,1,0,0
udsr,feynman-i.39.22,true,true,true,different_structure,different_structure,different_structure,0.43248037639051662,1,0,0
udsr,feynman-i.43.31,true,true,true,different_structure,different_structure,same_canonical_structure,1,1,0.33333333333333331,0.69336127435063466
udsr,feynman-ii.27.18,true,true,true,same_canonical_structure,same_canonical_structure,same_canonical_structure,1,1,1,1
udsr,feynman-ii.34.11,true,true,true,different_structure,different_structure,different_structure,0.42846093238176453,1,0,0
udsr,feynman-ii.34.2a,true,true,true,different_structure,different_structure,different_structure,1,1,0,0
udsr,feynman-ii.4.23,true,true,true,different_structure,different_structure,different_structure,0.95881129211458016,1,0,0
udsr,feynman-iii.10.19,true,true,true,different_structure,different_structure,different_structure,0.74623213426147084,1,0,0
udsr,feynman-iii.7.38,true,true,true,different_structure,different_structure,different_structure,0.99999999999971689,1,0,0
udsr,feynman_II_15_4,true,true,true,mathematically_equivalent,mathematically_equivalent,mathematically_equivalent,1,1,1,1
udsr,feynman_I_12_11,true,true,true,different_structure,different_structure,different_structure,0.50996026846011167,1,0,0
udsr,feynman_I_27_6,true,true,true,different_structure,different_structure,mathematically_equivalent,0.64592344473305618,1,0.33333333333333331,0.59935840204522883
udsr,feynman_test_15,true,true,true,different_structure,different_structure,different_structure,0.99132452797074422,1,0,0
udsr,first_principles_hubble,true,true,true,different_structure,different_structure,different_structure,0.98899303158215113,1,0,0
udsr,first_principles_leavitt,true,true,true,different_structure,different_structure,different_structure,0.95838525018005327,1,0,0
udsr,strogatz_barmag1,true,true,true,different_structure,different_structure,different_structure,0.98406820627516345,1,0,0
udsr,strogatz_barmag2,true,true,true,different_structure,different_structure,different_structure,0.99414919564274684,1,0,0
udsr,strogatz_predprey2,true,true,true,same_canonical_structure,same_canonical_structure,same_canonical_structure,0.94191871361273272,1,1,0.98025216113289682
udsr,strogatz_shearflow1,true,true,true,different_structure,mathematically_equivalent,different_structure,0.9886188258915336,1,0.33333333333333331,0.69072080988066387
udsr,strogatz_vdp1,true,true,true,mathematically_equivalent,different_structure,different_structure,0.43787717887907707,1,0.33333333333333331,0.52651451968537266
