subset,size,coverage,mean_info,rank_fidelity,kendall,pairwise_win_agreement,aggregate_error,stability,non_redundancy,difficulty_balance,family_match,failure_match,selection_balance,raw_selection_score,feasible_selection_score,hard_constraint_violations,hard_constraint_excess,semantic_duplicate_excess,basename_duplicate_excess,family_quota_violation,subgroup_cap_violation,K,selector
top-info-20,20.0,0.7686038927757883,0.7736983012193003,1.0,1.0,1.0,2.665447070031867,0.9527253521191248,1.0,0.8493975903614458,0.5174698795180723,0.7921686746987953,0.7388855421686746,0.7644432656095947,0.0,2.0,55.0,0.0,0.0,25.0,0.0,20,top-info
,20.0,0.8712095500359986,0.18552169728939802,0.9349999999999999,0.8916666666666666,0.9458333333333334,0.804773290895467,0.6957781034246567,0.98125,0.8560015060240964,0.8228915662650602,0.8437048192771085,0.8464262048192772,0.6262621325313441,0.0,2.75,50.0,0.375,0.15,19.15,0.325,20,random avg
top-info-30,30.0,0.787434076265201,0.7424920159696644,1.0,1.0,1.0,3.0089640075148414,0.9256804557308774,0.8666666666666667,0.7993975903614459,0.5674698795180723,0.8407630522088354,0.7661445783132531,0.7674464555713736,0.0,5.0,59.0,4.0,4.0,29.0,2.0,30,top-info
,30.0,0.8578081963818326,0.19134044182518517,0.9949999999999999,0.9916666666666666,0.9958333333333333,0.5835480022399324,0.6953067893480985,0.9766666666666668,0.8931601405622491,0.8466239959839357,0.8780547188755021,0.8771383032128515,0.6284105036532097,0.0,3.45,34.175,0.7,0.25,11.25,1.975,30,random avg
top-info-40,40.0,0.7841797144288929,0.7130685999652316,1.0,1.0,1.0,2.3847166510973534,0.9296255677607002,0.875,0.7993975903614458,0.6650602409638554,0.8240963855421687,0.784066265060241,0.759268134492881,0.0,5.0,53.0,5.0,5.0,27.0,6.0,40,top-info
,40.0,0.8456536821905685,0.18735500544151473,0.9800000000000001,0.9666666666666666,0.9833333333333334,0.6604394992789946,0.699482469862673,0.96875,0.9005798192771085,0.8821310240963856,0.886347891566265,0.894265813253012,0.6249715715408884,0.0,3.975,24.05,1.25,0.55,7.85,4.4,40,random avg
top-info-50,50.0,0.7838253535634043,0.691334027227424,1.0,1.0,1.0,2.176661327251424,0.9113512097970728,0.86,0.7803012048192771,0.6674698795180722,0.8140963855421687,0.7971265060240963,0.7541136198379496,0.0,4.0,54.0,7.0,7.0,31.0,9.0,50,top-info
,50.0,0.8322156461132583,0.1899025266466398,0.9649999999999999,0.9416666666666668,0.9708333333333332,0.5173310943004104,0.6976444494090236,0.9675,0.906296686746988,0.8958554216867469,0.902902108433735,0.9058079819277107,0.6221245214628323,0.0,3.35,21.65,1.625,0.525,11.25,8.25,50,random avg
top-info-60,60.0,0.7848381688684984,0.6726524083504963,1.0,1.0,1.0,2.5128552402203903,0.9100572146574174,0.8166666666666667,0.7669678714859438,0.6660642570281124,0.8133534136546186,0.7916164658634538,0.7469288120861888,0.0,5.0,82.0,11.0,10.0,37.0,14.0,60,top-info
,60.0,0.8287774424106452,0.18699226550790207,1.0,1.0,1.0,0.4812471300185721,0.7068437169403535,0.9545833333333332,0.9233032128514056,0.8955321285140562,0.9081149598393576,0.9157633032128514,0.6215498026551265,0.0,4.65,45.0,2.725,1.225,17.975,13.075,60,random avg
top-info-80,80.0,0.8183721831389479,0.6396825604126531,1.0,1.0,1.0,2.5652841596929536,0.9096336554704543,0.8125,0.7493975903614458,0.6903614457831325,0.8216867469879519,0.8021837349397591,0.752593125544907,0.0,5.0,135.0,15.0,12.0,50.0,28.0,80,top-info
,80.0,0.822793277533091,0.1913357764328818,1.0,1.0,1.0,0.378401884429101,0.7045313090790503,0.9428124999999999,0.9337989457831325,0.9028350903614457,0.9204555722891566,0.9249375000000001,0.6222119966413995,0.0,4.75,93.375,4.575,1.525,33.3,23.975,80,random avg
top-info-100,100.0,0.8246764732277583,0.611509187131324,1.0,1.0,1.0,2.4085561211302093,0.9008103455732435,0.77,0.7393975903614458,0.7203614457831325,0.831987951807229,0.8213493975903615,0.749402507966527,0.0,5.0,192.0,23.0,15.0,61.0,43.0,100,top-info
,100.0,0.8183507537240416,0.19218967392422917,1.0,1.0,1.0,0.3739543509925787,0.7032940647463651,0.9359999999999999,0.9396897590361444,0.92417921686747,0.9381370481927711,0.9380246987951807,0.6231291648083351,0.0,4.975,147.125,6.4,2.65,51.525,36.55,100,random avg
