rank,algorithm,run_count,task_count,ID,OOD,SYM,MIN,EFF*,STAB,mean_six,eff_basis
1,jaxsr,150,50,37.0289129309,29.2819174192,29.9141682582,76.6054732792,97.4863451434,99.5074835846,61.6373834359,legacy_complete_pending_internal_audit
2,pysr,150,50,53.2276593901,51.431316999,37.1303432803,83.8931673733,76.0615402561,37.6240656546,56.5613488256,legacy_complete_pending_internal_audit
3,fepysr,150,50,43.8416019564,38.0491715186,37.115472631,87.5119587691,91.8606489526,29.4533942825,54.6387080184,legacy_complete_pending_internal_audit
4,iMCTS,150,50,57.6827406632,56.5569349637,33.001000818,77.6437662313,71.3353805315,17.2475899505,52.2445688597,legacy_complete_pending_internal_audit
5,udsr,150,50,61.7987508127,51.8724162757,36.0020281235,50.6681518512,87.0913474159,24.4948837021,51.9879296969,legacy_complete_pending_internal_audit
6,dso,150,50,33.2620972562,28.8736803813,39.1123728265,81.5837035578,92.7431993508,18.5800512459,49.0258507698,current_internal_policy_frozen_numeric_preliminary
7,drsr,150,50,51.1462694622,41.8619850879,36.071725325,52.3556442576,82.42155115,7.53530563047,45.2320801522,legacy_complete_pending_internal_audit
8,gplearn,150,50,30.2223247408,24.2902322416,26.364415907,62.7824825026,95.4915836175,23.5772172303,43.7880427066,current_internal_policy_frozen_numeric_preliminary
9,llmsr,150,50,48.7129279812,39.4791305224,33.4623635464,52.1959723038,79.363540738,8.13318142777,43.5578527533,legacy_complete_pending_internal_audit
10,symbolfit,150,50,47.2249825787,35.5569524642,30.515912056,44.8354057574,90.5464977256,8.63057841723,42.8850548332,new_rerun_native_numeric_preliminary
11,QLattice,150,50,32.5799286138,23.8563486864,25.5624287582,55.277040648,75.5972094404,27.7444510524,40.1029011999,current_internal_policy_frozen_numeric_preliminary
12,tpsr,150,50,8.10764853769,8.49449937661,29.4755352499,44.8745225575,56.5767857149,73.845972714,36.8958273584,legacy_complete_pending_internal_audit
13,pyoperon,150,50,27.681591698,22.8353645948,20.1004461178,44.6180004724,81.3235802363,15.3091456131,35.3113547887,legacy_complete_pending_internal_audit
14,e2esr,150,50,8.473891712,7.81505246648,30.29322064,51.8433354577,50.9581368397,44.2954007318,32.2798396413,legacy_complete_pending_internal_audit
15,ragsr,150,50,7.02160891689,7.26901487736,23.0537552531,15.8647324171,45.5548022251,2.77344509658,16.922893131,legacy_complete_pending_internal_audit
