01_probe_run_results/README_original.md	3558 bytes	2026-05-29 01:56
01_probe_run_results/one_seed_probe_dataset_compare_664.csv	1106527 bytes	2026-05-29 01:56
01_probe_run_results/one_seed_probe_formulas_1328.csv	602824 bytes	2026-05-29 01:56
01_probe_run_results/one_seed_probe_summary.md	384 bytes	2026-05-29 01:56
01_probe_run_results/one_seed_probe_task_results_1328.csv	1446118 bytes	2026-05-29 01:56
02_candidate200_selection/01_stage_664_to_200.md	2851 bytes	2026-05-29 01:56
02_candidate200_selection/03_metrics_catalog.md	2639 bytes	2026-05-29 01:56
02_candidate200_selection/README_original_dossier.md	1536 bytes	2026-05-29 01:56
02_candidate200_selection/pipeline_stage_overview.csv	208 bytes	2026-05-29 01:56
02_candidate200_selection/stage1_candidate200_flat_200.csv	72641 bytes	2026-05-29 01:56
02_candidate200_selection/stage1_probe_family_wins.csv	195 bytes	2026-05-29 01:56
03_launch_materials/dataset_runnable_summary.md	141 bytes	2026-04-16 05:28
03_launch_materials/datasets_invalid.csv	154 bytes	2026-04-16 05:28
03_launch_materials/datasets_runnable.csv	373369 bytes	2026-04-16 05:28
03_launch_materials/datasets_to_run_664.csv	282785 bytes	2026-04-16 01:39
03_launch_materials/launch_llmsr_probe.py	9678 bytes	2026-04-16 12:55
03_launch_materials/launch_pysr_probe.py	9875 bytes	2026-04-16 08:09
03_launch_materials/make_probe_slices.py	3427 bytes	2026-04-16 04:20
03_launch_materials/probe_parameter_plan.md	11104 bytes	2026-04-16 04:27
03_launch_materials/screen_runnable_datasets.py	5184 bytes	2026-04-16 04:45
03_launch_materials/slices/llmsr/iaaccn26.csv	72859 bytes	2026-04-16 04:25
03_launch_materials/slices/llmsr/iaaccn27.csv	72981 bytes	2026-04-16 04:25
03_launch_materials/slices/llmsr/iaaccn28.csv	82270 bytes	2026-04-16 04:25
03_launch_materials/slices/llmsr/iaaccn29.csv	69907 bytes	2026-04-16 04:25
03_launch_materials/slices/pysr/iaaccn22.csv	72693 bytes	2026-04-16 04:26
03_launch_materials/slices/pysr/iaaccn23.csv	72815 bytes	2026-04-16 04:25
03_launch_materials/slices/pysr/iaaccn24.csv	82104 bytes	2026-04-16 04:25
03_launch_materials/slices/pysr/iaaccn25.csv	69741 bytes	2026-04-16 04:25
04_iteration_analysis/stage1_llmsr_iteration_rows.csv	213742 bytes	2026-05-29 01:56
04_iteration_analysis/stage1_llmsr_iteration_summary.json	1142 bytes	2026-05-29 01:56
99_audit/file_inventory.tsv	0 bytes	2026-07-20 02:07
99_audit/source_map.tsv	2523 bytes	2026-07-20 02:07
README.md	1549 bytes	2026-07-20 02:07
