algorithm,gid,dataset,seeds,valid_for_symbolic_rate,pred_parse_rate,cas_equiv_rate,numeric_equiv_rate,equiv_final_rate,mean_tree_similarity,mean_var_f1,mean_op_f1,sym_f_formal
udsr,g0001,BPG0,3,1.0,1.0,0.0,0.0,0.0,0.0,0.6666666666666666,1.0,0.16666666666666666
udsr,g0002,BPG1,3,1.0,1.0,0.0,0.0,0.0,0.0,1.0,0.9047619047619048,0.19047619047619047
udsr,g0003,BPG10,3,1.0,1.0,0.0,0.0,0.0,0.0,0.4444444444444444,0.6190476190476191,0.10634920634920635
udsr,g0004,BPG11,3,1.0,1.0,0.0,0.0,0.0,0.0,1.0,0.7222222222222222,0.17222222222222225
udsr,g0005,BPG12,3,1.0,1.0,0.0,0.0,0.0,0.06666666666666665,0.7777777777777777,0.8857142857142857,0.18634920634920635
udsr,g0006,BPG13,3,1.0,1.0,0.0,0.0,0.0,0.0,0.6666666666666666,0.9153439153439153,0.1582010582010582
udsr,g0007,BPG14,3,1.0,1.0,0.0,0.0,0.0,0.0,1.0,0.7857142857142856,0.1785714285714286
udsr,g0008,BPG15,3,1.0,1.0,0.0,0.0,0.0,0.0,1.0,0.8571428571428571,0.18571428571428572
udsr,g0009,BPG16,3,1.0,1.0,0.0,0.0,0.0,0.0,0.6666666666666666,0.9166666666666666,0.15833333333333333
udsr,g0010,BPG17,3,1.0,1.0,0.0,0.0,0.0,0.0,0.6666666666666666,0.8412698412698413,0.15079365079365079
udsr,g0011,BPG18,3,1.0,1.0,0.0,0.0,0.0,0.11111111111111109,0.7777777777777777,0.7222222222222222,0.18333333333333335
udsr,g0012,BPG19,3,1.0,1.0,0.0,0.0,0.0,0.0,1.0,0.7857142857142856,0.1785714285714286
udsr,g0013,BPG2,3,1.0,1.0,0.0,0.0,0.0,0.0,0.8888888888888888,0.7685185185185185,0.16574074074074074
udsr,g0014,BPG20,3,1.0,1.0,0.0,0.0,0.0,0.0,0.6666666666666666,0.8796296296296297,0.15462962962962964
udsr,g0015,BPG21,3,1.0,1.0,0.0,0.0,0.0,0.0,1.0,0.8571428571428571,0.18571428571428572
udsr,g0016,BPG22,3,1.0,1.0,0.0,0.0,0.0,0.0,1.0,0.6984126984126985,0.16984126984126982
udsr,g0017,BPG23,3,1.0,1.0,0.0,0.0,0.0,0.0,0.6666666666666666,0.6388888888888888,0.13055555555555554
udsr,g0018,BPG3,3,1.0,1.0,0.0,0.0,0.0,0.0,0.6666666666666666,0.6666666666666666,0.13333333333333333
udsr,g0019,BPG4,3,1.0,1.0,0.0,0.0,0.0,0.0,0.6666666666666666,0.832010582010582,0.14986772486772487
udsr,g0020,BPG5,3,1.0,1.0,0.0,0.0,0.0,0.0,0.7777777777777777,1.0,0.17777777777777778
udsr,g0021,BPG6,3,1.0,1.0,0.0,0.0,0.0,0.0,0.6666666666666666,0.8214285714285713,0.1488095238095238
udsr,g0022,BPG7,3,1.0,1.0,0.0,0.0,0.0,0.0,0.6666666666666666,0.8214285714285713,0.1488095238095238
udsr,g0023,BPG8,3,1.0,1.0,0.0,0.0,0.0,0.0,0.6666666666666666,0.869047619047619,0.15357142857142858
udsr,g0024,BPG9,3,1.0,1.0,0.0,0.3333333333333333,0.3333333333333333,0.0,0.8888888888888888,0.6031746031746033,0.4301587301587302
udsr,g0025,CRK0,3,1.0,1.0,0.0,0.0,0.0,0.0,0.6666666666666666,0.8214285714285713,0.1488095238095238
udsr,g0026,CRK1,3,1.0,1.0,0.0,0.0,0.0,0.0,0.6666666666666666,0.7185185185185184,0.1385185185185185
udsr,g0027,CRK10,3,1.0,1.0,0.0,0.0,0.0,0.0,0.6666666666666666,0.6722222222222222,0.13388888888888886
udsr,g0028,CRK11,3,1.0,1.0,0.0,0.0,0.0,0.0,0.6666666666666666,0.9153439153439153,0.1582010582010582
udsr,g0029,CRK12,3,1.0,1.0,0.0,0.0,0.0,0.0,1.0,0.7474747474747474,0.17474747474747473
udsr,g0030,CRK13,3,1.0,1.0,0.0,0.0,0.0,0.0,0.6666666666666666,0.6666666666666666,0.13333333333333333
udsr,g0031,CRK14,3,1.0,1.0,0.0,0.0,0.0,0.0,1.0,0.7530303030303029,0.17530303030303032
udsr,g0032,CRK15,3,1.0,1.0,0.0,0.0,0.0,0.0,1.0,0.8000000000000002,0.18000000000000002
udsr,g0033,CRK16,3,1.0,1.0,0.0,0.0,0.0,0.0,0.6666666666666666,1.0,0.16666666666666666
udsr,g0034,CRK17,3,1.0,1.0,0.0,0.0,0.0,0.0,1.0,0.9523809523809524,0.19523809523809524
udsr,g0035,CRK18,3,1.0,1.0,0.0,0.0,0.0,0.0,0.6666666666666666,0.8571428571428571,0.1523809523809524
udsr,g0036,CRK19,3,1.0,1.0,0.0,0.0,0.0,0.0,1.0,0.6666666666666666,0.16666666666666666
udsr,g0037,CRK2,3,1.0,1.0,0.0,0.0,0.0,0.0,0.6666666666666666,0.6904761904761906,0.1357142857142857
udsr,g0038,CRK20,3,1.0,1.0,0.0,0.0,0.0,0.0,1.0,0.6296296296296297,0.16296296296296298
udsr,g0039,CRK21,3,1.0,1.0,0.0,0.0,0.0,0.0,1.0,0.630952380952381,0.1630952380952381
udsr,g0040,CRK22,3,1.0,1.0,0.0,0.0,0.0,0.0,1.0,0.8690476190476191,0.1869047619047619
udsr,g0041,CRK23,3,1.0,1.0,0.0,0.0,0.0,0.0,0.6666666666666666,0.8055555555555555,0.14722222222222223
udsr,g0042,CRK24,3,1.0,1.0,0.0,0.0,0.0,0.0,0.6666666666666666,0.8690476190476191,0.15357142857142858
udsr,g0043,CRK25,3,1.0,1.0,0.0,0.0,0.0,0.0,1.0,0.5793650793650794,0.15793650793650796
udsr,g0044,CRK26,3,1.0,1.0,0.0,0.0,0.0,0.0,1.0,0.8666666666666667,0.18666666666666668
udsr,g0045,CRK27,3,1.0,1.0,0.0,0.0,0.0,0.0,1.0,0.8690476190476191,0.1869047619047619
udsr,g0046,CRK28,3,1.0,1.0,0.0,0.0,0.0,0.0,1.0,0.8425925925925926,0.18425925925925926
udsr,g0047,CRK29,3,1.0,1.0,0.0,0.0,0.0,0.0,1.0,0.7851851851851852,0.17851851851851852
udsr,g0048,CRK3,3,1.0,1.0,0.0,0.0,0.0,0.0,1.0,0.9393939393939394,0.19393939393939394
udsr,g0049,CRK30,3,1.0,1.0,0.0,0.0,0.0,0.0,1.0,0.6444444444444444,0.16444444444444445
udsr,g0050,CRK31,3,1.0,1.0,0.0,0.0,0.0,0.0,0.6666666666666666,0.7499999999999999,0.14166666666666666
udsr,g0051,CRK32,3,1.0,1.0,0.0,0.0,0.0,0.0,1.0,0.8796296296296297,0.18796296296296297
udsr,g0052,CRK33,3,1.0,1.0,0.0,0.0,0.0,0.0,1.0,0.812962962962963,0.18129629629629632
udsr,g0053,CRK34,3,1.0,1.0,0.0,0.0,0.0,0.0,0.6666666666666666,0.9523809523809524,0.1619047619047619
udsr,g0054,CRK35,3,1.0,1.0,0.0,0.0,0.0,0.0,1.0,0.7301587301587301,0.17301587301587298
udsr,g0055,CRK4,3,1.0,1.0,0.0,0.0,0.0,0.0,1.0,0.9047619047619048,0.19047619047619047
udsr,g0056,CRK5,3,1.0,1.0,0.0,0.0,0.0,0.0,0.6666666666666666,0.9523809523809524,0.1619047619047619
udsr,g0057,CRK6,3,1.0,1.0,0.0,0.0,0.0,0.0,1.0,0.8053872053872054,0.18053872053872055
udsr,g0058,CRK7,3,1.0,1.0,0.0,0.0,0.0,0.0,1.0,0.611111111111111,0.16111111111111112
udsr,g0059,CRK8,3,1.0,1.0,0.0,0.0,0.0,0.0,0.6666666666666666,0.8425925925925926,0.15092592592592594
udsr,g0060,CRK9,3,1.0,1.0,0.0,0.0,0.0,0.0,0.6666666666666666,0.7499999999999999,0.14166666666666666
udsr,g0061,I.10.7_1_0,3,1.0,1.0,0.0,0.0,0.0,0.0,1.0,0.8690476190476191,0.1869047619047619
udsr,g0062,I.11.19_0_0,3,1.0,1.0,0.0,0.0,0.0,0.11111111111111112,0.9090909090909091,1.0,0.22424242424242424
udsr,g0063,I.11.19_1_0,3,1.0,1.0,0.0,0.0,0.0,0.22222222222222224,0.9090909090909091,1.0,0.25757575757575757
udsr,g0064,I.11.19_2_0,3,1.0,1.0,1.0,1.0,1.0,0.22222222222222224,1.0,1.0,1.0
udsr,g0065,I.11.19_3_0,3,1.0,1.0,1.0,1.0,1.0,0.13888888888888887,1.0,1.0,1.0
udsr,g0066,I.11.19_4_0,3,1.0,1.0,0.3333333333333333,1.0,1.0,0.0888888888888889,1.0,1.0,1.0
udsr,g0067,I.11.19_5_0,3,1.0,1.0,1.0,1.0,1.0,0.22222222222222224,1.0,1.0,1.0
udsr,g0068,I.12.2_3_0,3,1.0,1.0,0.0,0.0,0.0,0.0,1.0,0.6031746031746033,0.16031746031746033
udsr,g0069,I.12.4_2_0,3,1.0,1.0,0.0,0.0,0.0,0.0,1.0,0.5370370370370371,0.1537037037037037
udsr,g0070,I.13.12_3_0,3,1.0,1.0,0.0,0.0,0.0,0.0,0.8201058201058201,0.8571428571428571,0.16772486772486772
udsr,g0071,I.15.1_1_0,3,1.0,1.0,0.0,0.0,0.0,0.0,1.0,0.8333333333333334,0.18333333333333335
udsr,g0072,I.15.3t_0_0,3,1.0,1.0,0.0,0.0,0.0,0.0,1.0,0.8571428571428571,0.18571428571428572
udsr,g0073,I.24.6_0_0,3,1.0,1.0,0.0,0.0,0.0,0.0,1.0,0.8214285714285713,0.18214285714285716
udsr,g0074,I.24.6_1_1,3,1.0,1.0,0.0,0.0,0.0,0.0,1.0,0.9047619047619048,0.19047619047619047
udsr,g0075,I.24.6_2_1,3,1.0,1.0,0.0,0.0,0.0,0.0,1.0,0.8055555555555555,0.18055555555555558
udsr,g0076,I.24.6_3_1,3,1.0,1.0,0.0,0.0,0.0,0.0,1.0,0.7579365079365079,0.1757936507936508
udsr,g0077,I.27.6_2_0,3,1.0,1.0,0.6666666666666666,1.0,1.0,0.0,1.0,1.0,1.0
udsr,g0078,I.29.16_0_0,3,1.0,1.0,0.0,0.0,0.0,0.0,0.8571428571428571,0.8592592592592593,0.17164021164021168
udsr,g0079,I.29.16_1_0,3,1.0,1.0,0.0,0.0,0.0,0.0,1.0,0.6944444444444443,0.16944444444444443
udsr,g0080,I.30.3_0_0,3,1.0,1.0,0.0,0.0,0.0,0.07017543859649127,1.0,0.7851851851851852,0.19957115009746593
udsr,g0081,I.32.17_2_0,3,1.0,1.0,0.0,0.0,0.0,0.0,1.0,0.7222222222222222,0.17222222222222225
udsr,g0082,I.32.17_3_0,3,1.0,1.0,0.0,0.0,0.0,0.0,1.0,0.7000000000000001,0.17
udsr,g0083,I.32.17_4_3,3,1.0,1.0,0.0,0.0,0.0,0.0,1.0,0.8214285714285715,0.18214285714285716
udsr,g0084,I.32.17_5_3,3,1.0,1.0,0.0,0.0,0.0,0.0,1.0,0.7079365079365078,0.1707936507936508
udsr,g0085,I.32.5_0_1,3,1.0,1.0,0.0,0.0,0.0,0.0,1.0,0.5555555555555555,0.15555555555555556
udsr,g0086,I.32.5_1_1,3,1.0,1.0,0.0,0.3333333333333333,0.3333333333333333,0.0,1.0,0.6031746031746033,0.4380952380952381
udsr,g0087,I.34.14_2_0,3,1.0,1.0,0.0,0.0,0.0,0.0,1.0,0.8214285714285713,0.18214285714285716
udsr,g0088,I.34.1_2_0,3,1.0,1.0,0.6666666666666666,1.0,1.0,0.16666666666666666,1.0,1.0,1.0
udsr,g0089,I.37.4_0_1,3,1.0,1.0,0.0,0.0,0.0,0.0,1.0,0.888888888888889,0.18888888888888888
udsr,g0090,I.37.4_1_1,3,1.0,1.0,0.0,0.0,0.0,0.0,1.0,0.8592592592592593,0.18592592592592594
udsr,g0091,I.40.1_4_0,3,1.0,1.0,0.0,0.0,0.0,0.0,1.0,0.7301587301587301,0.17301587301587298
udsr,g0092,I.43.43_0_0,3,1.0,1.0,0.6666666666666666,1.0,1.0,0.0,1.0,0.9166666666666666,1.0
udsr,g0093,I.43.43_3_0,3,1.0,1.0,0.0,1.0,1.0,0.0,1.0,1.0,1.0
udsr,g0094,I.44.4_2_0,3,1.0,1.0,0.0,0.0,0.0,0.08333333333333333,0.8333333333333334,0.6349206349206349,0.1718253968253968
udsr,g0095,I.44.4_4_0,3,1.0,1.0,0.0,0.0,0.0,0.0,1.0,0.8571428571428571,0.18571428571428572
udsr,g0096,I.48.2_1_0,3,1.0,1.0,0.0,0.0,0.0,0.0,1.0,0.869047619047619,0.1869047619047619
udsr,g0097,I.50.26_0_0,3,1.0,1.0,0.0,0.0,0.0,0.09803921568627454,0.9523809523809524,0.7314814814814815,0.19779800809212575
udsr,g0098,I.50.26_3_0,3,1.0,1.0,0.0,0.0,0.0,0.0,0.8412698412698413,0.9333333333333332,0.17746031746031746
udsr,g0099,II.11.17_0_0,3,1.0,1.0,0.0,0.0,0.0,0.0,0.9333333333333332,0.8214285714285715,0.17547619047619048
udsr,g0100,II.11.17_2_0,3,1.0,1.0,0.0,0.0,0.0,0.0,0.8888888888888888,0.8796296296296297,0.17685185185185184
udsr,g0101,II.11.17_4_0,3,1.0,1.0,0.0,0.0,0.0,0.0,1.0,0.888888888888889,0.18888888888888888
udsr,g0102,II.11.17_5_0,3,1.0,1.0,0.0,0.0,0.0,0.0,1.0,0.8720538720538721,0.18720538720538724
udsr,g0103,II.11.20_1_1,3,1.0,1.0,0.0,0.6666666666666666,0.6666666666666666,0.0,1.0,0.7555555555555555,0.7222222222222222
udsr,g0104,II.11.27_0_0,3,1.0,1.0,0.0,1.0,1.0,0.4523809523809524,1.0,1.0,1.0
udsr,g0105,II.11.27_1_0,3,1.0,1.0,0.0,1.0,1.0,0.23809523809523805,1.0,1.0,1.0
udsr,g0106,II.11.27_3_0,3,1.0,1.0,0.0,0.0,0.0,0.0,1.0,0.8571428571428571,0.18571428571428572
udsr,g0107,II.11.28_0_0,3,1.0,1.0,0.0,0.0,0.0,0.0,1.0,0.9047619047619048,0.19047619047619047
udsr,g0108,II.11.3_0_0,3,1.0,1.0,0.0,0.6666666666666666,0.6666666666666666,0.0,1.0,0.9047619047619048,0.7285714285714286
udsr,g0109,II.11.3_2_0,3,1.0,1.0,0.0,0.0,0.0,0.0,1.0,0.8214285714285713,0.18214285714285716
udsr,g0110,II.11.3_3_1,3,1.0,1.0,0.0,0.0,0.0,0.0,1.0,0.9166666666666666,0.19166666666666668
udsr,g0111,II.11.3_4_1,3,1.0,1.0,0.0,0.0,0.0,0.0,1.0,0.9047619047619048,0.19047619047619047
udsr,g0112,II.13.23_1_0,3,1.0,1.0,0.0,0.0,0.0,0.0,1.0,0.7499999999999999,0.17500000000000002
udsr,g0113,II.13.34_1_0,3,1.0,1.0,0.0,0.0,0.0,0.0,1.0,0.9523809523809524,0.19523809523809524
udsr,g0114,II.15.4_1_0,3,1.0,1.0,0.0,0.0,0.0,0.3333333333333333,1.0,0.8690476190476191,0.28690476190476194
udsr,g0115,II.15.5_0_0,3,1.0,1.0,0.0,0.6666666666666666,0.6666666666666666,0.0,1.0,0.8214285714285713,0.725
udsr,g0116,II.15.5_1_0,3,1.0,1.0,0.0,0.6666666666666666,0.6666666666666666,0.06666666666666665,1.0,0.7936507936507936,0.7222222222222222
udsr,g0117,II.21.32_2_0,3,1.0,1.0,0.0,0.0,0.0,0.0,1.0,0.7857142857142857,0.1785714285714286
udsr,g0118,II.21.32_3_0,3,1.0,1.0,0.0,0.0,0.0,0.0,1.0,0.7936507936507935,0.17936507936507937
udsr,g0119,II.24.17_0_1,3,1.0,1.0,0.0,0.0,0.0,0.0,1.0,0.7222222222222222,0.17222222222222225
udsr,g0120,II.24.17_1_1,3,1.0,1.0,0.0,0.0,0.0,0.0,1.0,0.8214285714285715,0.18214285714285716
udsr,g0121,II.24.17_2_1,3,1.0,1.0,0.0,0.0,0.0,0.04347826086956522,1.0,0.7357142857142858,0.18661490683229817
udsr,g0122,II.27.16_2_0,3,1.0,1.0,0.0,0.0,0.0,0.0,1.0,0.8000000000000002,0.18000000000000002
udsr,g0123,II.27.18_1_0,3,1.0,1.0,0.0,0.3333333333333333,0.3333333333333333,0.1851851851851852,1.0,0.8666666666666667,0.45333333333333337
udsr,g0124,II.3.24_1_0,3,1.0,1.0,0.0,1.0,1.0,0.25,1.0,0.7555555555555555,1.0
udsr,g0125,II.34.29a_2_0,3,1.0,1.0,0.0,1.0,1.0,0.3333333333333333,1.0,0.7111111111111111,1.0
udsr,g0126,II.34.29b_0_0,3,1.0,1.0,0.0,0.0,0.0,0.0,1.0,0.5925925925925926,0.15925925925925924
udsr,g0127,II.34.29b_2_0,3,1.0,1.0,0.0,0.3333333333333333,0.3333333333333333,0.0,1.0,0.5793650793650794,0.4388888888888889
udsr,g0128,II.34.29b_3_0,3,1.0,1.0,0.0,0.0,0.0,0.0,1.0,0.611111111111111,0.16111111111111112
udsr,g0129,II.34.29b_4_0,3,1.0,1.0,0.0,0.0,0.0,0.0,1.0,0.5555555555555555,0.15555555555555556
udsr,g0130,II.34.2_1_0,3,1.0,1.0,0.3333333333333333,1.0,1.0,0.5185185185185185,1.0,0.8666666666666667,1.0
udsr,g0131,II.35.18_0_0,3,1.0,1.0,0.0,0.0,0.0,0.0,1.0,0.9259259259259259,0.19259259259259257
udsr,g0132,II.35.18_2_1,3,1.0,1.0,0.0,0.0,0.0,0.0,0.9166666666666666,0.8690476190476191,0.1785714285714286
udsr,g0133,II.35.18_3_1,3,1.0,1.0,0.0,0.0,0.0,0.0,1.0,0.8783068783068783,0.18783068783068782
udsr,g0134,II.35.18_4_1,3,1.0,1.0,0.0,0.0,0.0,0.0,1.0,0.8148148148148149,0.18148148148148147
udsr,g0135,II.35.21_2_1,3,1.0,1.0,0.0,0.0,0.0,0.0,1.0,0.7857142857142857,0.1785714285714286
udsr,g0136,II.36.38_0_0,3,1.0,1.0,0.0,0.0,0.0,0.031746031746031744,0.7999999999999999,0.7857142857142856,0.1680952380952381
udsr,g0137,II.36.38_1_0,3,1.0,1.0,0.0,0.0,0.0,0.0,1.0,0.9523809523809524,0.19523809523809524
udsr,g0138,II.36.38_3_0,3,1.0,1.0,0.0,0.0,0.0,0.0,1.0,0.9047619047619048,0.19047619047619047
udsr,g0139,II.36.38_4_0,3,1.0,1.0,0.0,0.0,0.0,0.0,1.0,0.869047619047619,0.1869047619047619
udsr,g0140,II.36.38_5_0,3,1.0,1.0,0.0,0.0,0.0,0.0,1.0,0.7301587301587301,0.17301587301587298
udsr,g0141,II.36.38_7_0,3,1.0,1.0,0.0,0.0,0.0,0.0,1.0,0.9523809523809524,0.19523809523809524
udsr,g0142,II.37.1_0_0,3,1.0,1.0,0.6666666666666666,1.0,1.0,0.0,1.0,1.0,1.0
udsr,g0143,II.37.1_1_0,3,1.0,1.0,0.3333333333333333,1.0,1.0,0.0,1.0,1.0,1.0
udsr,g0144,II.37.1_2_0,3,1.0,1.0,0.3333333333333333,1.0,1.0,0.0,1.0,1.0,1.0
udsr,g0145,II.6.15a_1_0,3,1.0,1.0,0.0,0.0,0.0,0.0,1.0,0.75,0.17500000000000002
udsr,g0146,II.6.15a_2_0,3,1.0,1.0,0.0,0.0,0.0,0.0,1.0,0.7000000000000001,0.17
udsr,g0147,II.6.15a_3_1,3,1.0,1.0,0.0,0.0,0.0,0.0,1.0,0.7222222222222222,0.17222222222222225
udsr,g0148,II.6.15a_4_1,3,1.0,1.0,0.0,0.0,0.0,0.0,1.0,0.6944444444444443,0.16944444444444443
udsr,g0149,II.6.15a_5_0,3,1.0,1.0,0.0,0.0,0.0,0.0,1.0,0.7222222222222222,0.17222222222222225
udsr,g0150,II.6.15b_1_0,3,1.0,1.0,0.0,0.0,0.0,0.0,1.0,0.5,0.15000000000000002
udsr,g0151,II.6.15b_3_0,3,1.0,1.0,0.0,0.0,0.0,0.0,1.0,0.5148148148148148,0.15148148148148152
udsr,g0152,II.8.31_1_0,3,1.0,1.0,0.0,1.0,1.0,0.3333333333333333,1.0,0.8222222222222223,1.0
udsr,g0153,III.10.19_1_1,3,1.0,1.0,0.0,0.0,0.0,0.0,1.0,0.9047619047619048,0.19047619047619047
udsr,g0154,III.10.19_2_1,3,1.0,1.0,0.0,0.0,0.0,0.0,1.0,0.8214285714285713,0.18214285714285716
udsr,g0155,III.10.19_3_1,3,1.0,1.0,0.0,0.0,0.0,0.0,1.0,0.9523809523809524,0.19523809523809524
udsr,g0156,III.12.43_0_0,3,1.0,1.0,0.0,1.0,1.0,0.5714285714285715,1.0,0.7555555555555555,1.0
udsr,g0157,III.13.18_0_0,3,1.0,1.0,0.0,0.0,0.0,0.0,1.0,0.6031746031746033,0.16031746031746033
udsr,g0158,III.13.18_1_1,3,1.0,1.0,0.0,0.0,0.0,0.0,1.0,0.5555555555555555,0.15555555555555556
udsr,g0159,III.15.12_0_0,3,1.0,1.0,0.0,0.0,0.0,0.07692307692307691,0.9333333333333332,0.7685185185185185,0.19326210826210824
udsr,g0160,III.15.14_1_0,3,0.6666666666666666,1.0,0.0,0.3333333333333333,0.3333333333333333,0.2619047619047619,1.0,0.6793650793650793,0.38571428571428573
udsr,g0161,III.15.27_1_0,3,1.0,1.0,0.0,0.6666666666666666,0.6666666666666666,0.3,1.0,0.7111111111111111,0.7222222222222222
udsr,g0162,III.15.27_2_0,3,1.0,1.0,0.0,1.0,1.0,0.9,1.0,0.8000000000000002,1.0
udsr,g0163,III.17.37_0_0,3,1.0,1.0,0.0,0.0,0.0,0.06666666666666665,0.9333333333333332,0.8888888888888888,0.20222222222222222
udsr,g0164,III.17.37_1_0,3,1.0,1.0,0.0,0.0,0.0,0.0,1.0,1.0,0.20000000000000004
udsr,g0165,III.19.51_1_0,3,1.0,1.0,0.0,0.0,0.0,0.0,1.0,0.6031746031746033,0.16031746031746033
udsr,g0166,III.19.51_3_0,3,1.0,1.0,0.0,0.0,0.0,0.0,1.0,0.6666666666666666,0.16666666666666666
udsr,g0167,III.21.20_2_0,3,1.0,1.0,0.3333333333333333,1.0,1.0,0.3333333333333333,1.0,0.7904761904761904,1.0
udsr,g0168,III.21.20_3_0,3,1.0,1.0,1.0,1.0,1.0,0.6666666666666666,1.0,0.9333333333333332,1.0
udsr,g0169,III.4.33_3_0,3,1.0,1.0,0.0,0.0,0.0,0.0,1.0,0.7499999999999999,0.17500000000000002
udsr,g0170,III.9.52_0_0,3,1.0,1.0,0.0,0.0,0.0,0.0,1.0,0.6888888888888888,0.1688888888888889
udsr,g0171,III.9.52_1_0,3,1.0,1.0,0.0,0.0,0.0,0.052083333333333336,0.7777777777777777,0.6666666666666666,0.16006944444444446
udsr,g0172,MatSci0,3,1.0,1.0,0.0,0.0,0.0,0.0,1.0,0.9047619047619048,0.19047619047619047
udsr,g0173,MatSci1,3,1.0,1.0,0.0,0.0,0.0,0.0,1.0,0.8592592592592593,0.18592592592592594
udsr,g0174,MatSci10,3,1.0,1.0,0.0,0.0,0.0,0.0,1.0,0.9523809523809524,0.19523809523809524
udsr,g0175,MatSci11,3,1.0,1.0,0.0,0.0,0.0,0.0,1.0,0.7857142857142857,0.1785714285714286
udsr,g0176,MatSci12,3,1.0,1.0,0.0,0.0,0.0,0.0,1.0,0.7833333333333333,0.17833333333333334
udsr,g0177,MatSci13,3,1.0,1.0,0.0,0.0,0.0,0.0,1.0,0.8592592592592593,0.18592592592592594
udsr,g0178,MatSci14,3,1.0,1.0,0.0,0.0,0.0,0.0,1.0,0.8571428571428571,0.18571428571428572
udsr,g0179,MatSci16,3,1.0,1.0,0.0,0.0,0.0,0.0,1.0,0.7833333333333333,0.17833333333333334
udsr,g0180,MatSci18,3,1.0,1.0,0.0,0.0,0.0,0.0,1.0,0.9166666666666666,0.19166666666666668
udsr,g0181,MatSci19,3,1.0,1.0,0.0,0.0,0.0,0.0,1.0,0.6944444444444443,0.16944444444444443
udsr,g0182,MatSci2,3,1.0,1.0,0.0,0.0,0.0,0.0,1.0,0.8592592592592593,0.18592592592592594
udsr,g0183,MatSci20,3,1.0,1.0,0.0,0.0,0.0,0.0,1.0,0.8296296296296296,0.182962962962963
udsr,g0184,MatSci21,3,1.0,1.0,0.0,0.0,0.0,0.0,1.0,0.8055555555555555,0.18055555555555558
udsr,g0185,MatSci22,3,1.0,1.0,0.0,0.0,0.0,0.0,1.0,0.6349206349206349,0.1634920634920635
udsr,g0186,MatSci23,3,1.0,1.0,0.0,0.0,0.0,0.0,1.0,0.8000000000000002,0.18000000000000005
udsr,g0187,MatSci24,3,1.0,1.0,0.0,0.0,0.0,0.0,1.0,0.6962962962962963,0.16962962962962966
udsr,g0188,MatSci25,3,1.0,1.0,0.0,0.0,0.0,0.0,1.0,0.7962962962962963,0.17962962962962967
udsr,g0189,MatSci28,3,1.0,1.0,0.0,0.0,0.0,0.0,1.0,0.8023809523809523,0.18023809523809523
udsr,g0190,MatSci3,3,1.0,1.0,0.0,0.0,0.0,0.0,1.0,0.8796296296296297,0.18796296296296297
udsr,g0191,MatSci4,3,1.0,1.0,0.0,0.0,0.0,0.0,1.0,0.8962962962962964,0.18962962962962962
udsr,g0192,MatSci5,3,1.0,1.0,0.0,0.0,0.0,0.0,1.0,0.7301587301587301,0.17301587301587298
udsr,g0193,MatSci6,3,1.0,1.0,0.0,0.0,0.0,0.0,1.0,0.8055555555555555,0.18055555555555558
udsr,g0194,MatSci7,3,1.0,1.0,0.0,0.0,0.0,0.0,1.0,0.8214285714285715,0.18214285714285716
udsr,g0195,MatSci8,3,1.0,1.0,0.0,0.0,0.0,0.0,1.0,0.7857142857142856,0.1785714285714286
udsr,g0196,MatSci9,3,1.0,1.0,0.0,0.0,0.0,0.0,1.0,0.7301587301587301,0.17301587301587298
udsr,g0197,PO0,3,1.0,1.0,0.0,0.0,0.0,0.0,1.0,0.7757575757575758,0.17757575757575758
udsr,g0198,PO1,3,1.0,1.0,0.0,0.0,0.0,0.0,1.0,0.7111111111111111,0.17111111111111113
udsr,g0199,PO10,3,1.0,1.0,0.0,0.0,0.0,0.0,1.0,1.0,0.20000000000000004
udsr,g0200,PO11,3,1.0,1.0,0.0,0.0,0.0,0.0,1.0,0.7685185185185185,0.17685185185185184
udsr,g0201,PO12,3,1.0,1.0,0.0,0.0,0.0,0.0,1.0,0.888888888888889,0.18888888888888888
udsr,g0202,PO13,3,1.0,1.0,0.0,0.0,0.0,0.0,1.0,0.8592592592592593,0.18592592592592594
udsr,g0203,PO14,3,1.0,1.0,0.0,0.0,0.0,0.0,1.0,0.7202020202020202,0.17202020202020205
udsr,g0204,PO15,3,1.0,1.0,0.0,0.0,0.0,0.0,1.0,0.8727272727272727,0.18727272727272729
udsr,g0205,PO16,3,1.0,1.0,0.0,0.0,0.0,0.0,1.0,1.0,0.20000000000000004
udsr,g0206,PO17,3,1.0,1.0,0.0,0.0,0.0,0.0,1.0,0.8571428571428571,0.18571428571428572
udsr,g0207,PO18,3,1.0,1.0,0.0,0.0,0.0,0.0,0.8000000000000002,0.6666666666666666,0.14666666666666667
udsr,g0208,PO19,3,1.0,1.0,0.0,0.0,0.0,0.0,0.8000000000000002,0.6944444444444443,0.14944444444444446
udsr,g0209,PO2,3,1.0,1.0,0.0,0.0,0.0,0.0,0.8000000000000002,0.6666666666666665,0.14666666666666667
udsr,g0210,PO20,3,1.0,1.0,0.0,0.0,0.0,0.0,0.8000000000000002,0.604040404040404,0.1404040404040404
udsr,g0211,PO21,3,1.0,1.0,0.0,0.0,0.0,0.0,1.0,0.48148148148148145,0.14814814814814817
udsr,g0212,PO22,3,1.0,1.0,0.0,0.0,0.0,0.0,0.8000000000000002,0.7590909090909091,0.1559090909090909
udsr,g0213,PO23,3,1.0,1.0,0.0,0.0,0.0,0.0,1.0,0.7070707070707071,0.1707070707070707
udsr,g0214,PO24,3,1.0,1.0,0.0,0.0,0.0,0.0,1.0,0.8363636363636364,0.18363636363636368
udsr,g0215,PO25,3,1.0,1.0,0.0,0.0,0.0,0.2962962962962963,1.0,0.746031746031746,0.2634920634920635
udsr,g0216,PO26,3,1.0,1.0,0.0,0.0,0.0,0.0,1.0,0.8000000000000002,0.18000000000000002
udsr,g0217,PO27,3,1.0,1.0,0.0,0.0,0.0,0.0,1.0,0.7757575757575758,0.17757575757575758
udsr,g0218,PO28,3,1.0,1.0,0.0,0.0,0.0,0.0,0.8000000000000002,0.7857142857142857,0.15857142857142859
udsr,g0219,PO29,3,1.0,1.0,0.0,0.0,0.0,0.0,1.0,1.0,0.20000000000000004
udsr,g0220,PO3,3,1.0,1.0,0.0,0.0,0.0,0.3611111111111111,1.0,0.8888888888888888,0.2972222222222222
udsr,g0221,PO30,3,1.0,1.0,0.0,0.0,0.0,0.0,0.8000000000000002,0.8055555555555555,0.16055555555555556
udsr,g0222,PO31,3,1.0,1.0,0.0,0.0,0.0,0.0,0.8000000000000002,0.7222222222222222,0.15222222222222223
udsr,g0223,PO32,3,1.0,1.0,0.0,0.0,0.0,0.0,1.0,0.8000000000000002,0.18000000000000002
udsr,g0224,PO33,3,1.0,1.0,0.0,0.0,0.0,0.0,1.0,1.0,0.20000000000000004
udsr,g0225,PO34,3,1.0,1.0,0.0,0.0,0.0,0.0,0.8000000000000002,0.6666666666666665,0.14666666666666667
udsr,g0226,PO35,3,1.0,1.0,0.0,0.0,0.0,0.0,1.0,0.8592592592592593,0.18592592592592594
udsr,g0227,PO36,3,1.0,1.0,0.0,0.0,0.0,0.0,1.0,0.6646464646464646,0.16646464646464645
udsr,g0228,PO37,3,1.0,1.0,0.0,0.0,0.0,0.0,1.0,0.9629629629629629,0.1962962962962963
udsr,g0229,PO38,3,1.0,1.0,0.0,0.0,0.0,0.0,0.8000000000000002,0.7878787878787877,0.15878787878787878
udsr,g0230,PO39,3,1.0,1.0,0.0,0.0,0.0,0.0,1.0,0.7878787878787877,0.1787878787878788
udsr,g0231,PO4,3,1.0,1.0,0.0,0.0,0.0,0.0,1.0,0.8053872053872054,0.18053872053872055
udsr,g0232,PO40,3,1.0,1.0,0.0,0.0,0.0,0.0,1.0,0.8053872053872054,0.18053872053872055
udsr,g0233,PO41,3,1.0,1.0,0.0,0.0,0.0,0.0,0.8000000000000002,0.8296296296296298,0.162962962962963
udsr,g0234,PO42,3,1.0,1.0,0.0,0.0,0.0,0.0,1.0,0.8962962962962964,0.18962962962962962
udsr,g0235,PO43,3,1.0,1.0,0.0,0.0,0.0,0.0,1.0,0.7868686868686868,0.1786868686868687
udsr,g0236,PO5,3,1.0,1.0,0.0,0.0,0.0,0.0,0.8000000000000002,0.7185185185185184,0.15185185185185188
udsr,g0237,PO6,3,1.0,1.0,0.0,0.0,0.0,0.0,0.8000000000000002,0.6,0.13999999999999999
udsr,g0238,PO7,3,1.0,1.0,0.0,0.0,0.0,0.0,0.8000000000000002,0.7936507936507935,0.15936507936507935
udsr,g0239,PO8,3,1.0,1.0,0.0,0.0,0.0,0.0,0.8000000000000002,0.7222222222222222,0.15222222222222223
udsr,g0240,PO9,3,1.0,1.0,0.0,0.0,0.0,0.0,1.0,0.8296296296296298,0.182962962962963
udsr,g0241,feynman-i.12.1,3,1.0,1.0,0.0,1.0,1.0,0.4444444444444445,1.0,0.8333333333333334,1.0
udsr,g0242,feynman-i.12.4,3,1.0,1.0,0.0,0.6666666666666666,0.6666666666666666,0.0,1.0,0.5555555555555555,0.7222222222222222
udsr,g0243,feynman-i.12.5,3,1.0,1.0,0.3333333333333333,1.0,1.0,0.7777777777777778,1.0,1.0,1.0
udsr,g0244,feynman-i.14.3,3,1.0,1.0,0.0,1.0,1.0,0.3333333333333333,1.0,0.6888888888888888,1.0
udsr,g0245,feynman-i.14.4,3,1.0,1.0,0.0,1.0,1.0,0.0,1.0,0.7555555555555555,1.0
udsr,g0246,feynman-i.18.12,3,1.0,1.0,1.0,1.0,1.0,0.8000000000000002,1.0,1.0,1.0
udsr,g0247,feynman-i.18.16,3,1.0,1.0,0.6666666666666666,1.0,1.0,0.6666666666666666,1.0,1.0,1.0
udsr,g0248,feynman-i.25.13,3,1.0,1.0,0.3333333333333333,1.0,1.0,0.3333333333333333,1.0,0.8666666666666667,1.0
udsr,g0249,feynman-i.26.2,3,1.0,1.0,0.3333333333333333,1.0,1.0,0.6190476190476191,1.0,0.9523809523809524,1.0
udsr,g0250,feynman-i.27.6,3,1.0,1.0,0.6666666666666666,1.0,1.0,0.0,1.0,1.0,1.0
udsr,g0251,feynman-i.30.5,3,1.0,1.0,0.3333333333333333,1.0,1.0,0.48148148148148145,1.0,0.9047619047619048,1.0
udsr,g0252,feynman-i.43.16,3,1.0,1.0,0.0,1.0,1.0,0.0,1.0,0.6349206349206349,1.0
udsr,g0253,feynman-i.47.23,3,1.0,1.0,0.0,1.0,1.0,0.0,1.0,0.8000000000000002,1.0
udsr,g0254,feynman-ii.10.9,3,1.0,1.0,0.0,1.0,1.0,0.0,1.0,1.0,1.0
udsr,g0255,feynman-ii.13.17,3,1.0,1.0,0.0,0.3333333333333333,0.3333333333333333,0.22222222222222224,1.0,0.6476190476190476,0.5123809523809524
udsr,g0256,feynman-ii.15.4,3,1.0,1.0,0.3333333333333333,1.0,1.0,0.6111111111111112,1.0,0.7666666666666666,1.0
udsr,g0257,feynman-ii.15.5,3,1.0,1.0,0.6666666666666666,1.0,1.0,0.7777777777777778,1.0,0.9333333333333332,1.0
udsr,g0258,feynman-ii.2.42,3,1.0,1.0,0.0,1.0,1.0,0.0,1.0,1.0,1.0
udsr,g0259,feynman-ii.27.16,3,1.0,1.0,0.0,1.0,1.0,0.6666666666666666,1.0,0.8888888888888888,1.0
udsr,g0260,feynman-ii.27.18,3,1.0,1.0,0.0,1.0,1.0,0.3333333333333333,1.0,0.7904761904761904,1.0
udsr,g0261,feynman-ii.3.24,3,1.0,1.0,0.0,1.0,1.0,0.4444444444444445,1.0,0.7555555555555555,1.0
udsr,g0262,feynman-ii.34.11,3,1.0,1.0,0.0,1.0,1.0,0.0,1.0,0.7111111111111111,1.0
udsr,g0263,feynman-ii.34.29b,3,1.0,1.0,0.0,1.0,1.0,0.0,1.0,0.33968253968253964,1.0
udsr,g0264,feynman-ii.38.14,3,1.0,1.0,0.3333333333333333,1.0,1.0,0.6296296296296297,1.0,0.9523809523809524,1.0
udsr,g0265,feynman-ii.38.3,3,1.0,1.0,0.0,1.0,1.0,0.0,1.0,0.6793650793650793,1.0
udsr,g0266,feynman-ii.4.23,3,1.0,1.0,0.0,1.0,1.0,0.0,1.0,0.6349206349206349,1.0
udsr,g0267,feynman-ii.8.31,3,1.0,1.0,0.0,0.6666666666666666,0.6666666666666666,0.06666666666666665,1.0,0.7111111111111111,0.7466666666666667
udsr,g0268,feynman-iii.12.43,3,1.0,1.0,0.0,1.0,1.0,0.0,1.0,0.6666666666666666,1.0
udsr,g0269,feynman-iii.15.27,3,0.6666666666666666,1.0,0.0,0.6666666666666666,0.6666666666666666,0.0,1.0,0.5291005291005292,0.6666666666666666
udsr,g0270,feynman-iii.7.38,3,1.0,1.0,0.0,1.0,1.0,0.0,1.0,0.3015873015873016,1.0
udsr,g0271,feynman-i.12.1,3,1.0,1.0,0.3333333333333333,0.3333333333333333,0.3333333333333333,0.22222222222222224,0.8666666666666667,0.6111111111111112,0.4144444444444444
udsr,g0272,feynman-i.12.4,3,1.0,1.0,0.0,0.0,0.0,0.0,0.8000000000000002,0.5291005291005292,0.13291005291005292
udsr,g0273,feynman-i.12.5,3,1.0,1.0,0.0,0.0,0.0,0.0,0.8000000000000002,0.3888888888888889,0.11888888888888889
udsr,g0274,feynman-i.14.3,3,1.0,1.0,0.0,0.3333333333333333,0.3333333333333333,0.3333333333333333,0.8666666666666667,0.6666666666666666,0.42
udsr,g0275,feynman-i.14.4,3,1.0,1.0,0.0,1.0,1.0,1.0,1.0,1.0,1.0
udsr,g0276,feynman-i.18.12,3,1.0,1.0,1.0,1.0,1.0,1.0,1.0,1.0,1.0
udsr,g0277,feynman-i.18.16,3,1.0,1.0,0.0,0.0,0.0,0.5,0.8571428571428571,0.9333333333333332,0.32904761904761903
udsr,g0278,feynman-i.25.13,3,1.0,1.0,0.0,0.6666666666666666,0.6666666666666666,0.26666666666666666,0.9333333333333332,0.7904761904761904,0.7200000000000001
udsr,g0279,feynman-i.26.2,3,1.0,1.0,0.3333333333333333,1.0,1.0,0.7142857142857143,1.0,1.0,1.0
udsr,g0280,feynman-i.27.6,3,1.0,1.0,0.0,0.0,0.0,0.0,0.8333333333333334,0.8571428571428571,0.16904761904761903
udsr,g0281,feynman-i.30.5,3,1.0,1.0,0.0,0.0,0.0,0.0,0.7936507936507936,0.7936507936507936,0.15873015873015872
udsr,g0282,feynman-i.43.16,3,1.0,1.0,0.0,1.0,1.0,0.0,1.0,0.7238095238095239,1.0
udsr,g0283,feynman-i.47.23,3,1.0,1.0,0.0,0.3333333333333333,0.3333333333333333,0.0,0.9523809523809524,0.7555555555555555,0.44412698412698415
udsr,g0284,feynman-ii.10.9,3,1.0,1.0,0.0,0.0,0.0,0.0,0.6666666666666666,0.9523809523809524,0.1619047619047619
udsr,g0285,feynman-ii.13.17,3,1.0,1.0,0.0,0.0,0.0,0.0,0.5777777777777778,0.5555555555555555,0.11333333333333333
udsr,g0286,feynman-ii.15.4,3,1.0,1.0,0.0,1.0,1.0,0.0,1.0,0.5111111111111112,1.0
udsr,g0287,feynman-ii.15.5,3,1.0,1.0,0.0,0.0,0.0,0.0,0.8571428571428571,0.47301587301587306,0.133015873015873
udsr,g0288,feynman-ii.2.42,3,1.0,1.0,0.0,0.0,0.0,0.0,0.8333333333333334,0.9047619047619048,0.17380952380952377
udsr,g0289,feynman-ii.27.16,3,1.0,1.0,0.0,0.3333333333333333,0.3333333333333333,0.3333333333333333,0.6333333333333333,0.746031746031746,0.40460317460317463
udsr,g0290,feynman-ii.27.18,3,1.0,1.0,0.0,0.6666666666666666,0.6666666666666666,0.0,0.8888888888888888,0.6444444444444445,0.7000000000000001
udsr,g0291,feynman-ii.3.24,3,1.0,1.0,0.0,0.3333333333333333,0.3333333333333333,0.037037037037037056,0.8666666666666667,0.5608465608465608,0.42052910052910053
udsr,g0292,feynman-ii.34.11,3,1.0,1.0,0.0,0.0,0.0,0.20833333333333334,0.7222222222222222,0.6666666666666666,0.20138888888888887
udsr,g0293,feynman-ii.34.29b,3,1.0,1.0,0.0,0.0,0.0,0.0,0.5714285714285715,0.33968253968253964,0.09111111111111113
udsr,g0294,feynman-ii.38.14,3,1.0,1.0,0.0,0.3333333333333333,0.3333333333333333,0.3333333333333333,0.7777777777777777,0.9523809523809524,0.4396825396825397
udsr,g0295,feynman-ii.38.3,3,1.0,1.0,0.0,0.3333333333333333,0.3333333333333333,0.14285714285714288,0.9629629629629629,0.6793650793650793,0.4804232804232804
udsr,g0296,feynman-ii.4.23,3,1.0,1.0,0.0,0.0,0.0,0.11111111111111112,0.6031746031746033,0.5555555555555555,0.1492063492063492
udsr,g0297,feynman-ii.8.31,3,1.0,1.0,0.0,0.0,0.0,0.0,0.611111111111111,0.8000000000000002,0.14111111111111113
udsr,g0298,feynman-iii.12.43,3,1.0,1.0,0.0,0.0,0.0,0.055555555555555546,0.611111111111111,0.47195767195767196,0.12497354497354497
udsr,g0299,feynman-iii.15.27,3,1.0,1.0,0.0,0.0,0.0,0.0,0.9047619047619048,0.5714285714285715,0.14761904761904765
udsr,g0300,feynman-iii.7.38,3,1.0,1.0,0.0,0.0,0.0,0.0,0.6666666666666666,0.33968253968253964,0.10063492063492063
udsr,g0301,feynman-bonus.1,3,1.0,1.0,0.0,0.0,0.0,0.0,0.8412698412698413,0.6203703703703703,0.1461640211640212
udsr,g0302,feynman-bonus.10,3,1.0,1.0,0.0,0.0,0.0,0.125,0.8888888888888888,0.7523809523809524,0.20162698412698413
udsr,g0303,feynman-bonus.11,3,0.6666666666666666,1.0,0.0,0.6666666666666666,0.6666666666666666,0.053333333333333344,0.8888888888888888,0.6476190476190476,0.6666666666666666
udsr,g0304,feynman-bonus.12,3,1.0,1.0,0.0,0.0,0.0,0.0,1.0,0.7079365079365078,0.1707936507936508
udsr,g0305,feynman-bonus.14,3,1.0,1.0,0.0,0.0,0.0,0.0,1.0,0.9629629629629629,0.1962962962962963
udsr,g0306,feynman-bonus.15,3,1.0,1.0,0.0,0.0,0.0,0.18333333333333335,0.8666666666666667,0.8214285714285715,0.22380952380952382
udsr,g0307,feynman-bonus.16,3,1.0,1.0,0.0,0.0,0.0,0.0,0.9629629629629629,0.7857142857142856,0.17486772486772487
udsr,g0308,feynman-bonus.17,3,1.0,1.0,0.0,0.6666666666666666,0.6666666666666666,0.06172839506172841,0.5555555555555555,0.7579365079365079,0.7166666666666667
udsr,g0309,feynman-bonus.19,3,1.0,1.0,0.0,0.0,0.0,0.0,1.0,0.8571428571428571,0.18571428571428572
udsr,g0310,feynman-bonus.2,3,1.0,1.0,0.0,0.0,0.0,0.10752688172043012,0.791919191919192,0.7685185185185185,0.1883018355599001
udsr,g0311,feynman-bonus.20,3,1.0,1.0,0.0,1.0,1.0,0.08333333333333333,0.9333333333333332,0.812962962962963,1.0
udsr,g0312,feynman-bonus.3,3,1.0,1.0,0.0,0.0,0.0,0.07936507936507937,0.7301587301587301,0.8095238095238096,0.17777777777777778
udsr,g0313,feynman-bonus.4,3,1.0,1.0,0.0,0.6666666666666666,0.6666666666666666,0.05128205128205129,0.8201058201058201,0.9523809523809524,0.7296703296703297
udsr,g0314,feynman-bonus.5,3,1.0,1.0,0.0,0.0,0.0,0.06060606060606059,0.8666666666666667,0.7301587301587301,0.17786435786435786
udsr,g0315,feynman-bonus.6,3,1.0,1.0,0.0,0.0,0.0,0.0,0.9444444444444443,0.8380952380952381,0.17825396825396825
udsr,g0316,feynman-bonus.7,3,1.0,1.0,0.0,1.0,1.0,0.04444444444444443,0.8000000000000002,0.669047619047619,1.0
udsr,g0317,feynman-bonus.9,3,1.0,1.0,0.0,0.0,0.0,0.04761904761904764,0.8000000000000002,0.9523809523809524,0.18952380952380954
udsr,g0318,feynman-i.15.3t,3,1.0,1.0,0.0,0.0,0.0,0.0625,0.6,0.5738095238095239,0.13613095238095238
udsr,g0319,feynman-i.15.3x,3,1.0,1.0,0.0,0.0,0.0,0.0625,1.0,0.7555555555555555,0.1943055555555556
udsr,g0320,feynman-i.29.16,3,1.0,1.0,0.0,0.0,0.0,0.0,1.0,1.0,0.20000000000000004
udsr,g0321,feynman-i.30.3,3,1.0,1.0,0.0,0.0,0.0,0.0,0.9333333333333332,0.5714285714285715,0.1504761904761905
udsr,g0322,feynman-i.32.17,3,1.0,1.0,0.0,0.0,0.0,0.2028985507246377,0.8412698412698413,0.611111111111111,0.20610766045548654
udsr,g0323,feynman-i.37.4,3,1.0,1.0,0.0,0.0,0.0,0.0,1.0,0.888888888888889,0.18888888888888888
udsr,g0324,feynman-i.39.22,3,1.0,1.0,0.0,0.0,0.0,0.0,1.0,0.6666666666666666,0.16666666666666666
udsr,g0325,feynman-i.40.1,3,1.0,1.0,0.0,0.0,0.0,0.0,0.9047619047619048,0.6309523809523809,0.15357142857142858
udsr,g0326,feynman-i.41.16,3,1.0,1.0,0.0,1.0,1.0,0.06060606060606059,1.0,0.6904761904761904,1.0
udsr,g0327,feynman-i.44.4,3,1.0,1.0,0.0,0.0,0.0,0.3333333333333333,0.9523809523809524,0.9333333333333332,0.2885714285714286
udsr,g0328,feynman-i.50.26,3,1.0,1.0,0.0,0.0,0.0,0.0,1.0,1.0,0.20000000000000004
udsr,g0329,feynman-i.6.20,3,1.0,1.0,0.0,0.0,0.0,0.06666666666666665,1.0,0.5,0.17
udsr,g0330,feynman-i.6.20a,3,1.0,1.0,0.0,1.0,1.0,0.38095238095238093,1.0,0.7714285714285714,1.0
udsr,g0331,feynman-i.6.20b,3,1.0,1.0,0.0,0.0,0.0,0.09722222222222221,0.8666666666666667,0.7555555555555555,0.19138888888888891
udsr,g0332,feynman-i.9.18,3,1.0,1.0,0.0,0.0,0.0,0.0,1.0,0.869047619047619,0.1869047619047619
udsr,g0333,feynman-ii.11.17,3,1.0,1.0,0.0,0.0,0.0,0.0,0.7499999999999999,0.9629629629629629,0.1712962962962963
udsr,g0334,feynman-ii.11.20,3,1.0,1.0,0.0,0.0,0.0,0.0,0.8888888888888888,0.7111111111111111,0.16
udsr,g0335,feynman-ii.11.27,3,1.0,1.0,0.0,1.0,1.0,0.0,1.0,0.8214285714285713,1.0
udsr,g0336,feynman-ii.11.28,3,1.0,1.0,0.0,1.0,1.0,0.1282051282051282,1.0,0.6055555555555555,1.0
udsr,g0337,feynman-ii.13.23,3,1.0,1.0,0.0,0.0,0.0,0.0909090909090909,1.0,0.8222222222222223,0.2094949494949495
udsr,g0338,feynman-ii.13.34,3,1.0,1.0,0.0,0.0,0.0,0.0,1.0,0.8857142857142857,0.18857142857142858
udsr,g0339,feynman-ii.24.17,3,1.0,1.0,0.0,0.0,0.0,0.0,0.8888888888888888,0.7357142857142858,0.1624603174603175
udsr,g0340,feynman-ii.35.18,3,1.0,1.0,0.0,1.0,1.0,0.0,0.8412698412698413,0.7367724867724869,1.0
udsr,g0341,feynman-ii.35.21,3,1.0,1.0,0.0,0.0,0.0,0.0,1.0,0.6349206349206349,0.1634920634920635
udsr,g0342,feynman-ii.36.38,3,1.0,1.0,0.0,0.0,0.0,0.0,0.9166666666666666,0.9523809523809524,0.1869047619047619
udsr,g0343,feynman-ii.6.15a,3,1.0,1.0,0.0,0.0,0.0,0.0,1.0,0.8214285714285715,0.18214285714285716
udsr,g0344,feynman-ii.6.15b,3,1.0,1.0,0.0,0.0,0.0,0.0,1.0,0.5703703703703703,0.15703703703703706
udsr,g0345,feynman-iii.10.19,3,1.0,1.0,0.0,1.0,1.0,0.023809523809523798,1.0,0.869047619047619,1.0
udsr,g0346,feynman-iii.21.20,3,1.0,1.0,0.0,1.0,1.0,0.0,1.0,0.6666666666666666,1.0
udsr,g0347,feynman-iii.4.33,3,1.0,1.0,0.0,1.0,1.0,0.03333333333333336,0.7777777777777777,0.6031746031746031,1.0
udsr,g0348,feynman-bonus.1,3,1.0,1.0,0.0,0.0,0.0,0.05882352941176472,0.6031746031746033,0.611111111111111,0.13907563025210085
udsr,g0349,feynman-bonus.10,3,1.0,1.0,0.0,0.0,0.0,0.0,0.7555555555555555,0.9166666666666666,0.16722222222222224
udsr,g0350,feynman-bonus.11,3,1.0,1.0,0.0,1.0,1.0,0.053333333333333344,0.9523809523809524,0.6666666666666666,1.0
udsr,g0351,feynman-bonus.12,3,1.0,1.0,0.0,0.0,0.0,0.018018018018018018,0.856060606060606,0.7936507936507935,0.17037654537654537
udsr,g0352,feynman-bonus.14,3,1.0,1.0,0.0,0.0,0.0,0.0,0.4867724867724868,0.7388888888888889,0.12256613756613759
udsr,g0353,feynman-bonus.15,3,1.0,1.0,0.0,0.0,0.0,0.03333333333333336,0.6793650793650793,0.7261904761904763,0.15055555555555558
udsr,g0354,feynman-bonus.16,3,1.0,1.0,0.0,0.0,0.0,0.10606060606060608,0.5714285714285715,0.8412698412698413,0.1730880230880231
udsr,g0355,feynman-bonus.17,3,1.0,1.0,0.0,0.6666666666666666,0.6666666666666666,0.07407407407407411,0.5555555555555555,0.8857142857142857,0.7230158730158731
udsr,g0356,feynman-bonus.19,3,1.0,1.0,0.0,0.0,0.0,0.0,0.7272727272727272,0.7579365079365079,0.14852092352092353
udsr,g0357,feynman-bonus.2,3,1.0,1.0,0.0,0.0,0.0,0.13978494623655913,0.7111111111111111,0.7936507936507936,0.19241167434715822
udsr,g0358,feynman-bonus.20,3,1.0,1.0,0.0,1.0,1.0,0.0357142857142857,0.6666666666666666,0.7129629629629629,1.0
udsr,g0359,feynman-bonus.3,3,1.0,1.0,0.0,0.0,0.0,0.11111111111111112,0.7301587301587301,0.8055555555555555,0.1869047619047619
udsr,g0360,feynman-bonus.4,3,1.0,1.0,0.0,0.0,0.0,0.07692307692307691,0.6031746031746031,0.869047619047619,0.17029914529914533
udsr,g0361,feynman-bonus.5,3,1.0,1.0,0.0,0.0,0.0,0.0,0.7111111111111111,0.5484848484848485,0.12595959595959597
udsr,g0362,feynman-bonus.6,3,1.0,1.0,0.0,0.0,0.0,0.0,0.7925407925407925,0.7936507936507936,0.15861915861915862
udsr,g0363,feynman-bonus.7,3,1.0,1.0,0.0,0.6666666666666666,0.6666666666666666,0.022222222222222216,0.8222222222222223,0.6722222222222222,0.7111111111111111
udsr,g0364,feynman-bonus.9,3,1.0,1.0,0.0,0.0,0.0,0.07142857142857144,0.746031746031746,0.9166666666666666,0.1876984126984127
udsr,g0365,feynman-i.15.3t,3,1.0,1.0,0.0,0.0,0.0,0.0,0.45714285714285713,0.707936507936508,0.11650793650793652
udsr,g0366,feynman-i.15.3x,3,1.0,1.0,0.0,0.0,0.0,0.0,1.0,0.6626984126984127,0.16626984126984126
udsr,g0367,feynman-i.29.16,3,1.0,1.0,0.0,0.0,0.0,0.0,0.8000000000000002,0.9629629629629629,0.1762962962962963
udsr,g0368,feynman-i.30.3,3,1.0,1.0,0.0,0.0,0.0,0.24444444444444446,0.7333333333333334,0.8095238095238096,0.2276190476190476
udsr,g0369,feynman-i.32.17,3,1.0,1.0,0.0,0.0,0.0,0.0,0.5462962962962963,0.7023809523809524,0.12486772486772489
udsr,g0370,feynman-i.37.4,3,1.0,1.0,0.0,0.0,0.0,0.0,0.9523809523809524,0.6666666666666666,0.1619047619047619
udsr,g0371,feynman-i.39.22,3,1.0,1.0,0.0,0.0,0.0,0.09523809523809523,0.9523809523809524,0.8000000000000002,0.2038095238095238
udsr,g0372,feynman-i.40.1,3,1.0,1.0,0.0,0.0,0.0,0.0,0.8888888888888888,0.6626984126984127,0.15515873015873016
udsr,g0373,feynman-i.41.16,3,1.0,1.0,0.0,0.6666666666666666,0.6666666666666666,0.06060606060606059,0.8888888888888888,0.6238095238095239,0.7155555555555555
udsr,g0374,feynman-i.44.4,3,1.0,1.0,0.0,0.0,0.0,0.19999999999999998,0.8690476190476191,0.8055555555555555,0.22746031746031747
udsr,g0375,feynman-i.50.26,3,1.0,1.0,0.0,0.0,0.0,0.022222222222222216,0.8214285714285715,0.7301587301587301,0.16182539682539684
udsr,g0376,feynman-i.6.20,3,1.0,1.0,0.0,0.0,0.0,0.0,0.9333333333333332,0.6126984126984126,0.1546031746031746
udsr,g0377,feynman-i.6.20a,3,1.0,1.0,0.0,0.3333333333333333,0.3333333333333333,0.11904761904761903,1.0,0.630952380952381,0.47380952380952385
udsr,g0378,feynman-i.9.18,3,1.0,1.0,0.0,0.0,0.0,0.08333333333333333,0.3151515151515151,0.6944444444444443,0.12595959595959597
udsr,g0379,feynman-ii.11.17,3,1.0,1.0,0.0,0.0,0.0,0.0,0.8055555555555555,0.8690476190476191,0.16746031746031745
udsr,g0380,feynman-ii.11.20,3,1.0,1.0,0.0,0.0,0.0,0.0,0.8486772486772486,0.6476190476190476,0.14962962962962964
udsr,g0381,feynman-ii.11.27,3,1.0,1.0,0.0,0.3333333333333333,0.3333333333333333,0.0,0.8023809523809523,0.669047619047619,0.44047619047619047
udsr,g0382,feynman-ii.13.23,3,1.0,1.0,0.0,0.0,0.0,0.1818181818181818,0.9333333333333332,0.7388888888888889,0.22176767676767675
udsr,g0383,feynman-ii.13.34,3,1.0,1.0,0.0,0.0,0.0,0.02777777777777779,0.9333333333333332,0.8857142857142857,0.19023809523809523
udsr,g0384,feynman-ii.24.17,3,1.0,1.0,0.0,0.0,0.0,0.0,0.6555555555555556,0.6857142857142856,0.13412698412698412
udsr,g0385,feynman-ii.35.18,3,1.0,1.0,0.0,0.0,0.0,0.0,0.6388888888888888,0.75,0.1388888888888889
udsr,g0386,feynman-ii.35.21,3,1.0,1.0,0.0,0.0,0.0,0.0,0.8677248677248678,0.5666666666666668,0.14343915343915345
udsr,g0387,feynman-ii.36.38,3,1.0,1.0,0.0,0.0,0.0,0.0,0.6424242424242425,0.8690476190476191,0.15114718614718614
udsr,g0388,feynman-ii.6.15a,3,1.0,1.0,0.0,0.0,0.0,0.0,0.9393939393939394,0.7357142857142858,0.16751082251082253
udsr,g0389,feynman-ii.6.15b,3,1.0,1.0,0.0,0.0,0.0,0.358974358974359,0.8571428571428571,0.6071428571428571,0.2541208791208791
udsr,g0390,feynman-iii.10.19,3,1.0,1.0,0.0,0.0,0.0,0.0,0.8000000000000002,0.8333333333333334,0.16333333333333333
udsr,g0391,feynman-iii.21.20,3,1.0,1.0,0.3333333333333333,1.0,1.0,0.4583333333333333,1.0,0.8222222222222223,1.0
udsr,g0392,feynman-iii.4.33,3,1.0,1.0,0.0,0.0,0.0,0.0,0.45714285714285713,0.6944444444444443,0.11515873015873014
udsr,g0393,feynman-bonus.18,3,1.0,1.0,0.0,0.0,0.0,0.0,1.0,0.7857142857142857,0.1785714285714286
udsr,g0394,feynman-bonus.8,3,1.0,1.0,0.0,1.0,1.0,0.13333333333333333,0.7777777777777777,0.6031746031746031,1.0
udsr,g0395,feynman-i.10.7,3,1.0,1.0,0.0,0.0,0.0,0.1818181818181818,1.0,0.8000000000000002,0.23454545454545458
udsr,g0396,feynman-i.11.19,3,1.0,1.0,0.3333333333333333,1.0,1.0,0.0,1.0,0.6793650793650793,1.0
udsr,g0397,feynman-i.12.11,3,1.0,1.0,0.0,0.0,0.0,0.0,1.0,0.7936507936507936,0.17936507936507937
udsr,g0398,feynman-i.12.2,3,1.0,1.0,0.0,1.0,1.0,0.0,1.0,0.6349206349206349,1.0
udsr,g0399,feynman-i.13.12,3,1.0,1.0,0.0,0.0,0.0,0.0,1.0,0.8214285714285713,0.18214285714285716
udsr,g0400,feynman-i.13.4,3,1.0,1.0,0.3333333333333333,1.0,1.0,0.0,1.0,1.0,1.0
udsr,g0401,feynman-i.15.10,3,1.0,1.0,0.0,0.0,0.0,0.08333333333333333,1.0,0.9523809523809524,0.22023809523809526
udsr,g0402,feynman-i.16.6,3,1.0,1.0,0.0,0.0,0.0,0.0,1.0,0.9047619047619048,0.19047619047619047
udsr,g0403,feynman-i.18.4,3,1.0,1.0,0.6666666666666666,1.0,1.0,0.4102564102564103,1.0,1.0,1.0
udsr,g0404,feynman-i.24.6,3,1.0,1.0,0.0,1.0,1.0,0.0,1.0,1.0,1.0
udsr,g0405,feynman-i.29.4,3,0.6666666666666666,1.0,0.0,0.6666666666666666,0.6666666666666666,0.6666666666666666,1.0,0.7777777777777778,0.6666666666666666
udsr,g0406,feynman-i.32.5,3,1.0,1.0,0.0,0.0,0.0,0.15151515151515152,1.0,0.6238095238095238,0.20783549783549785
udsr,g0407,feynman-i.34.10,3,1.0,1.0,0.0,0.0,0.0,0.1851851851851852,1.0,0.8857142857142857,0.2441269841269841
udsr,g0408,feynman-i.34.27,3,1.0,1.0,0.0,1.0,1.0,0.5,1.0,0.5,1.0
udsr,g0409,feynman-i.34.8,3,1.0,1.0,0.0,1.0,1.0,0.0,1.0,0.6793650793650793,1.0
udsr,g0410,feynman-i.38.12,3,1.0,1.0,0.0,1.0,1.0,0.0,1.0,0.48148148148148145,1.0
udsr,g0411,feynman-i.39.10,3,1.0,1.0,0.0,1.0,1.0,0.3333333333333333,1.0,0.5555555555555556,1.0
udsr,g0412,feynman-i.39.11,3,1.0,1.0,0.0,0.6666666666666666,0.6666666666666666,0.20833333333333334,1.0,0.6984126984126985,0.719047619047619
udsr,g0413,feynman-i.43.31,3,1.0,1.0,0.0,1.0,1.0,0.0,1.0,0.3888888888888889,1.0
udsr,g0414,feynman-i.43.43,3,1.0,1.0,0.0,0.3333333333333333,0.3333333333333333,0.0,1.0,0.9523809523809524,0.4666666666666666
udsr,g0415,feynman-i.48.2,3,1.0,1.0,0.0,1.0,1.0,0.0,0.7777777777777777,0.6944444444444443,1.0
udsr,g0416,feynman-i.8.14,3,1.0,1.0,0.0,1.0,1.0,0.0,1.0,1.0,1.0
udsr,g0417,feynman-ii.11.3,3,1.0,1.0,0.0,0.3333333333333333,0.3333333333333333,0.17647058823529413,0.9166666666666666,0.9047619047619048,0.47233893557422973
udsr,g0418,feynman-ii.21.32,3,1.0,1.0,0.0,0.0,0.0,0.0,1.0,0.8571428571428571,0.18571428571428572
udsr,g0419,feynman-ii.34.2,3,1.0,1.0,0.3333333333333333,1.0,1.0,0.3333333333333333,1.0,0.6333333333333333,1.0
udsr,g0420,feynman-ii.34.29a,3,1.0,1.0,0.0,1.0,1.0,0.0,1.0,0.5925925925925926,1.0
udsr,g0421,feynman-ii.34.2a,3,1.0,1.0,0.0,1.0,1.0,0.0,1.0,0.5238095238095238,1.0
udsr,g0422,feynman-ii.37.1,3,1.0,1.0,0.3333333333333333,1.0,1.0,0.055555555555555546,1.0,0.7904761904761904,1.0
udsr,g0423,feynman-ii.6.11,3,1.0,1.0,0.0,0.3333333333333333,0.3333333333333333,0.0,1.0,0.5648148148148148,0.4314814814814815
udsr,g0424,feynman-ii.8.7,3,1.0,1.0,0.0,1.0,1.0,0.0,1.0,0.6349206349206349,1.0
udsr,g0425,feynman-iii.13.18,3,1.0,1.0,0.0,1.0,1.0,0.0,1.0,0.6031746031746033,1.0
udsr,g0426,feynman-iii.14.14,3,1.0,1.0,0.0,0.0,0.0,0.0,1.0,0.8796296296296297,0.18796296296296297
udsr,g0427,feynman-iii.15.12,3,1.0,1.0,0.0,1.0,1.0,0.0,1.0,0.5515873015873015,1.0
udsr,g0428,feynman-iii.15.14,3,1.0,1.0,0.0,1.0,1.0,0.0,1.0,0.5555555555555555,1.0
udsr,g0429,feynman-iii.17.37,3,1.0,1.0,0.0,1.0,1.0,0.2916666666666667,0.6,0.5793650793650794,1.0
udsr,g0430,feynman-iii.19.51,3,1.0,1.0,0.0,0.0,0.0,0.0,1.0,0.6555555555555556,0.16555555555555557
udsr,g0431,feynman-iii.4.32,3,1.0,1.0,0.0,0.6666666666666666,0.6666666666666666,0.0,1.0,0.722222222222222,0.7222222222222222
udsr,g0432,feynman-iii.8.54,3,1.0,1.0,0.0,0.0,0.0,0.0,1.0,0.47222222222222215,0.14722222222222223
udsr,g0433,feynman-bonus.18,3,1.0,1.0,0.0,0.0,0.0,0.0,0.6944444444444443,0.8214285714285715,0.1515873015873016
udsr,g0434,feynman-bonus.8,3,1.0,1.0,0.0,0.6666666666666666,0.6666666666666666,0.0,0.611111111111111,0.5333333333333333,0.7166666666666667
udsr,g0435,feynman-i.10.7,3,1.0,1.0,0.0,0.0,0.0,0.3333333333333333,1.0,0.7111111111111111,0.27111111111111114
udsr,g0436,feynman-i.11.19,3,1.0,1.0,0.0,0.0,0.0,0.19999999999999998,0.6888888888888888,0.8888888888888888,0.21777777777777776
udsr,g0437,feynman-i.12.11,3,1.0,1.0,0.0,0.0,0.0,0.07407407407407407,0.888888888888889,0.6412698412698412,0.17523809523809528
udsr,g0438,feynman-i.12.2,3,1.0,1.0,0.0,0.0,0.0,0.0,0.8571428571428571,0.5793650793650794,0.14365079365079367
udsr,g0439,feynman-i.13.12,3,1.0,1.0,0.0,0.0,0.0,0.0,0.9629629629629629,0.8214285714285713,0.17843915343915343
udsr,g0440,feynman-i.13.4,3,1.0,1.0,0.0,0.0,0.0,0.0,0.888888888888889,0.7857142857142856,0.16746031746031745
udsr,g0441,feynman-i.15.10,3,1.0,1.0,0.0,0.0,0.0,0.0,1.0,0.9047619047619048,0.19047619047619047
udsr,g0442,feynman-i.16.6,3,1.0,1.0,0.0,0.0,0.0,0.0,0.8666666666666667,0.7777777777777777,0.16444444444444448
udsr,g0443,feynman-i.18.4,3,1.0,1.0,0.0,0.0,0.0,0.0,0.7301587301587301,0.7555555555555555,0.1485714285714286
udsr,g0444,feynman-i.24.6,3,1.0,1.0,0.0,0.0,0.0,0.0,0.8296296296296296,1.0,0.182962962962963
udsr,g0445,feynman-i.29.4,3,1.0,1.0,0.0,0.0,0.0,0.0,0.5777777777777778,0.43333333333333335,0.10111111111111111
udsr,g0446,feynman-i.32.5,3,1.0,1.0,0.0,0.0,0.0,0.0,0.8666666666666667,0.5608465608465608,0.14275132275132277
udsr,g0447,feynman-i.34.10,3,1.0,1.0,0.0,0.0,0.0,0.0,0.7555555555555555,0.8412698412698413,0.15968253968253968
udsr,g0448,feynman-i.34.27,3,1.0,1.0,0.0,0.3333333333333333,0.3333333333333333,0.16666666666666666,0.7777777777777777,0.41111111111111115,0.4022222222222222
udsr,g0449,feynman-i.34.8,3,1.0,1.0,0.0,0.0,0.0,0.0,0.6851851851851851,0.7111111111111111,0.13962962962962963
udsr,g0450,feynman-i.38.12,3,1.0,1.0,0.0,0.6666666666666666,0.6666666666666666,0.0,0.8222222222222223,0.4444444444444444,0.7081481481481481
udsr,g0451,feynman-i.39.10,3,1.0,1.0,0.0,0.0,0.0,0.0,0.6031746031746033,0.3555555555555556,0.09587301587301589
udsr,g0452,feynman-i.39.11,3,1.0,1.0,0.3333333333333333,0.3333333333333333,0.3333333333333333,0.5,1.0,0.9166666666666666,0.5208333333333334
udsr,g0453,feynman-i.43.31,3,1.0,1.0,0.0,0.6666666666666666,0.6666666666666666,0.6666666666666666,1.0,0.8333333333333334,0.8333333333333334
udsr,g0454,feynman-i.43.43,3,1.0,1.0,0.0,0.0,0.0,0.0,0.7555555555555555,0.6388888888888888,0.13944444444444445
udsr,g0455,feynman-i.48.2,3,1.0,1.0,0.0,0.3333333333333333,0.3333333333333333,0.0,0.6666666666666666,0.8214285714285713,0.43492063492063493
udsr,g0456,feynman-i.8.14,3,1.0,1.0,0.0,0.0,0.0,0.0,0.4444444444444444,0.7238095238095239,0.11682539682539683
udsr,g0457,feynman-ii.11.3,3,1.0,1.0,0.0,0.0,0.0,0.09803921568627454,0.6388888888888888,0.8214285714285713,0.1754435107376284
udsr,g0458,feynman-ii.21.32,3,1.0,1.0,0.0,0.0,0.0,0.3541666666666667,0.9333333333333332,0.6984126984126985,0.26942460317460315
udsr,g0459,feynman-ii.34.2,3,1.0,1.0,0.0,0.6666666666666666,0.6666666666666666,0.0,0.9523809523809524,0.4666666666666666,0.7085714285714286
udsr,g0460,feynman-ii.34.29a,3,1.0,1.0,0.0,1.0,1.0,0.0,1.0,0.5,1.0
udsr,g0461,feynman-ii.34.2a,3,1.0,1.0,0.0,0.3333333333333333,0.3333333333333333,0.0,0.9047619047619048,0.6031746031746033,0.4285714285714286
udsr,g0462,feynman-ii.37.1,3,1.0,1.0,0.0,0.3333333333333333,0.3333333333333333,0.0,0.8333333333333334,0.7666666666666666,0.4266666666666667
udsr,g0463,feynman-ii.6.11,3,1.0,1.0,0.0,0.0,0.0,0.21212121212121213,0.7833333333333333,0.6746031746031745,0.20943001443001444
udsr,g0464,feynman-ii.8.7,3,1.0,1.0,0.0,0.0,0.0,0.15151515151515152,0.5222222222222223,0.5608465608465608,0.15376142376142377
udsr,g0465,feynman-iii.13.18,3,1.0,1.0,0.0,0.0,0.0,0.041666666666666664,0.7746031746031745,0.43333333333333335,0.13329365079365083
udsr,g0466,feynman-iii.14.14,3,1.0,1.0,0.0,0.0,0.0,0.0,0.888888888888889,0.8677248677248678,0.1756613756613757
udsr,g0467,feynman-iii.15.12,3,1.0,1.0,0.0,0.3333333333333333,0.3333333333333333,0.0,0.9047619047619048,0.4523809523809524,0.4166666666666667
udsr,g0468,feynman-iii.15.14,3,1.0,1.0,0.0,0.6666666666666666,0.6666666666666666,0.0,0.9333333333333332,0.48148148148148145,0.7081481481481481
udsr,g0469,feynman-iii.17.37,3,1.0,1.0,0.0,0.6666666666666666,0.6666666666666666,0.08333333333333333,0.5238095238095238,0.3333333333333333,0.7023809523809524
udsr,g0470,feynman-iii.19.51,3,1.0,1.0,0.0,0.0,0.0,0.0,0.6666666666666666,0.6349206349206349,0.13015873015873017
udsr,g0471,feynman-iii.4.32,3,1.0,1.0,0.0,0.0,0.0,0.0,0.8666666666666667,0.6222222222222221,0.14888888888888888
udsr,g0472,feynman-iii.8.54,3,1.0,1.0,0.0,0.0,0.0,0.0,0.6666666666666666,0.335978835978836,0.10026455026455026
udsr,g0473,feynman_III_10_19,3,1.0,1.0,0.0,0.3333333333333333,0.3333333333333333,0.0,1.0,0.9166666666666666,0.4583333333333333
udsr,g0474,feynman_III_12_43,3,1.0,1.0,0.0,1.0,1.0,0.0,1.0,0.5904761904761905,1.0
udsr,g0475,feynman_III_13_18,3,1.0,1.0,0.0,1.0,1.0,0.6060606060606061,1.0,0.7555555555555555,1.0
udsr,g0476,feynman_III_14_14,3,1.0,1.0,0.0,0.0,0.0,0.0,1.0,0.8962962962962964,0.18962962962962962
udsr,g0477,feynman_III_15_12,3,1.0,1.0,0.0,0.0,0.0,0.0,1.0,0.7579365079365079,0.1757936507936508
udsr,g0478,feynman_III_15_14,3,1.0,1.0,0.0,0.0,0.0,0.0,1.0,0.5291005291005292,0.1529100529100529
udsr,g0479,feynman_III_15_27,3,1.0,1.0,0.0,1.0,1.0,0.6,1.0,0.7555555555555555,1.0
udsr,g0480,feynman_III_17_37,3,1.0,1.0,0.3333333333333333,0.3333333333333333,0.3333333333333333,0.0,1.0,0.8095238095238096,0.44761904761904764
udsr,g0481,feynman_III_19_51,3,1.0,1.0,0.0,0.0,0.0,0.0,1.0,0.5714285714285715,0.15714285714285717
udsr,g0482,feynman_III_21_20,3,1.0,1.0,0.3333333333333333,1.0,1.0,0.6666666666666666,1.0,0.9333333333333332,1.0
udsr,g0483,feynman_III_4_32,3,1.0,1.0,0.0,0.0,0.0,0.0,1.0,0.7407407407407406,0.17407407407407405
udsr,g0484,feynman_III_4_33,3,1.0,1.0,0.0,0.0,0.0,0.0,1.0,0.7962962962962963,0.17962962962962967
udsr,g0485,feynman_III_7_38,3,1.0,1.0,0.0,0.6666666666666666,0.6666666666666666,0.2916666666666667,1.0,0.7111111111111111,0.7222222222222222
udsr,g0486,feynman_III_8_54,3,1.0,1.0,0.0,0.0,0.0,0.0,1.0,0.537037037037037,0.1537037037037037
udsr,g0487,feynman_III_9_52,3,1.0,1.0,0.0,0.0,0.0,0.0,1.0,0.6222222222222222,0.16222222222222224
udsr,g0488,feynman_II_10_9,3,1.0,1.0,1.0,1.0,1.0,0.0,1.0,1.0,1.0
udsr,g0489,feynman_II_11_20,3,1.0,1.0,0.0,0.3333333333333333,0.3333333333333333,0.3333333333333333,1.0,0.746031746031746,0.44126984126984126
udsr,g0490,feynman_II_11_27,3,1.0,1.0,0.0,0.0,0.0,0.0,1.0,0.8214285714285713,0.18214285714285716
udsr,g0491,feynman_II_11_28,3,1.0,1.0,0.0,0.0,0.0,0.0,1.0,0.8214285714285713,0.18214285714285716
udsr,g0492,feynman_II_11_3,3,1.0,1.0,0.6666666666666666,0.6666666666666666,0.6666666666666666,0.1176470588235294,1.0,0.9166666666666666,0.725
udsr,g0493,feynman_II_13_17,3,1.0,1.0,0.0,0.6666666666666666,0.6666666666666666,0.26666666666666666,1.0,0.6555555555555556,0.7166666666666667
udsr,g0494,feynman_II_13_23,3,1.0,1.0,0.0,0.0,0.0,0.0,1.0,0.8690476190476191,0.1869047619047619
udsr,g0495,feynman_II_13_34,3,1.0,1.0,0.0,0.0,0.0,0.0,1.0,0.9523809523809524,0.19523809523809524
udsr,g0496,feynman_II_15_4,3,1.0,1.0,1.0,1.0,1.0,0.6666666666666666,1.0,0.8888888888888888,1.0
udsr,g0497,feynman_II_15_5,3,1.0,1.0,0.6666666666666666,1.0,1.0,1.0,1.0,1.0,1.0
udsr,g0498,feynman_II_21_32,3,1.0,1.0,0.0,0.3333333333333333,0.3333333333333333,0.10606060606060608,1.0,0.7357142857142858,0.445
udsr,g0499,feynman_II_24_17,3,1.0,1.0,0.0,0.0,0.0,0.0,1.0,0.6722222222222222,0.16722222222222224
udsr,g0500,feynman_II_27_16,3,1.0,1.0,0.3333333333333333,1.0,1.0,0.5555555555555556,1.0,0.9333333333333332,1.0
udsr,g0501,feynman_II_27_18,3,1.0,1.0,0.3333333333333333,1.0,1.0,0.5333333333333333,1.0,0.8571428571428572,1.0
udsr,g0502,feynman_II_2_42,3,1.0,1.0,0.6666666666666666,1.0,1.0,0.12121212121212117,1.0,1.0,1.0
udsr,g0503,feynman_II_34_11,3,1.0,1.0,0.6666666666666666,1.0,1.0,0.3333333333333333,1.0,0.8666666666666667,1.0
udsr,g0504,feynman_II_34_2,3,1.0,1.0,0.3333333333333333,1.0,1.0,0.6666666666666666,1.0,0.7999999999999999,1.0
udsr,g0505,feynman_II_34_29a,3,1.0,1.0,0.0,1.0,1.0,0.4666666666666666,1.0,0.7555555555555555,1.0
udsr,g0506,feynman_II_34_29b,3,1.0,1.0,0.0,1.0,1.0,0.3,1.0,0.7111111111111111,1.0
udsr,g0507,feynman_II_34_2a,3,1.0,1.0,0.0,0.6666666666666666,0.6666666666666666,0.26666666666666666,1.0,0.7111111111111111,0.7222222222222222
udsr,g0508,feynman_II_35_18,3,1.0,1.0,0.0,0.0,0.0,0.0,1.0,0.9629629629629629,0.1962962962962963
udsr,g0509,feynman_II_35_21,3,1.0,1.0,0.0,0.0,0.0,0.0,1.0,0.5714285714285715,0.15714285714285717
udsr,g0510,feynman_II_36_38,3,1.0,1.0,0.0,0.0,0.0,0.0,1.0,0.7499999999999999,0.17500000000000002
udsr,g0511,feynman_II_37_1,3,1.0,1.0,0.3333333333333333,1.0,1.0,0.0,1.0,1.0,1.0
udsr,g0512,feynman_II_38_14,3,1.0,1.0,0.3333333333333333,1.0,1.0,0.40740740740740744,1.0,1.0,1.0
udsr,g0513,feynman_II_38_3,3,1.0,1.0,1.0,1.0,1.0,0.6190476190476191,1.0,0.9333333333333332,1.0
udsr,g0514,feynman_II_3_24,3,1.0,1.0,0.0,1.0,1.0,0.4444444444444445,1.0,0.6814814814814815,1.0
udsr,g0515,feynman_II_4_23,3,1.0,1.0,0.0,0.6666666666666666,0.6666666666666666,0.5,1.0,0.7555555555555555,0.7222222222222222
udsr,g0516,feynman_II_6_11,3,1.0,1.0,0.0,0.0,0.0,0.0,1.0,0.6349206349206349,0.1634920634920635
udsr,g0517,feynman_II_6_15a,3,1.0,1.0,0.0,0.0,0.0,0.0,1.0,0.6944444444444443,0.16944444444444443
udsr,g0518,feynman_II_6_15b,3,1.0,1.0,0.0,0.0,0.0,0.0,1.0,0.6444444444444444,0.16444444444444445
udsr,g0519,feynman_II_8_31,3,1.0,1.0,0.3333333333333333,1.0,1.0,0.3333333333333333,1.0,0.8222222222222223,1.0
udsr,g0520,feynman_II_8_7,3,1.0,1.0,0.0,0.6666666666666666,0.6666666666666666,0.2619047619047619,1.0,0.6793650793650793,0.719047619047619
udsr,g0521,feynman_I_10_7,3,1.0,1.0,0.0,0.0,0.0,0.0,1.0,0.9166666666666666,0.19166666666666668
udsr,g0522,feynman_I_11_19,3,1.0,1.0,0.0,0.0,0.0,0.4000000000000001,0.9090909090909091,1.0,0.3109090909090909
udsr,g0523,feynman_I_12_1,3,1.0,1.0,0.3333333333333333,1.0,1.0,0.22222222222222224,1.0,0.7222222222222222,1.0
udsr,g0524,feynman_I_12_11,3,1.0,1.0,0.0,0.0,0.0,0.0,1.0,0.6944444444444443,0.16944444444444443
udsr,g0525,feynman_I_12_2,3,1.0,1.0,0.0,0.3333333333333333,0.3333333333333333,0.2564102564102564,1.0,0.6793650793650793,0.44126984126984126
udsr,g0526,feynman_I_12_4,3,1.0,1.0,0.0,1.0,1.0,0.5,1.0,0.7555555555555555,1.0
udsr,g0527,feynman_I_12_5,3,1.0,1.0,0.6666666666666666,1.0,1.0,0.5555555555555556,1.0,0.8333333333333334,1.0
udsr,g0528,feynman_I_13_12,3,1.0,1.0,0.0,0.0,0.0,0.0,1.0,0.869047619047619,0.1869047619047619
udsr,g0529,feynman_I_13_4,3,1.0,1.0,0.6666666666666666,1.0,1.0,0.0,1.0,1.0,1.0
udsr,g0530,feynman_I_14_3,3,1.0,1.0,0.3333333333333333,1.0,1.0,0.25,1.0,0.6888888888888888,1.0
udsr,g0531,feynman_I_14_4,3,1.0,1.0,0.0,1.0,1.0,0.3333333333333333,1.0,0.8666666666666667,1.0
udsr,g0532,feynman_I_15_10,3,1.0,1.0,0.0,0.0,0.0,0.0,1.0,0.8690476190476191,0.1869047619047619
udsr,g0533,feynman_I_15_3t,3,1.0,1.0,0.0,0.0,0.0,0.0,1.0,0.9523809523809524,0.19523809523809524
udsr,g0534,feynman_I_15_3x,3,1.0,1.0,0.0,0.0,0.0,0.0,1.0,0.7222222222222222,0.17222222222222225
udsr,g0535,feynman_I_16_6,3,1.0,1.0,0.0,0.0,0.0,0.0,1.0,0.7579365079365079,0.1757936507936508
udsr,g0536,feynman_I_18_12,3,1.0,1.0,0.3333333333333333,0.6666666666666666,0.6666666666666666,0.3333333333333333,1.0,0.8571428571428572,0.719047619047619
udsr,g0537,feynman_I_18_14,3,1.0,1.0,0.3333333333333333,0.6666666666666666,0.6666666666666666,0.5555555555555556,1.0,0.8571428571428572,0.719047619047619
udsr,g0538,feynman_I_18_4,3,1.0,1.0,0.0,0.0,0.0,0.0,1.0,0.869047619047619,0.1869047619047619
udsr,g0539,feynman_I_24_6,3,1.0,1.0,0.3333333333333333,0.6666666666666666,0.6666666666666666,0.0,1.0,0.9166666666666666,0.725
udsr,g0540,feynman_I_25_13,3,1.0,1.0,0.3333333333333333,0.6666666666666666,0.6666666666666666,0.5333333333333333,1.0,0.9333333333333332,0.7266666666666666
udsr,g0541,feynman_I_26_2,3,1.0,1.0,0.0,0.0,0.0,0.0,1.0,0.2896825396825397,0.12896825396825398
udsr,g0542,feynman_I_27_6,3,1.0,1.0,1.0,1.0,1.0,0.0,1.0,1.0,1.0
udsr,g0543,feynman_I_29_16,3,1.0,1.0,0.0,0.0,0.0,0.0,0.8571428571428571,0.8055555555555555,0.16626984126984126
udsr,g0544,feynman_I_29_4,3,1.0,1.0,0.3333333333333333,1.0,1.0,0.26666666666666666,1.0,0.8666666666666667,1.0
udsr,g0545,feynman_I_30_3,3,1.0,1.0,0.0,0.0,0.0,0.0,1.0,0.5833333333333334,0.15833333333333335
udsr,g0546,feynman_I_30_5,3,1.0,1.0,0.0,0.0,0.0,0.0,1.0,0.5370370370370371,0.1537037037037037
udsr,g0547,feynman_I_32_17,3,1.0,1.0,0.0,0.0,0.0,0.0,1.0,0.6944444444444443,0.16944444444444443
udsr,g0548,feynman_I_32_5,3,1.0,1.0,0.0,0.0,0.0,0.0,1.0,0.48148148148148145,0.14814814814814817
udsr,g0549,feynman_I_34_1,3,1.0,1.0,0.0,0.3333333333333333,0.3333333333333333,0.13888888888888887,1.0,0.9523809523809524,0.4619047619047619
udsr,g0550,feynman_I_34_14,3,1.0,1.0,0.0,0.0,0.0,0.0,1.0,1.0,0.20000000000000004
udsr,g0551,feynman_I_34_27,3,1.0,1.0,0.0,1.0,1.0,0.38095238095238093,1.0,0.5555555555555555,1.0
udsr,g0552,feynman_I_34_8,3,1.0,1.0,0.6666666666666666,1.0,1.0,0.8571428571428572,1.0,1.0,1.0
udsr,g0553,feynman_I_37_4,3,1.0,1.0,0.0,0.0,0.0,0.0,1.0,0.8148148148148149,0.18148148148148147
udsr,g0554,feynman_I_38_12,3,1.0,1.0,0.0,0.3333333333333333,0.3333333333333333,0.0,1.0,0.5370370370370371,0.4314814814814815
udsr,g0555,feynman_I_39_1,3,1.0,1.0,0.3333333333333333,1.0,1.0,0.6666666666666666,1.0,0.8888888888888888,1.0
udsr,g0556,feynman_I_39_11,3,1.0,1.0,0.3333333333333333,0.6666666666666666,0.6666666666666666,0.16666666666666666,1.0,1.0,0.7333333333333334
udsr,g0557,feynman_I_39_22,3,1.0,1.0,0.6666666666666666,1.0,1.0,0.5714285714285715,1.0,0.9333333333333332,1.0
udsr,g0558,feynman_I_40_1,3,1.0,1.0,0.0,0.0,0.0,0.0,1.0,0.8214285714285713,0.18214285714285716
udsr,g0559,feynman_I_41_16,3,1.0,1.0,0.0,0.0,0.0,0.0,1.0,0.7499999999999999,0.17500000000000002
udsr,g0560,feynman_I_43_16,3,1.0,1.0,1.0,1.0,1.0,0.8571428571428572,1.0,1.0,1.0
udsr,g0561,feynman_I_43_31,3,1.0,1.0,0.3333333333333333,1.0,1.0,0.0,1.0,0.611111111111111,1.0
udsr,g0562,feynman_I_43_43,3,1.0,1.0,0.3333333333333333,0.3333333333333333,0.3333333333333333,0.0,1.0,0.8690476190476191,0.45357142857142857
udsr,g0563,feynman_I_44_4,3,1.0,1.0,0.0,0.0,0.0,0.0,1.0,0.6666666666666666,0.16666666666666666
udsr,g0564,feynman_I_47_23,3,1.0,1.0,0.0,1.0,1.0,0.3333333333333333,1.0,0.9333333333333332,1.0
udsr,g0565,feynman_I_48_2,3,1.0,1.0,0.0,0.0,0.0,0.0,1.0,0.9047619047619048,0.19047619047619047
udsr,g0566,feynman_I_50_26,3,1.0,1.0,0.0,0.0,0.0,0.0,0.8571428571428571,0.7462962962962963,0.16034391534391534
udsr,g0567,feynman_I_6_2,3,1.0,1.0,0.0,0.0,0.0,0.0,1.0,0.6944444444444443,0.16944444444444443
udsr,g0568,feynman_I_6_2a,3,1.0,1.0,0.0,1.0,1.0,0.19047619047619047,1.0,0.7857142857142857,1.0
udsr,g0569,feynman_I_6_2b,3,1.0,1.0,0.0,0.0,0.0,0.0,1.0,0.8148148148148149,0.18148148148148147
udsr,g0570,feynman_I_8_14,3,1.0,1.0,0.0,0.0,0.0,0.0,0.6666666666666666,1.0,0.16666666666666666
udsr,g0571,feynman_I_9_18,3,1.0,1.0,0.0,0.0,0.0,0.0,0.8750000000000001,0.7499999999999999,0.1625
udsr,g0572,feynman_test_1,3,1.0,1.0,0.0,0.0,0.0,0.0,1.0,0.5714285714285715,0.15714285714285717
udsr,g0573,feynman_test_10,3,1.0,1.0,0.0,0.0,0.0,0.0,1.0,0.6722222222222222,0.16722222222222224
udsr,g0574,feynman_test_11,3,1.0,1.0,0.0,0.0,0.0,0.0,1.0,0.5476190476190477,0.1547619047619048
udsr,g0575,feynman_test_12,3,1.0,1.0,0.0,0.0,0.0,0.0,1.0,0.7579365079365079,0.1757936507936508
udsr,g0576,feynman_test_13,3,1.0,1.0,0.0,0.0,0.0,0.0,1.0,0.6444444444444444,0.16444444444444445
udsr,g0577,feynman_test_14,3,1.0,1.0,0.0,0.0,0.0,0.0,1.0,0.8962962962962964,0.18962962962962962
udsr,g0578,feynman_test_15,3,1.0,1.0,0.0,0.0,0.0,0.0,1.0,0.7462962962962963,0.17462962962962966
udsr,g0579,feynman_test_16,3,1.0,1.0,0.0,0.0,0.0,0.0,1.0,0.8412698412698413,0.18412698412698414
udsr,g0580,feynman_test_17,3,1.0,1.0,0.0,0.0,0.0,0.0,1.0,0.869047619047619,0.1869047619047619
udsr,g0581,feynman_test_18,3,1.0,1.0,0.0,0.0,0.0,0.0,1.0,0.7222222222222222,0.17222222222222225
udsr,g0582,feynman_test_19,3,1.0,1.0,0.0,0.0,0.0,0.0,1.0,0.7857142857142857,0.1785714285714286
udsr,g0583,feynman_test_2,3,1.0,1.0,0.0,0.0,0.0,0.0,1.0,0.7685185185185185,0.17685185185185184
udsr,g0584,feynman_test_20,3,1.0,1.0,0.0,0.0,0.0,0.0,1.0,0.604040404040404,0.1604040404040404
udsr,g0585,feynman_test_3,3,1.0,1.0,0.0,0.0,0.0,0.0,1.0,0.7857142857142857,0.1785714285714286
udsr,g0586,feynman_test_4,3,1.0,1.0,0.0,0.0,0.0,0.0,1.0,0.8412698412698413,0.18412698412698414
udsr,g0587,feynman_test_5,3,1.0,1.0,0.0,0.0,0.0,0.0,1.0,0.6944444444444443,0.16944444444444443
udsr,g0588,feynman_test_6,3,1.0,1.0,0.0,0.0,0.0,0.0,1.0,0.7579365079365079,0.1757936507936508
udsr,g0589,feynman_test_7,3,1.0,1.0,0.0,0.0,0.0,0.0,1.0,0.7857142857142857,0.1785714285714286
udsr,g0590,feynman_test_8,3,1.0,1.0,0.0,0.0,0.0,0.0,1.0,0.75,0.17500000000000002
udsr,g0591,feynman_test_9,3,1.0,1.0,0.0,0.0,0.0,0.0,1.0,0.7579365079365079,0.1757936507936508
udsr,g0592,strogatz_bacres1,3,1.0,1.0,0.0,0.0,0.0,0.0,1.0,0.8690476190476191,0.1869047619047619
udsr,g0593,strogatz_bacres2,3,1.0,1.0,0.0,0.0,0.0,0.0,1.0,0.9523809523809524,0.19523809523809524
udsr,g0594,strogatz_barmag1,3,1.0,1.0,0.0,0.0,0.0,0.0,1.0,0.8571428571428571,0.18571428571428572
udsr,g0595,strogatz_barmag2,3,1.0,1.0,0.0,0.0,0.0,0.0,1.0,0.6904761904761904,0.16904761904761909
udsr,g0596,strogatz_glider1,3,1.0,1.0,0.6666666666666666,1.0,1.0,0.9666666666666667,1.0,1.0,1.0
udsr,g0597,strogatz_glider2,3,1.0,1.0,0.0,0.6666666666666666,0.6666666666666666,0.2962962962962963,1.0,0.9333333333333332,0.7266666666666666
udsr,g0598,strogatz_lv1,3,1.0,1.0,0.0,1.0,1.0,0.9487179487179488,1.0,1.0,1.0
udsr,g0599,strogatz_lv2,3,1.0,1.0,0.3333333333333333,1.0,1.0,0.6410256410256411,1.0,1.0,1.0
udsr,g0600,strogatz_predprey1,3,0.6666666666666666,1.0,0.6666666666666666,0.6666666666666666,0.6666666666666666,0.0,1.0,0.9523809523809524,0.6666666666666666
udsr,g0601,strogatz_predprey2,3,1.0,1.0,1.0,1.0,1.0,0.0,1.0,1.0,1.0
udsr,g0602,strogatz_shearflow1,3,1.0,1.0,0.0,0.0,0.0,0.0,1.0,0.75,0.17500000000000002
udsr,g0603,strogatz_shearflow2,3,1.0,1.0,0.0,0.0,0.0,0.0,1.0,0.8363636363636364,0.18363636363636368
udsr,g0604,strogatz_vdp1,3,1.0,1.0,0.0,1.0,1.0,0.9722222222222222,1.0,1.0,1.0
udsr,g0605,strogatz_vdp2,3,1.0,1.0,0.3333333333333333,0.6666666666666666,0.6666666666666666,1.0,1.0,1.0,0.8333333333333334
udsr,g0606,first_principles_absorption,3,1.0,1.0,0.0,0.0,0.0,0.0,1.0,0.7833333333333333,0.17833333333333337
udsr,g0607,first_principles_bode,3,0.6666666666666666,1.0,0.0,0.0,0.0,0.0,1.0,0.38787878787878793,0.09333333333333334
udsr,g0608,first_principles_hubble,3,1.0,1.0,0.0,0.0,0.0,0.0,1.0,0.3952380952380952,0.13952380952380952
udsr,g0609,first_principles_ideal_gas,3,0.6666666666666666,1.0,0.0,0.0,0.0,0.0,1.0,0.611111111111111,0.10555555555555556
udsr,g0610,first_principles_kepler,3,1.0,1.0,0.0,0.0,0.0,0.0,1.0,0.6793650793650793,0.16793650793650794
udsr,g0611,first_principles_leavitt,3,1.0,1.0,0.0,0.0,0.0,0.0,1.0,0.5238095238095238,0.1523809523809524
udsr,g0612,first_principles_newton,3,1.0,1.0,0.0,0.0,0.0,0.0,0.8666666666666667,0.7301587301587301,0.1596825396825397
udsr,g0613,first_principles_planck,3,1.0,1.0,0.0,0.0,0.0,0.04444444444444443,1.0,0.7962962962962963,0.19296296296296298
udsr,g0614,first_principles_rydberg,3,1.0,1.0,0.0,0.0,0.0,0.0,1.0,0.9259259259259259,0.19259259259259257
udsr,g0615,first_principles_schechter,3,1.0,1.0,0.0,0.0,0.0,0.0,1.0,0.611111111111111,0.16111111111111112
udsr,g0616,first_principles_supernovae_zr,3,1.0,1.0,0.0,0.0,0.0,0.0,1.0,0.8380952380952381,0.18380952380952384
udsr,g0617,first_principles_tully_fisher,3,1.0,1.0,0.0,0.0,0.0,0.0,1.0,0.5238095238095238,0.1523809523809524
udsr,g0618,Keijzer-1,3,1.0,1.0,0.0,0.3333333333333333,0.3333333333333333,0.04761904761904764,1.0,0.4888888888888889,0.4222222222222222
udsr,g0619,Keijzer-10,3,0.0,1.0,0.0,0.0,0.0,0.0,0.6666666666666666,0.13333333333333333,0.0
udsr,g0620,Keijzer-11,3,1.0,1.0,0.0,0.0,0.0,0.0,0.6666666666666666,0.7380952380952381,0.14047619047619048
udsr,g0621,Keijzer-12,3,0.6666666666666666,1.0,0.0,0.0,0.0,0.3137254901960785,0.6666666666666666,1.0,0.19346405228758168
udsr,g0622,Keijzer-13,3,1.0,1.0,0.0,0.0,0.0,0.5555555555555556,0.6666666666666666,0.9523809523809524,0.32857142857142857
udsr,g0623,Keijzer-14,3,0.3333333333333333,1.0,0.0,0.0,0.0,0.19444444444444445,0.6666666666666666,1.0,0.08888888888888889
udsr,g0624,Keijzer-15,3,1.0,1.0,0.0,0.0,0.0,0.35294117647058826,0.6666666666666666,0.9166666666666666,0.26421568627450975
udsr,g0625,Keijzer-2,3,1.0,1.0,0.0,0.0,0.0,0.0,1.0,0.3333333333333333,0.13333333333333333
udsr,g0626,Keijzer-3,3,1.0,1.0,0.0,0.0,0.0,0.14285714285714288,1.0,0.4000000000000001,0.18285714285714283
udsr,g0627,Keijzer-4,3,1.0,1.0,0.0,0.0,0.0,0.12698412698412698,1.0,0.8000000000000002,0.21809523809523812
udsr,g0628,Keijzer-5,3,1.0,1.0,0.0,0.0,0.0,0.3888888888888889,0.6,0.9166666666666666,0.26833333333333337
udsr,g0629,Keijzer-6,3,1.0,1.0,0.0,1.0,1.0,0.0,1.0,0.8000000000000002,1.0
udsr,g0630,Keijzer-7,3,1.0,1.0,0.0,1.0,1.0,0.3333333333333333,1.0,0.6666666666666666,1.0
udsr,g0631,Keijzer-8,3,1.0,1.0,0.0,1.0,1.0,0.6666666666666666,1.0,0.8888888888888888,1.0
udsr,g0632,Keijzer-9,3,1.0,1.0,0.0,1.0,1.0,0.033333333333333326,1.0,0.8571428571428571,1.0
udsr,g0633,Nguyen-1,3,1.0,1.0,0.3333333333333333,1.0,1.0,0.0,1.0,0.8000000000000002,1.0
udsr,g0634,Nguyen-10,3,1.0,1.0,0.0,0.0,0.0,0.6666666666666666,0.6666666666666666,0.8888888888888888,0.35555555555555557
udsr,g0635,Nguyen-11,3,1.0,1.0,0.0,0.0,0.0,0.0,0.6666666666666666,0.0,0.06666666666666667
udsr,g0636,Nguyen-12,3,1.0,1.0,0.0,0.0,0.0,0.09803921568627454,0.6666666666666666,0.7499999999999999,0.171078431372549
udsr,g0637,Nguyen-2,3,1.0,1.0,0.3333333333333333,1.0,1.0,0.0,1.0,0.8000000000000002,1.0
udsr,g0638,Nguyen-3,3,1.0,1.0,1.0,1.0,1.0,0.0,1.0,0.8000000000000002,1.0
udsr,g0639,Nguyen-4,3,1.0,1.0,0.6666666666666666,0.6666666666666666,0.6666666666666666,0.0,1.0,0.7555555555555555,0.7222222222222222
udsr,g0640,Nguyen-5,3,1.0,1.0,0.0,0.3333333333333333,0.3333333333333333,0.11111111111111112,1.0,0.888888888888889,0.45925925925925926
udsr,g0641,Nguyen-6,3,1.0,1.0,0.0,0.0,0.0,0.0,1.0,0.8571428571428571,0.18571428571428572
udsr,g0642,Nguyen-7,3,1.0,1.0,0.0,1.0,1.0,0.0,1.0,0.8571428571428571,1.0
udsr,g0643,Nguyen-8,3,1.0,1.0,0.0,1.0,1.0,0.6666666666666666,1.0,0.8888888888888888,1.0
udsr,g0644,Nguyen-9,3,1.0,1.0,0.0,0.0,0.0,0.0,0.6666666666666666,0.8214285714285713,0.1488095238095238
udsr,g0645,Korns-1,3,1.0,1.0,0.0,0.0,0.0,0.4666666666666666,0.13333333333333333,0.8666666666666667,0.24
udsr,g0646,Korns-10,3,1.0,1.0,0.0,0.0,0.0,0.0,0.6904761904761906,0.7222222222222222,0.1412698412698413
udsr,g0647,Korns-11,3,1.0,1.0,0.0,0.0,0.0,0.0,0.4000000000000001,0.7685185185185185,0.11685185185185186
udsr,g0648,Korns-12,3,1.0,1.0,0.0,0.0,0.0,0.0,0.3333333333333333,0.7222222222222222,0.10555555555555556
udsr,g0649,Korns-2,3,1.0,1.0,0.0,0.0,0.0,0.0,0.3333333333333333,1.0,0.13333333333333333
udsr,g0650,Korns-3,3,1.0,1.0,0.0,0.0,0.0,0.0,0.630952380952381,1.0,0.1630952380952381
udsr,g0651,Korns-4,3,1.0,1.0,0.0,0.0,0.0,0.8333333333333334,0.0,1.0,0.3499999999999999
udsr,g0652,Korns-5,3,1.0,1.0,0.0,0.0,0.0,0.0,0.0,0.7222222222222222,0.07222222222222223
udsr,g0653,Korns-6,3,0.3333333333333333,1.0,0.0,0.0,0.0,0.0,0.4000000000000001,0.7714285714285714,0.03333333333333333
udsr,g0654,Korns-7,3,1.0,1.0,0.0,0.0,0.0,0.0,0.7999999999999999,0.6626984126984127,0.14626984126984127
udsr,g0655,Korns-8,3,1.0,1.0,0.0,0.0,0.0,0.0,0.5714285714285715,0.7579365079365079,0.13293650793650794
udsr,g0656,Korns-9,3,1.0,1.0,0.0,0.0,0.0,0.0,0.8571428571428571,0.6222222222222221,0.14793650793650795
udsr,g0657,Vladislavleva-1,3,1.0,1.0,0.0,0.0,0.0,0.0,0.6666666666666666,0.888888888888889,0.15555555555555556
udsr,g0658,Vladislavleva-2,3,1.0,1.0,0.0,0.0,0.0,0.0,1.0,0.8363636363636364,0.18363636363636368
udsr,g0659,Vladislavleva-3,3,1.0,1.0,0.0,0.0,0.0,0.04166666666666663,0.6666666666666666,0.9090909090909091,0.17007575757575757
udsr,g0660,Vladislavleva-4,3,1.0,1.0,0.0,0.0,0.0,0.0,0.888888888888889,1.0,0.18888888888888888
udsr,g0661,Vladislavleva-5,3,1.0,1.0,0.0,0.0,0.0,0.0,0.8000000000000002,0.9523809523809524,0.17523809523809528
udsr,g0662,Vladislavleva-6,3,1.0,1.0,0.0,0.0,0.0,0.8333333333333334,0.6666666666666666,1.0,0.4166666666666667
udsr,g0663,Vladislavleva-7,3,1.0,1.0,0.0,0.0,0.0,0.0,0.6666666666666666,0.5793650793650794,0.1246031746031746
udsr,g0664,Vladislavleva-8,3,1.0,1.0,0.0,0.0,0.0,0.013333333333333345,0.6666666666666666,0.8055555555555555,0.15122222222222223
