alg,ok,finite,mean_id_log,mean_ood_log,score,geo_id,geo_ood,geo_score
udsr,450,450,-4.702601811115784,-2.852075276812483,-3.7773385439641336,1.9833446493112246e-05,0.0014058038332523534,0.00016697884628485914
drsr,450,450,-3.72563492212734,-2.26976851180688,-2.99770171696711,0.00018808972776872146,0.005373181220385101,0.001005306019575254
fepysr,450,450,-3.365249834169765,-2.4152676443573857,-2.8902587392635755,0.0004312709106372682,0.0038435484118275924,0.0012874822809061535
llmsr,450,450,-3.7328096190112348,-1.9930298939068543,-2.8629197564590445,0.00018500794576632176,0.01016178743563278,0.0013711350840746653
iMCTS,450,450,-3.203807254097344,-2.3079079587042317,-2.755857606400788,0.0006254502146499692,0.00492143826105723,0.0017544556468502737
pysr,450,450,-3.0431915774842144,-2.2732914460700737,-2.658241511777144,0.0009053331491103409,0.00532977105504731,0.0021966379795731305
symbolfit,450,450,-3.5260380389725428,-1.7608993613960564,-2.6434687001842994,0.00029782555586428975,0.01734205816887456,0.0022726434198914527
jaxsr,450,450,-2.6907808927893226,-1.7076838504706606,-2.1992323716299915,0.002038070051200696,0.01960271155561023,0.006320735664763638
dso,450,450,-2.5061244708299295,-1.5477805230959956,-2.0269524969629624,0.003117995823834557,0.02832823241704273,0.009398261029198647
gplearn,450,450,-2.1256244535223185,-1.3088356999310917,-1.7172300767267052,0.0074881674322245535,0.04910936290458252,0.019176525543470883
QLattice,450,450,-2.13238461031202,-0.7796626115288654,-1.4560236109204427,0.007372510329178087,0.16608766844495462,0.03499261423728632
pyoperon,450,450,-1.0508972046699687,0.3222835469439623,-0.36430682886300325,0.08894116122222005,2.100310709963787,0.4322083681184859
tpsr,450,450,2.9903495683653634,3.698282406863883,3.344315987614623,978.0241265056957,4992.090004962223,2209.6118361696444
ragsr,450,450,2.9788639011329017,3.715082878414577,3.3469733897737393,952.4976242830369,5188.990533752651,2223.1736674912663
e2esr,450,450,3.102173952084149,3.8534706044440443,3.477822278264097,1265.2430257704204,7136.259011698887,3004.8464094930605
