k,probe,full_mean_response,core_mean_response,signed_error,absolute_error,role
30,dso,2.4746133664052508,2.6054112422063906,0.13079787580113988,0.13079787580113988,construction_diagnostic
30,pyoperon,-0.2028632365837778,0.2845739119922167,0.4874371485759945,0.4874371485759945,construction_diagnostic
30,imcts,4.550114233502058,3.7780324407095285,-0.7720817927925299,0.7720817927925299,construction_diagnostic
30,udsr,5.696500819487061,5.684982500003133,-0.011518319483927897,0.011518319483927897,construction_diagnostic
40,dso,2.4746133664052508,2.9723742738740775,0.49776090746882673,0.49776090746882673,construction_diagnostic
40,pyoperon,-0.2028632365837778,-0.028704474937338763,0.17415876164643904,0.17415876164643904,construction_diagnostic
40,imcts,4.550114233502058,3.877991893263316,-0.6721223402387424,0.6721223402387424,construction_diagnostic
40,udsr,5.696500819487061,5.510174362301912,-0.18632645718514862,0.18632645718514862,construction_diagnostic
50,dso,2.4746133664052508,2.5575299507977673,0.08291658439251659,0.08291658439251659,construction_diagnostic
50,pyoperon,-0.2028632365837778,-0.022747323519007587,0.1801159130647702,0.1801159130647702,construction_diagnostic
50,imcts,4.550114233502058,4.549760286490038,-0.0003539470120204058,0.0003539470120204058,construction_diagnostic
50,udsr,5.696500819487061,5.406511733848662,-0.28998908563839887,0.28998908563839887,construction_diagnostic
60,dso,2.4746133664052508,2.147099451041916,-0.32751391536333463,0.32751391536333463,construction_diagnostic
60,pyoperon,-0.2028632365837778,0.35965310440989906,0.5625163409936769,0.5625163409936769,construction_diagnostic
60,imcts,4.550114233502058,4.5918691528637465,0.04175491936168818,0.04175491936168818,construction_diagnostic
60,udsr,5.696500819487061,5.346717490617006,-0.34978332887005514,0.34978332887005514,construction_diagnostic
70,dso,2.4746133664052508,2.829726299948403,0.3551129335431522,0.3551129335431522,construction_diagnostic
70,pyoperon,-0.2028632365837778,-0.7805496369150334,-0.5776864003312556,0.5776864003312556,construction_diagnostic
70,imcts,4.550114233502058,4.748833701152991,0.19871946765093274,0.19871946765093274,construction_diagnostic
70,udsr,5.696500819487061,5.828765042393063,0.13226422290600226,0.13226422290600226,construction_diagnostic
80,dso,2.4746133664052508,2.4287328499097685,-0.045880516495482304,0.045880516495482304,construction_diagnostic
80,pyoperon,-0.2028632365837778,0.09240158801833487,0.2952648246021127,0.2952648246021127,construction_diagnostic
80,imcts,4.550114233502058,4.013658673664113,-0.536455559837945,0.536455559837945,construction_diagnostic
80,udsr,5.696500819487061,5.8446879355981345,0.1481871161110737,0.1481871161110737,construction_diagnostic
