algorithm,minute,runs,datasets,seeds,valid_runs
drsr,5,250,50,5,250
drsr,10,250,50,5,250
drsr,30,250,50,5,250
drsr,60,250,50,5,250
dso,5,250,50,5,248
dso,10,250,50,5,248
dso,30,250,50,5,248
dso,60,250,50,5,248
e2esr,5,250,50,5,240
e2esr,10,250,50,5,242
e2esr,30,250,50,5,250
e2esr,60,250,50,5,250
gplearn,5,250,50,5,250
gplearn,10,250,50,5,250
gplearn,30,250,50,5,250
gplearn,60,250,50,5,250
imcts,5,250,50,5,247
imcts,10,250,50,5,250
imcts,30,250,50,5,250
imcts,60,250,50,5,250
llmsr,5,250,50,5,250
llmsr,10,250,50,5,250
llmsr,30,250,50,5,250
llmsr,60,250,50,5,250
pyoperon,5,250,50,5,212
pyoperon,10,250,50,5,212
pyoperon,30,250,50,5,212
pyoperon,60,250,50,5,212
pysr,5,250,50,5,229
pysr,10,250,50,5,248
pysr,30,250,50,5,249
pysr,60,250,50,5,249
qlattice,5,250,50,5,244
qlattice,10,250,50,5,244
qlattice,30,250,50,5,244
qlattice,60,250,50,5,244
ragsr,5,250,50,5,194
ragsr,10,250,50,5,211
ragsr,30,250,50,5,232
ragsr,60,250,50,5,242
tpsr,5,250,50,5,238
tpsr,10,250,50,5,241
tpsr,30,250,50,5,249
tpsr,60,250,50,5,250
udsr,5,250,50,5,249
udsr,10,250,50,5,249
udsr,30,250,50,5,250
udsr,60,250,50,5,250
