algorithm,minute,ID-Q,OOD-G,SYM-F,EFF,ROBU,STAB
udsr,10,54.985545908211655,50.0512191405514,48.36819913419913,43.67926110841577,,41.52162499874805
udsr,20,58.749689198079395,53.55811892943863,52.67833044733046,47.57420392913385,,44.684120918573115
udsr,30,60.28448969281379,54.98220472922818,55.16582972582972,49.80532642992445,,47.62299271276063
udsr,40,61.246061889107715,56.18515652149247,56.0608253968254,51.19387871051888,,48.28362560172994
udsr,50,61.83516712629735,56.422822068028886,56.73655555555555,52.25443235031532,,48.28224654698943
udsr,60,62.82598554357938,57.66004187384426,58.23665079365079,53.06981892315407,41.13736031471694,49.71324206177191
imcts,10,44.166966571952784,51.228173293297516,51.08573015873016,35.56699496544514,,40.532869970885756
imcts,20,49.497083001452246,55.90635209278489,56.078181818181825,40.90686916956385,,43.18845179224404
imcts,30,52.493389853039076,58.37706394089574,58.4009898989899,44.08640486697624,,44.448230822181145
imcts,40,54.37877585828142,59.88683338013746,59.88504040404041,46.29854947488628,,45.507274845012404
imcts,50,55.45578680630058,60.51638017162859,60.82648484848485,47.8051572540358,,47.4433652246899
imcts,60,56.13236795493528,61.2529710659942,61.43305772005772,48.981601107548606,38.49118828039087,48.48994427489466
pysr,10,47.11622500459064,54.79208015424612,50.21826984126984,39.39997210694482,,43.23510014910487
pysr,20,50.22273365934632,57.63032155711365,52.42859307359306,43.617104283688604,,43.935119601635314
pysr,30,51.89330865211617,59.08335555367711,54.08027561327561,45.81862144087158,,46.315013861800004
pysr,40,52.31020476811845,59.44579559570066,54.29469408369408,47.153117124586295,,47.46692527902415
pysr,50,52.55003896557401,59.58439778585354,54.54599567099567,48.04032749157094,,47.86677889415735
pysr,60,52.867137035189174,60.087666238940976,54.83509090909091,48.67475888825603,43.88164025570498,48.87061876221953
