dimension,value,total,issue_count,severity_counts_json,simplification_decision_counts_json,reference_decision_counts_json
algorithm,QLattice,62,1,"{""pass"":62}","{""preserved"":62}","{""not_equivalent"":62}"
algorithm,drsr,61,14,"{""major"":11,""pass"":50}","{""preserved"":61}","{""equivalent"":8,""not_equivalent"":53}"
algorithm,dso,63,10,"{""critical"":4,""pass"":58,""undetermined"":1}","{""not_preserved"":4,""preserved"":59}","{""equivalent"":50,""not_equivalent"":12,""undetermined"":1}"
algorithm,e2esr,61,2,"{""critical"":1,""minor"":1,""pass"":59}","{""not_preserved"":1,""preserved"":60}","{""not_equivalent"":61}"
algorithm,fepysr,62,1,"{""pass"":62}","{""preserved"":62}","{""equivalent"":21,""not_equivalent"":41}"
algorithm,gplearn,134,107,"{""critical"":1,""pass"":41,""undetermined"":92}","{""not_preserved"":1,""preserved"":129,""undetermined"":4}","{""equivalent"":30,""not_equivalent"":12,""undetermined"":92}"
algorithm,iMCTS,61,8,"{""critical"":3,""major"":3,""pass"":54,""undetermined"":1}","{""not_preserved"":3,""preserved"":58}","{""equivalent"":7,""not_equivalent"":53,""undetermined"":1}"
algorithm,jaxsr,61,3,"{""pass"":61}","{""preserved"":61}","{""not_equivalent"":61}"
algorithm,llmsr,62,5,"{""major"":1,""pass"":60,""undetermined"":1}","{""preserved"":62}","{""equivalent"":8,""not_equivalent"":53,""undetermined"":1}"
algorithm,not_applicable,50,1,"{""critical"":1,""pass"":49}","{""not_preserved"":1,""preserved"":49}","{""not_applicable"":50}"
algorithm,pyoperon,62,2,"{""pass"":62}","{""preserved"":62}","{""not_equivalent"":62}"
algorithm,pysr,65,4,"{""pass"":63,""undetermined"":2}","{""preserved"":65}","{""equivalent"":22,""not_equivalent"":41,""undetermined"":2}"
algorithm,ragsr,61,1,"{""pass"":61}","{""preserved"":61}","{""not_equivalent"":61}"
algorithm,symbolfit,62,5,"{""pass"":61,""undetermined"":1}","{""preserved"":62}","{""not_equivalent"":61,""undetermined"":1}"
algorithm,tpsr,62,2,"{""critical"":1,""pass"":60,""undetermined"":1}","{""not_preserved"":1,""preserved"":61}","{""not_equivalent"":61,""undetermined"":1}"
algorithm,udsr,61,6,"{""critical"":1,""major"":3,""pass"":57}","{""not_preserved"":1,""preserved"":60}","{""equivalent"":14,""not_equivalent"":47}"
condition,clean,386,77,"{""critical"":4,""major"":18,""pass"":326,""undetermined"":38}","{""not_preserved"":4,""preserved"":378,""undetermined"":4}","{""equivalent"":102,""not_applicable"":50,""not_equivalent"":196,""undetermined"":38}"
condition,noise001,334,50,"{""critical"":5,""pass"":297,""undetermined"":32}","{""not_preserved"":5,""preserved"":329}","{""equivalent"":34,""not_equivalent"":268,""undetermined"":32}"
condition,noise005,330,45,"{""critical"":3,""minor"":1,""pass"":297,""undetermined"":29}","{""not_preserved"":3,""preserved"":327}","{""equivalent"":24,""not_equivalent"":277,""undetermined"":29}"
seed,520,332,54,"{""critical"":3,""major"":5,""pass"":294,""undetermined"":30}","{""not_preserved"":3,""preserved"":327,""undetermined"":2}","{""equivalent"":52,""not_equivalent"":250,""undetermined"":30}"
seed,521,336,62,"{""critical"":4,""major"":5,""minor"":1,""pass"":287,""undetermined"":39}","{""not_preserved"":4,""preserved"":330,""undetermined"":2}","{""equivalent"":56,""not_equivalent"":241,""undetermined"":39}"
seed,522,332,55,"{""critical"":4,""major"":8,""pass"":290,""undetermined"":30}","{""not_preserved"":4,""preserved"":328}","{""equivalent"":52,""not_equivalent"":250,""undetermined"":30}"
seed,not_applicable,50,1,"{""critical"":1,""pass"":49}","{""not_preserved"":1,""preserved"":49}","{""not_applicable"":50}"
audit_scope,ground_truth_simplification,50,1,"{""critical"":1,""pass"":49}","{""not_preserved"":1,""preserved"":49}","{""not_applicable"":50}"
audit_scope,prediction_formula,1000,171,"{""critical"":11,""major"":18,""minor"":1,""pass"":871,""undetermined"":99}","{""not_preserved"":11,""preserved"":985,""undetermined"":4}","{""equivalent"":160,""not_equivalent"":741,""undetermined"":99}"
