dataset,evidence,seed,features,train_rows,id_rows,ood_rows,worker_seconds,completed_rounds,refinement_type,original_probe_ok,postfix_audit_ok,train_mse,id_r2,id_mse,id_nmse_mean_y_squared,ood_r2,ood_mse,ood_nmse_mean_y_squared
Nguyen-1,initial/Nguyen-1,520,1,16,2,200,109.42560576199321,17,BFGS,True,True,1.2377850883528348e-17,0.9999999999999974,6.233069437905456e-17,1.6231313947620126e-16,0.9999999999999999,4.620947942268849e-16,6.980436899827829e-17
Nguyen-5,initial/Nguyen-5,520,1,16,2,200,114.68716576101724,14,BFGS,True,True,3.3312485929762457e-08,0.9999908581494662,2.04182895874162e-07,3.058468563590925e-07,0.9550650913703842,2.967573867906884e-06,9.577556915839921e-06
Nguyen-7,initial/Nguyen-7,520,1,16,2,200,108.17455701803556,14,BFGS,True,True,3.77298834237492e-08,0.999883657967933,1.4200812050526553e-05,2.5025353060862713e-06,0.9815883540675224,8.100440302076493e-05,1.0215515317988466e-05
Nguyen-12,initial/Nguyen-12,520,2,16,2,200,104.56786792405182,10,BFGS,True,True,3.366435989576858e-07,0.9986983697909174,6.308919082223625e-07,5.87790450219494e-06,0.9880530103283944,0.0003832023134009387,0.001988821224739928
Keijzer-5,initial/Keijzer-5,520,3,900,10000,1000,90.89109045104124,4,BFGS,True,True,226852.25535671358,-77425.27282006865,168806632195.6987,77419.57819247755,-0.2857372385345991,8657620.304197865,1.2850140418335478
Korns-1,fixed/Korns-1,520,5,90,100,1000,103.42545539099956,7,NoRef,True,True,0.05035758624533717,0.9999998968927722,0.04979675760254195,1.022741623090642e-07,0.9999998954914397,0.0759623024906812,1.0450823905069912e-07
Vladislavleva-4,initial/Vladislavleva-4,520,5,820,102,5000,88.7868134159944,3,BFGS,True,True,2.012748333351987e-05,0.9994930073432712,2.2751741972981376e-05,6.940298794308282e-05,0.9995235813708477,1.6141450127973496e-05,6.094517367241455e-05
feynman_I_6_2b,initial/feynman_I_6_2b,520,3,64000,8000,10000,100.62145778298145,5,BFGS,True,True,3.513792821878261e-05,0.9902543906340017,3.546104556342161e-05,0.0008478393907430572,0.946476594667262,0.0011629799846557885,0.022530488859469455
feynman_I_9_18,initial/feynman_I_9_18,520,9,64000,8000,10000,93.25381491397275,3,BFGS,True,True,6.305014770078479e-05,0.9960431026744071,6.184451524492282e-05,0.0006282503244877112,0.9429381253388931,0.004146170914726628,0.02582690911559169
BPG3,fixed/BPG3,520,2,3500,500,500,102.77066980599193,5,BFGS,True,True,3.4993800186087205e-10,0.9999999281756425,3.797157183912301e-10,6.773339057194189e-08,-262.4591374300961,4.5537505006038366e-11,229.53842457902365
