stratum,algorithm,gid,dataset,seed,valid_output,metric_complete,expr_len,complexity,wall_seconds,corrected_seconds,cas_seconds,ted_seconds,numeric_seconds,pred_parse_ok,cas_equiv,numeric_equiv,tree_similarity,failure_reason,uncaught_error
missing_expression,pyoperon,g0383,feynman-ii.13.34,522,False,False,0,,0.08143043983727694,0.050864923279732466,0.0,1.4500692486763e-06,0.0,False,False,False,0.0,invalid_or_metric_incomplete_run; missing_result_json; pred_parse_failed:empty_expression; numeric:pred_parse_failed; ted:parse_failed,
missing_expression,pyoperon,g0363,feynman-bonus.7,522,False,False,0,,0.053384526167064905,0.022819009609520435,0.0,1.7499551177024841e-06,0.0,False,False,False,0.0,invalid_or_metric_incomplete_run; missing_result_json; pred_parse_failed:empty_expression; numeric:pred_parse_failed; ted:parse_failed,
missing_expression,pyoperon,g0373,feynman-i.41.16,522,False,False,0,,0.04875017236918211,0.01818465581163764,0.0,1.8496066331863403e-06,0.0,False,False,False,0.0,invalid_or_metric_incomplete_run; missing_result_json; pred_parse_failed:empty_expression; numeric:pred_parse_failed; ted:parse_failed,
missing_expression,pyoperon,g0379,feynman-ii.11.17,522,False,False,0,,0.05128561379387975,0.020720097236335278,0.0,1.3601966202259064e-06,0.0,False,False,False,0.0,invalid_or_metric_incomplete_run; missing_result_json; pred_parse_failed:empty_expression; numeric:pred_parse_failed; ted:parse_failed,
missing_expression,pyoperon,g0338,feynman-ii.13.34,522,False,False,0,,0.05725817894563079,0.02669266238808632,0.0,1.5799887478351593e-06,0.0,False,False,False,0.0,invalid_or_metric_incomplete_run; missing_result_json; pred_parse_failed:empty_expression; numeric:pred_parse_failed; ted:parse_failed,
missing_expression,pyoperon,g0383,feynman-ii.13.34,520,False,False,0,,0.051033973693847656,0.020468457136303186,0.0,1.4402903616428375e-06,0.0,False,False,False,0.0,invalid_or_metric_incomplete_run; missing_result_json; pred_parse_failed:empty_expression; numeric:pred_parse_failed; ted:parse_failed,
missing_expression,pyoperon,g0385,feynman-ii.35.18,522,False,False,0,,0.06143594300374389,0.030870426446199417,0.0,1.8398277461528778e-06,0.0,False,False,False,0.0,invalid_or_metric_incomplete_run; missing_result_json; pred_parse_failed:empty_expression; numeric:pred_parse_failed; ted:parse_failed,
missing_expression,pyoperon,g0333,feynman-ii.11.17,522,False,False,0,,0.05412711622193456,0.023561599664390087,0.0,1.4998950064182281e-06,0.0,False,False,False,0.0,invalid_or_metric_incomplete_run; missing_result_json; pred_parse_failed:empty_expression; numeric:pred_parse_failed; ted:parse_failed,
invalid_nonmissing,dso,g0298,feynman-iii.12.43,520,False,False,35,18.0,0.08928471617400646,0.05871919961646199,0.0,0.0004048701375722885,0.0,True,False,False,0.0,invalid_or_metric_incomplete_run; missing_result_json; numeric:extra_pred_variables:x0,
invalid_nonmissing,dso,g0215,PO25,521,False,False,30,14.0,0.042350086849182844,0.011784570291638374,0.0,0.0003405599854886532,0.0,True,False,False,0.0,invalid_or_metric_incomplete_run; missing_result_json; numeric:invalid_or_metric_incomplete_run,
invalid_nonmissing,imcts,g0619,Keijzer-10,521,False,False,15,5.0,0.035202980041503906,0.004637463483959436,0.0,0.00013943063095211983,0.0,True,False,False,0.0,invalid_or_metric_incomplete_run; missing_result_json; numeric:invalid_or_metric_incomplete_run,
invalid_nonmissing,imcts,g0053,CRK34,520,False,False,259,43.0,0.03591075958684087,0.005345243029296398,0.0,0.0005711200647056103,0.0,True,False,False,0.0,invalid_or_metric_incomplete_run; missing_result_json; numeric:extra_pred_variables:x0,
invalid_nonmissing,pyoperon,g0311,feynman-bonus.20,522,False,False,1,1.0,0.056039475835859776,0.025473959278315306,0.0,0.00032891007140278816,0.0,True,False,False,0.0,invalid_or_metric_incomplete_run; missing_result_json; numeric:invalid_or_metric_incomplete_run,
invalid_nonmissing,pyoperon,g0373,feynman-i.41.16,521,False,False,1,1.0,0.05109786195680499,0.02053234539926052,0.0,0.000469850841909647,0.0,True,False,False,0.0,invalid_or_metric_incomplete_run; missing_result_json; numeric:invalid_or_metric_incomplete_run,
invalid_nonmissing,udsr,g0405,feynman-i.29.4,520,False,False,120,34.0,0.0708166309632361,0.040251114405691624,0.0,0.0005797301419079304,0.0,True,False,False,0.0,invalid_or_metric_incomplete_run; missing_result_json; numeric:invalid_or_metric_incomplete_run,
invalid_nonmissing,udsr,g0653,Korns-6,521,False,False,1142,283.0,0.12143498379737139,0.09086946723982692,0.0,0.002142053097486496,0.0,True,False,False,0.0,"invalid_or_metric_incomplete_run; missing_result_json; numeric:extra_pred_variables:x1,x2,x3",
simple_valid_len_le_40,dso,g0526,feynman_I_12_4,522,True,True,26,15.0,0.5392399048432708,0.5086743882857263,0.46727975318208337,0.0004976801574230194,0.011401871219277382,True,False,False,0.0,missing_result_json,
simple_valid_len_le_40,dso,g0404,feynman-i.24.6,520,True,True,35,17.0,0.44123500725254416,0.4106694906949997,0.39805175084620714,0.0008110208436846733,0.0029146228916943073,True,False,False,0.0,missing_result_json,
simple_valid_len_le_40,imcts,g0255,feynman-ii.13.17,521,True,True,27,6.0,0.09782393276691437,0.0672584162093699,0.042150388937443495,0.00024202978238463402,0.0010078218765556812,True,False,True,0.6666666666666667,missing_result_json,
simple_valid_len_le_40,imcts,g0063,I.11.19_1_0,522,True,True,39,12.0,0.1305081108585,0.09994259430095553,0.0697157708927989,0.0006645000539720058,0.002377262804657221,True,False,False,0.0,missing_result_json,
simple_valid_len_le_40,pyoperon,g0643,Nguyen-8,520,True,True,25,5.0,0.04319710982963443,0.012631593272089958,0.0,0.00013497984036803246,0.0008369311690330505,True,False,False,0.0,missing_result_json,
simple_valid_len_le_40,pyoperon,g0139,II.36.38_4_0,520,True,True,32,6.0,0.10872575733810663,0.07816024078056216,0.0693805911578238,0.0004824697971343994,0.001933183055371046,True,False,False,0.0,missing_result_json,
simple_valid_len_le_40,udsr,g0377,feynman-i.6.20a,521,True,True,30,7.0,0.05802481807768345,0.02745930152013898,0.0,0.0004635402001440525,0.0017994330264627934,True,False,False,0.2857142857142857,missing_result_json,
simple_valid_len_le_40,udsr,g0437,feynman-i.12.11,521,True,True,28,10.0,0.26316038612276316,0.2325948695652187,0.20153995510190725,0.00047584110870957375,0.002562312874943018,True,False,False,0.2222222222222222,missing_result_json,
medium_valid_len_41_350,dso,g0047,CRK29,521,True,True,48,16.0,2.0678659859113395,2.037300469353795,2.0026953108608723,0.000808472279459238,0.0022563929669559,True,False,False,0.0,missing_result_json; cas:TimeoutError: operation timed out,
medium_valid_len_41_350,dso,g0236,PO5,522,True,True,44,24.0,0.048943349160254,0.018377832602709532,0.0,0.001171062234789133,0.0028799851424992085,True,False,False,0.0,missing_result_json,
medium_valid_len_41_350,imcts,g0008,BPG15,522,True,True,180,27.0,0.21882341196760535,0.18825789541006088,0.17602092400193214,0.0008538020774722099,0.003352054860442877,True,False,False,0.0,missing_result_json,
medium_valid_len_41_350,imcts,g0646,Korns-10,521,True,True,295,62.0,0.0492990599013865,0.01873354334384203,0.0,0.002002252731472254,0.0,True,False,False,0.0,missing_result_json; numeric:extra_pred_variables:x0,
medium_valid_len_41_350,pyoperon,g0515,feynman_II_4_23,520,True,True,69,18.0,0.17653747415170074,0.14597195759415627,0.13804975198581815,0.00036254990845918655,0.002266913652420044,True,False,False,0.0,missing_result_json,
medium_valid_len_41_350,pyoperon,g0031,CRK14,522,True,True,71,16.0,0.04298521904274821,0.012419702485203743,0.0,0.00055333087220788,0.0024958541616797447,True,False,False,0.0,missing_result_json,
medium_valid_len_41_350,udsr,g0046,CRK28,521,True,True,212,63.0,0.7152621429413557,0.6846966263838112,0.6484836949966848,0.001687902957201004,0.005557490047067404,True,False,False,0.0,missing_result_json,
medium_valid_len_41_350,udsr,g0349,feynman-bonus.10,522,True,True,63,14.0,0.4972760211676359,0.46671050461009145,0.45576436910778284,0.0005783410742878914,0.0,True,False,False,0.0,missing_result_json; numeric:extra_pred_variables:x0,
complex_valid_len_gt_350,udsr,g0571,feynman_I_9_18,521,True,True,6580,1134.0,0.6813626307994127,0.6507971142418683,0.03449731459841132,0.006280822213739157,0.0,True,False,False,0.0,missing_result_json; numeric:skipped_numeric_long_expression:3564; cas:skipped_complex_expression; ted:skipped_large_tree:623,
complex_valid_len_gt_350,udsr,g0140,II.36.38_5_0,520,True,True,4586,851.0,0.5305207748897374,0.4999552583321929,0.04087314801290631,0.006281342823058367,0.0,True,False,False,0.0,missing_result_json; numeric:skipped_numeric_long_expression:4586; cas:skipped_complex_expression; ted:skipped_large_tree:851,
complex_valid_len_gt_350,udsr,g0136,II.36.38_0_0,521,True,True,4434,838.0,0.5265138200484216,0.49594830349087715,0.0361976339481771,0.005419161170721054,0.0,True,False,False,0.0,missing_result_json; numeric:skipped_numeric_long_expression:4434; cas:skipped_complex_expression; ted:skipped_large_tree:838,
complex_valid_len_gt_350,imcts,g0417,feynman-ii.11.3,520,True,True,353,81.0,0.124988853931427,0.09442333737388253,0.004264208022505045,0.0021388549357652664,0.005682990886271,True,False,False,0.0,missing_result_json; cas:skipped_complex_expression,
complex_valid_len_gt_350,imcts,g0184,MatSci21,522,True,True,556,88.0,0.06895262002944946,0.03838710347190499,0.0039854287169873714,0.002145413774996996,0.008526526857167482,True,False,False,0.0,missing_result_json; cas:skipped_complex_expression,
complex_valid_len_gt_350,udsr,g0203,PO14,522,True,True,390,103.0,0.09477502340450883,0.06420950684696436,0.0,0.0031336559914052486,0.008981967810541391,True,False,False,0.0,missing_result_json,
complex_valid_len_gt_350,udsr,g0148,II.6.15a_4_1,522,True,True,1538,439.0,0.2343033542856574,0.20373783772811294,0.0,0.010336341802030802,0.0,True,False,False,0.0,missing_result_json; numeric:skipped_numeric_high_op_count:304,
complex_valid_len_gt_350,udsr,g0079,I.29.16_1_0,521,True,True,719,188.0,0.13607712369412184,0.10551160713657737,0.0,0.0068712737411260605,0.014306671917438507,True,False,False,0.0,missing_result_json,
