iaaccn22	neurips_rebuttal_new3_1h_fepysr_s520_clean_g0044	1784924590
iaaccn22	neurips_rebuttal_new3_1h_fepysr_s520_clean_g0048	1784925449
iaaccn22	neurips_rebuttal_new3_1h_fepysr_s520_clean_g0049	1784925416
iaaccn22	neurips_rebuttal_new3_1h_fepysr_s520_clean_g0050	1784925598
iaaccn22	neurips_rebuttal_new3_1h_fepysr_s520_clean_g0055	1784925847
iaaccn22	neurips_rebuttal_new3_1h_fepysr_s520_clean_g0057	1784926478
iaaccn22	neurips_rebuttal_new3_1h_fepysr_s520_clean_g0074	1784927214
iaaccn22	neurips_rebuttal_new3_1h_fepysr_s520_clean_g0088	1784927714
iaaccn22	neurips_rebuttal_new3_1h_jaxsr_s520_clean_g0048	1784925449
iaaccn22	neurips_rebuttal_new3_1h_jaxsr_s520_clean_g0050	1784925598
iaaccn22	neurips_rebuttal_new3_1h_jaxsr_s520_clean_g0074	1784927214
iaaccn22	neurips_rebuttal_new3_1h_jaxsr_s520_clean_g0088	1784927714
iaaccn22	neurips_rebuttal_new3_1h_symbolfit_s520_clean_g0043	1784924590
iaaccn22	neurips_rebuttal_new3_1h_symbolfit_s520_clean_g0047	1784925449
iaaccn22	neurips_rebuttal_new3_1h_symbolfit_s520_clean_g0048	1784925449
iaaccn22	neurips_rebuttal_new3_1h_symbolfit_s520_clean_g0054	1784925857
iaaccn22	neurips_rebuttal_new3_1h_symbolfit_s520_clean_g0056	1784926478
iaaccn23	neurips_rebuttal_new3_1h_fepysr_s520_clean_g0052	1784925739
iaaccn23	neurips_rebuttal_new3_1h_fepysr_s520_clean_g0071	1784927212
iaaccn23	neurips_rebuttal_new3_1h_fepysr_s520_clean_g0072	1784927212
iaaccn23	neurips_rebuttal_new3_1h_fepysr_s520_clean_g0085	1784927712
iaaccn23	neurips_rebuttal_new3_1h_fepysr_s520_clean_g0086	1784927712
iaaccn23	neurips_rebuttal_new3_1h_jaxsr_s520_clean_g0051	1784925604
iaaccn23	neurips_rebuttal_new3_1h_jaxsr_s520_clean_g0052	1784925739
iaaccn23	neurips_rebuttal_new3_1h_jaxsr_s520_clean_g0053	1784925727
iaaccn23	neurips_rebuttal_new3_1h_jaxsr_s520_clean_g0071	1784927212
iaaccn23	neurips_rebuttal_new3_1h_jaxsr_s520_clean_g0085	1784927712
iaaccn23	neurips_rebuttal_new3_1h_symbolfit_s520_clean_g0051	1784925604
iaaccn23	neurips_rebuttal_new3_1h_symbolfit_s520_clean_g0053	1784925855
iaaccn23	neurips_rebuttal_new3_1h_symbolfit_s520_clean_g0070	1784927212
iaaccn23	neurips_rebuttal_new3_1h_symbolfit_s520_clean_g0071	1784927212
iaaccn23	neurips_rebuttal_new3_1h_symbolfit_s520_clean_g0084	1784927712
iaaccn23	neurips_rebuttal_new3_1h_symbolfit_s520_clean_g0085	1784927712
iaaccn24	neurips_rebuttal_new3_1h_fepysr_s520_clean_g0051	1784925600
iaaccn24	neurips_rebuttal_new3_1h_fepysr_s520_clean_g0066	1784927206
iaaccn24	neurips_rebuttal_new3_1h_fepysr_s520_clean_g0067	1784927206
iaaccn24	neurips_rebuttal_new3_1h_fepysr_s520_clean_g0083	1784927709
iaaccn24	neurips_rebuttal_new3_1h_fepysr_s520_clean_g0084	1784927709
iaaccn24	neurips_rebuttal_new3_1h_jaxsr_s520_clean_g0042	1784924218
iaaccn24	neurips_rebuttal_new3_1h_jaxsr_s520_clean_g0059	1784926746
iaaccn24	neurips_rebuttal_new3_1h_jaxsr_s520_clean_g0066	1784927206
iaaccn24	neurips_rebuttal_new3_1h_jaxsr_s520_clean_g0083	1784927709
iaaccn24	neurips_rebuttal_new3_1h_jaxsr_s520_clean_g0084	1784927709
iaaccn24	neurips_rebuttal_new3_1h_symbolfit_s520_clean_g0042	1784924218
iaaccn24	neurips_rebuttal_new3_1h_symbolfit_s520_clean_g0050	1784925601
iaaccn24	neurips_rebuttal_new3_1h_symbolfit_s520_clean_g0059	1784926746
iaaccn24	neurips_rebuttal_new3_1h_symbolfit_s520_clean_g0065	1784927206
iaaccn24	neurips_rebuttal_new3_1h_symbolfit_s520_clean_g0066	1784927206
iaaccn24	neurips_rebuttal_new3_1h_symbolfit_s520_clean_g0083	1784927709
iaaccn25	neurips_rebuttal_new3_1h_fepysr_s520_clean_g0046	1784924745
iaaccn25	neurips_rebuttal_new3_1h_fepysr_s520_clean_g0047	1784924742
iaaccn25	neurips_rebuttal_new3_1h_fepysr_s520_clean_g0059	1784926747
iaaccn25	neurips_rebuttal_new3_1h_fepysr_s520_clean_g0073	1784927216
iaaccn25	neurips_rebuttal_new3_1h_fepysr_s520_clean_g0078	1784927707
iaaccn25	neurips_rebuttal_new3_1h_fepysr_s520_clean_g0079	1784927707
iaaccn25	neurips_rebuttal_new3_1h_jaxsr_s520_clean_g0047	1784924740
iaaccn25	neurips_rebuttal_new3_1h_jaxsr_s520_clean_g0072	1784927216
iaaccn25	neurips_rebuttal_new3_1h_jaxsr_s520_clean_g0073	1784927216
iaaccn25	neurips_rebuttal_new3_1h_jaxsr_s520_clean_g0078	1784927707
iaaccn25	neurips_rebuttal_new3_1h_jaxsr_s520_clean_g0079	1784927707
iaaccn25	neurips_rebuttal_new3_1h_symbolfit_s520_clean_g0045	1784924744
iaaccn25	neurips_rebuttal_new3_1h_symbolfit_s520_clean_g0058	1784926747
iaaccn25	neurips_rebuttal_new3_1h_symbolfit_s520_clean_g0072	1784927216
iaaccn25	neurips_rebuttal_new3_1h_symbolfit_s520_clean_g0073	1784927215
iaaccn25	neurips_rebuttal_new3_1h_symbolfit_s520_clean_g0078	1784927707
iaaccn26	neurips_rebuttal_new3_1h_fepysr_s520_clean_g0053	1784925740
iaaccn26	neurips_rebuttal_new3_1h_fepysr_s520_clean_g0064	1784927204
iaaccn26	neurips_rebuttal_new3_1h_fepysr_s520_clean_g0065	1784927204
iaaccn26	neurips_rebuttal_new3_1h_fepysr_s520_clean_g0082	1784927707
iaaccn26	neurips_rebuttal_new3_1h_jaxsr_s520_clean_g0049	1784925597
iaaccn26	neurips_rebuttal_new3_1h_jaxsr_s520_clean_g0057	1784926736
iaaccn26	neurips_rebuttal_new3_1h_jaxsr_s520_clean_g0064	1784927204
iaaccn26	neurips_rebuttal_new3_1h_jaxsr_s520_clean_g0065	1784927204
iaaccn26	neurips_rebuttal_new3_1h_jaxsr_s520_clean_g0081	1784927707
iaaccn26	neurips_rebuttal_new3_1h_jaxsr_s520_clean_g0082	1784927707
iaaccn26	neurips_rebuttal_new3_1h_symbolfit_s520_clean_g0049	1784925597
iaaccn26	neurips_rebuttal_new3_1h_symbolfit_s520_clean_g0052	1784925740
iaaccn26	neurips_rebuttal_new3_1h_symbolfit_s520_clean_g0057	1784926736
iaaccn26	neurips_rebuttal_new3_1h_symbolfit_s520_clean_g0064	1784927204
iaaccn26	neurips_rebuttal_new3_1h_symbolfit_s520_clean_g0081	1784927707
iaaccn26	neurips_rebuttal_new3_1h_symbolfit_s520_clean_g0082	1784927707
iaaccn27	neurips_rebuttal_new3_1h_fepysr_s520_clean_g0043	1784924589
iaaccn27	neurips_rebuttal_new3_1h_fepysr_s520_clean_g0045	1784924575
iaaccn27	neurips_rebuttal_new3_1h_fepysr_s520_clean_g0056	1784926477
iaaccn27	neurips_rebuttal_new3_1h_fepysr_s520_clean_g0060	1784926747
iaaccn27	neurips_rebuttal_new3_1h_fepysr_s520_clean_g0069	1784927208
iaaccn27	neurips_rebuttal_new3_1h_fepysr_s520_clean_g0070	1784927208
iaaccn27	neurips_rebuttal_new3_1h_fepysr_s520_clean_g0075	1784927701
iaaccn27	neurips_rebuttal_new3_1h_fepysr_s520_clean_g0076	1784927701
iaaccn27	neurips_rebuttal_new3_1h_fepysr_s520_clean_g0077	1784927701
iaaccn27	neurips_rebuttal_new3_1h_jaxsr_s520_clean_g0043	1784924589
iaaccn27	neurips_rebuttal_new3_1h_jaxsr_s520_clean_g0045	1784924575
iaaccn27	neurips_rebuttal_new3_1h_jaxsr_s520_clean_g0056	1784926477
iaaccn27	neurips_rebuttal_new3_1h_jaxsr_s520_clean_g0060	1784926747
iaaccn27	neurips_rebuttal_new3_1h_jaxsr_s520_clean_g0069	1784927208
iaaccn27	neurips_rebuttal_new3_1h_jaxsr_s520_clean_g0070	1784927208
iaaccn27	neurips_rebuttal_new3_1h_jaxsr_s520_clean_g0075	1784927701
iaaccn27	neurips_rebuttal_new3_1h_jaxsr_s520_clean_g0076	1784927701
iaaccn27	neurips_rebuttal_new3_1h_jaxsr_s520_clean_g0077	1784927701
iaaccn27	neurips_rebuttal_new3_1h_symbolfit_s520_clean_g0069	1784927208
iaaccn27	neurips_rebuttal_new3_1h_symbolfit_s520_clean_g0074	1784927701
iaaccn27	neurips_rebuttal_new3_1h_symbolfit_s520_clean_g0075	1784927701
iaaccn27	neurips_rebuttal_new3_1h_symbolfit_s520_clean_g0076	1784927701
iaaccn27	neurips_rebuttal_new3_1h_symbolfit_s520_clean_g0077	1784927701
iaaccn28	neurips_rebuttal_new3_1h_fepysr_s520_clean_g0058	1784926738
iaaccn28	neurips_rebuttal_new3_1h_fepysr_s520_clean_g0068	1784927207
iaaccn28	neurips_rebuttal_new3_1h_fepysr_s520_clean_g0087	1784927713
iaaccn28	neurips_rebuttal_new3_1h_jaxsr_s520_clean_g0044	1784924717
iaaccn28	neurips_rebuttal_new3_1h_jaxsr_s520_clean_g0046	1784924715
iaaccn28	neurips_rebuttal_new3_1h_jaxsr_s520_clean_g0055	1784926038
iaaccn28	neurips_rebuttal_new3_1h_jaxsr_s520_clean_g0058	1784926738
iaaccn28	neurips_rebuttal_new3_1h_jaxsr_s520_clean_g0067	1784927207
iaaccn28	neurips_rebuttal_new3_1h_jaxsr_s520_clean_g0068	1784927207
iaaccn28	neurips_rebuttal_new3_1h_jaxsr_s520_clean_g0086	1784927713
iaaccn28	neurips_rebuttal_new3_1h_jaxsr_s520_clean_g0087	1784927713
iaaccn28	neurips_rebuttal_new3_1h_symbolfit_s520_clean_g0044	1784924717
iaaccn28	neurips_rebuttal_new3_1h_symbolfit_s520_clean_g0046	1784924715
iaaccn28	neurips_rebuttal_new3_1h_symbolfit_s520_clean_g0055	1784926038
iaaccn28	neurips_rebuttal_new3_1h_symbolfit_s520_clean_g0067	1784927207
iaaccn28	neurips_rebuttal_new3_1h_symbolfit_s520_clean_g0068	1784927207
iaaccn28	neurips_rebuttal_new3_1h_symbolfit_s520_clean_g0086	1784927713
iaaccn28	neurips_rebuttal_new3_1h_symbolfit_s520_clean_g0087	1784927713
iaaccn29	neurips_rebuttal_new3_1h_fepysr_s520_clean_g0054	1784925728
iaaccn29	neurips_rebuttal_new3_1h_fepysr_s520_clean_g0061	1784927202
iaaccn29	neurips_rebuttal_new3_1h_fepysr_s520_clean_g0062	1784927202
iaaccn29	neurips_rebuttal_new3_1h_fepysr_s520_clean_g0063	1784927202
iaaccn29	neurips_rebuttal_new3_1h_fepysr_s520_clean_g0080	1784927705
iaaccn29	neurips_rebuttal_new3_1h_fepysr_s520_clean_g0081	1784927705
iaaccn29	neurips_rebuttal_new3_1h_jaxsr_s520_clean_g0054	1784925856
iaaccn29	neurips_rebuttal_new3_1h_jaxsr_s520_clean_g0061	1784927202
iaaccn29	neurips_rebuttal_new3_1h_jaxsr_s520_clean_g0062	1784927202
iaaccn29	neurips_rebuttal_new3_1h_jaxsr_s520_clean_g0063	1784927202
iaaccn29	neurips_rebuttal_new3_1h_jaxsr_s520_clean_g0080	1784927705
iaaccn29	neurips_rebuttal_new3_1h_symbolfit_s520_clean_g0060	1784927202
iaaccn29	neurips_rebuttal_new3_1h_symbolfit_s520_clean_g0061	1784927202
iaaccn29	neurips_rebuttal_new3_1h_symbolfit_s520_clean_g0062	1784927202
iaaccn29	neurips_rebuttal_new3_1h_symbolfit_s520_clean_g0063	1784927202
iaaccn29	neurips_rebuttal_new3_1h_symbolfit_s520_clean_g0079	1784927705
iaaccn29	neurips_rebuttal_new3_1h_symbolfit_s520_clean_g0080	1784927705
