coverage_weight,information_weight,balance_weight,structural_share,objective,coverage,structural_coverage,response_coverage,mean_information,balance,structural_balance,response_balance,size_excess,semantic_duplicate_excess,basename_duplicate_excess,family_quota_excess,subgroup_cap_excess,difficulty_missing,hard_constraint_excess,frozen_overlap,frozen_jaccard,reference_overlap,reference_jaccard,exact_frozen_match,exact_reference_match,score_pearson,rank_spearman,rank_kendall,pairwise_rank_agreement,aggregate_score_mae,rank_order,sweep,config_id,accepted_swaps,best_start_index,unique_search_starts
0.45,0.3499999999999999,0.20000000000000004,0.6,0.8210513135133937,0.9769230769230769,1.0,0.9423076923076923,0.5941346185873777,0.8674440619621342,0.877065404475043,0.8530120481927711,0,0,0,0,0,0,0,23,0.2987012987012987,50,1.0,False,True,0.9911408935336083,1.0,1.0,1.0,1.2820070920742808,"udsr,imcts,dso,pyoperon",local_factorial,local_c0.8_i0.8_b0.8,0,0,3
0.4390243902439025,0.3414634146341463,0.21951219512195125,0.6,0.8221828439633629,0.9769230769230769,1.0,0.9423076923076923,0.5941346185873777,0.8674440619621342,0.877065404475043,0.8530120481927711,0,0,0,0,0,0,0,23,0.2987012987012987,50,1.0,False,True,0.9911408935336083,1.0,1.0,1.0,1.2820070920742808,"udsr,imcts,dso,pyoperon",local_factorial,local_c0.8_i0.8_b0.9,0,0,3
0.4285714285714286,0.33333333333333326,0.23809523809523808,0.6,0.8232778160395233,0.9769230769230769,1.0,0.9423076923076923,0.5927850662078822,0.8694061962134251,0.8803356282271945,0.853012048192771,0,0,0,0,0,0,0,23,0.2987012987012987,49,0.9607843137254902,False,False,0.9842651170890832,1.0,1.0,1.0,1.2054229509374168,"udsr,imcts,dso,pyoperon",local_factorial,local_c0.8_i0.8_b1.0,1,0,3
0.4186046511627907,0.3255813953488371,0.2558139534883721,0.6,0.8243830143799511,0.9769230769230769,1.0,0.9423076923076923,0.5874834410859088,0.8762805507745267,0.8884595524956971,0.8580120481927711,0,0,0,0,0,0,0,23,0.2987012987012987,48,0.9230769230769231,False,False,0.988894408649077,1.0,1.0,1.0,1.2900134567742725,"udsr,imcts,dso,pyoperon",local_factorial,local_c0.8_i0.8_b1.1,2,0,3
0.4090909090909091,0.3181818181818181,0.2727272727272727,0.6,0.8259149362601258,0.9730769230769231,1.0,0.9326923076923077,0.5883696790036138,0.8823080895008605,0.888907056798623,0.8724096385542167,0,0,0,0,0,0,0,22,0.28205128205128205,46,0.8518518518518519,False,False,0.9936488361422868,1.0,1.0,1.0,1.2953161013781145,"udsr,imcts,dso,pyoperon",local_factorial,local_c0.8_i0.8_b1.2,5,0,3
0.4311377245508982,0.3772455089820359,0.19161676646706588,0.6,0.8115398352829618,0.9769230769230769,1.0,0.9423076923076923,0.5941346185873777,0.8674440619621342,0.877065404475043,0.8530120481927711,0,0,0,0,0,0,0,23,0.2987012987012987,50,1.0,False,True,0.9911408935336083,1.0,1.0,1.0,1.2820070920742808,"udsr,imcts,dso,pyoperon",local_factorial,local_c0.8_i0.9_b0.8,0,0,3
0.42105263157894735,0.3684210526315789,0.21052631578947367,0.6,0.8128475364918313,0.9769230769230769,1.0,0.9423076923076923,0.5941346185873777,0.8674440619621342,0.877065404475043,0.8530120481927711,0,0,0,0,0,0,0,23,0.2987012987012987,50,1.0,False,True,0.9911408935336083,1.0,1.0,1.0,1.2820070920742808,"udsr,imcts,dso,pyoperon",local_factorial,local_c0.8_i0.9_b0.9,0,0,3
0.4114285714285715,0.36,0.2285714285714286,0.6,0.8140954570740098,0.9769230769230769,1.0,0.9423076923076923,0.5941346185873777,0.8674440619621342,0.877065404475043,0.8530120481927711,0,0,0,0,0,0,0,23,0.2987012987012987,50,1.0,False,True,0.9911408935336083,1.0,1.0,1.0,1.2820070920742808,"udsr,imcts,dso,pyoperon",local_factorial,local_c0.8_i0.9_b1.0,0,0,3
0.4022346368715084,0.35195530726256985,0.2458100558659218,0.6,0.8152949348768092,0.9769230769230769,1.0,0.9423076923076923,0.5927850662078822,0.8694061962134251,0.8803356282271945,0.853012048192771,0,0,0,0,0,0,0,23,0.2987012987012987,49,0.9607843137254902,False,False,0.9842651170890832,1.0,1.0,1.0,1.2054229509374168,"udsr,imcts,dso,pyoperon",local_factorial,local_c0.8_i0.9_b1.1,1,0,3
0.3934426229508197,0.3442622950819672,0.2622950819672131,0.6,0.8165919626622635,0.9730769230769231,1.0,0.9326923076923077,0.5934912821349616,0.874684165232358,0.8860499139414802,0.8576355421686747,0,0,0,0,0,0,0,24,0.3157894736842105,48,0.9230769230769231,False,False,0.982997477612534,1.0,1.0,1.0,1.2488812168040337,"udsr,imcts,dso,pyoperon",local_factorial,local_c0.8_i0.9_b1.2,2,0,3
0.4137931034482759,0.4022988505747126,0.18390804597701152,0.6,0.8027936484044038,0.9769230769230769,1.0,0.9423076923076923,0.5941346185873777,0.8674440619621342,0.877065404475043,0.8530120481927711,0,0,0,0,0,0,0,23,0.2987012987012987,50,1.0,False,True,0.9911408935336083,1.0,1.0,1.0,1.2820070920742808,"udsr,imcts,dso,pyoperon",local_factorial,local_c0.8_i1.0_b0.8,0,0,3
0.40449438202247195,0.3932584269662921,0.20224719101123598,0.6,0.8042464666866,0.9769230769230769,1.0,0.9423076923076923,0.5941346185873777,0.8674440619621342,0.877065404475043,0.8530120481927711,0,0,0,0,0,0,0,23,0.2987012987012987,50,1.0,False,True,0.9911408935336083,1.0,1.0,1.0,1.2820070920742808,"udsr,imcts,dso,pyoperon",local_factorial,local_c0.8_i1.0_b0.9,0,0,3
0.3956043956043956,0.3846153846153845,0.21978021978021975,0.6,0.8056354248245239,0.9769230769230769,1.0,0.9423076923076923,0.5941346185873777,0.8674440619621342,0.877065404475043,0.8530120481927711,0,0,0,0,0,0,0,23,0.2987012987012987,50,1.0,False,True,0.9911408935336083,1.0,1.0,1.0,1.2820070920742808,"udsr,imcts,dso,pyoperon",local_factorial,local_c0.8_i1.0_b1.0,0,0,3
0.38709677419354843,0.3763440860215054,0.23655913978494628,0.6,0.8069901410791259,0.9730769230769231,1.0,0.9326923076923077,0.5948408345144571,0.872722030981067,0.8827796901893288,0.8576355421686747,0,0,0,0,0,0,0,24,0.3157894736842105,49,0.9607843137254902,False,False,0.9908619494762823,1.0,1.0,1.0,1.3254653579408977,"udsr,imcts,dso,pyoperon",local_factorial,local_c0.8_i1.0_b1.1,1,0,3
0.3789473684210527,0.3684210526315789,0.25263157894736843,0.6,0.8083739703402194,0.9730769230769231,1.0,0.9326923076923077,0.5948408345144571,0.872722030981067,0.8827796901893288,0.8576355421686747,0,0,0,0,0,0,0,24,0.3157894736842105,49,0.9607843137254902,False,False,0.9908619494762823,1.0,1.0,1.0,1.3254653579408977,"udsr,imcts,dso,pyoperon",local_factorial,local_c0.8_i1.0_b1.2,1,0,3
0.39779005524861877,0.42541436464088395,0.17679558011049726,0.6,0.7948019703507556,0.9730769230769231,1.0,0.9326923076923077,0.5962030569305491,0.8715619621342512,0.8775129087779688,0.8626355421686747,0,0,0,0,0,0,0,23,0.2987012987012987,48,0.9230769230769231,False,False,0.990221158723425,1.0,1.0,1.0,1.2211526955778362,"udsr,imcts,dso,pyoperon",local_factorial,local_c0.8_i1.1_b0.8,2,0,3
0.3891891891891892,0.4162162162162162,0.1945945945945946,0.6,0.7964697851226976,0.9730769230769231,1.0,0.9326923076923077,0.5954633750085903,0.873185886402754,0.880370051635112,0.8624096385542169,0,0,0,0,0,0,0,23,0.2987012987012987,48,0.9230769230769231,False,False,0.9948168016878076,1.0,1.0,1.0,1.2899044145233864,"udsr,imcts,dso,pyoperon",local_factorial,local_c0.8_i1.1_b0.9,2,0,3
0.380952380952381,0.4074074074074074,0.21164021164021163,0.6,0.7980934063138099,0.9730769230769231,1.0,0.9326923076923077,0.5954633750085903,0.873185886402754,0.880370051635112,0.8624096385542169,0,0,0,0,0,0,0,23,0.2987012987012987,48,0.9230769230769231,False,False,0.9948168016878076,1.0,1.0,1.0,1.2899044145233864,"udsr,imcts,dso,pyoperon",local_factorial,local_c0.8_i1.1_b1.0,2,0,3
0.37305699481865284,0.39896373056994816,0.22797927461139897,0.6,0.7992993153497102,0.9730769230769231,1.0,0.9326923076923077,0.5958297221976266,0.8710077452667813,0.8799225473321858,0.8576355421686747,0,0,0,0,0,0,0,23,0.2987012987012987,49,0.9607843137254902,False,False,0.9909380164552802,1.0,1.0,1.0,1.2177060617028383,"udsr,imcts,dso,pyoperon",local_factorial,local_c0.8_i1.1_b1.1,1,0,3
0.3654822335025381,0.39086294416243655,0.24365482233502536,0.6,0.8007864985088471,0.9730769230769231,1.0,0.9326923076923077,0.5948408345144571,0.872722030981067,0.8827796901893288,0.8576355421686747,0,0,0,0,0,0,0,24,0.3157894736842105,49,0.9607843137254902,False,False,0.9908619494762823,1.0,1.0,1.0,1.3254653579408977,"udsr,imcts,dso,pyoperon",local_factorial,local_c0.8_i1.1_b1.2,1,0,3
0.3829787234042553,0.44680851063829785,0.17021276595744683,0.6,0.7874703206130227,0.9692307692307692,1.0,0.9230769230769231,0.6020379198725045,0.8652693631669535,0.8737521514629947,0.8525451807228915,0,0,0,0,0,0,0,23,0.2987012987012987,47,0.8867924528301887,False,False,0.9850916822165307,1.0,1.0,1.0,1.1523835436825056,"udsr,imcts,dso,pyoperon",local_factorial,local_c0.8_i1.2_b0.8,3,0,3
0.375,0.43749999999999994,0.1875,0.6,0.7891811748517474,0.9692307692307692,1.0,0.9230769230769231,0.5997947479428037,0.8709836488812392,0.8766092943201376,0.8625451807228915,0,0,0,0,0,0,0,23,0.2987012987012987,46,0.8518518518518519,False,False,0.9901878373667432,1.0,1.0,1.0,1.2200740674502266,"udsr,imcts,dso,pyoperon",local_factorial,local_c0.8_i1.2_b0.9,4,0,3
0.3673469387755103,0.42857142857142855,0.20408163265306123,0.6,0.7908566194814807,0.9730769230769231,1.0,0.9326923076923077,0.5954633750085903,0.873185886402754,0.880370051635112,0.8624096385542169,0,0,0,0,0,0,0,23,0.2987012987012987,48,0.9230769230769231,False,False,0.9948168016878076,1.0,1.0,1.0,1.2899044145233864,"udsr,imcts,dso,pyoperon",local_factorial,local_c0.8_i1.2_b1.0,2,0,3
0.36000000000000004,0.42,0.22000000000000003,0.6,0.7925032048199061,0.9730769230769231,1.0,0.9326923076923077,0.5954633750085903,0.873185886402754,0.880370051635112,0.8624096385542169,0,0,0,0,0,0,0,23,0.2987012987012987,48,0.9230769230769231,False,False,0.9948168016878076,1.0,1.0,1.0,1.2899044145233864,"udsr,imcts,dso,pyoperon",local_factorial,local_c0.8_i1.2_b1.1,2,0,3
0.35294117647058826,0.4117647058823529,0.23529411764705882,0.6,0.7937711979236247,0.9692307692307692,1.0,0.9230769230769231,0.5965359381247061,0.8757435456110155,0.8847332185886403,0.8622590361445783,0,0,0,0,0,0,0,24,0.3157894736842105,48,0.9230769230769231,False,False,0.9917486062152278,1.0,1.0,1.0,1.261164327569456,"udsr,imcts,dso,pyoperon",local_factorial,local_c0.8_i1.2_b1.2,2,0,3
0.47928994082840237,0.33136094674556205,0.18934911242603553,0.6,0.8293521766535543,0.9769230769230769,1.0,0.9423076923076923,0.5941346185873777,0.8674440619621342,0.877065404475043,0.8530120481927711,0,0,0,0,0,0,0,23,0.2987012987012987,50,1.0,False,True,0.9911408935336083,1.0,1.0,1.0,1.2820070920742808,"udsr,imcts,dso,pyoperon",local_factorial,local_c0.9_i0.8_b0.8,0,0,3
0.4682080924855492,0.3236994219653179,0.20809248554913298,0.6,0.8302329138861227,0.9769230769230769,1.0,0.9423076923076923,0.5941346185873777,0.8674440619621342,0.877065404475043,0.8530120481927711,0,0,0,0,0,0,0,23,0.2987012987012987,50,1.0,False,True,0.9911408935336083,1.0,1.0,1.0,1.2820070920742808,"udsr,imcts,dso,pyoperon",local_factorial,local_c0.9_i0.8_b0.9,0,0,3
0.4576271186440678,0.3163841807909604,0.22598870056497175,0.6,0.8310902869319076,0.9769230769230769,1.0,0.9423076923076923,0.5927850662078822,0.8694061962134251,0.8803356282271945,0.853012048192771,0,0,0,0,0,0,0,23,0.2987012987012987,49,0.9607843137254902,False,False,0.9842651170890832,1.0,1.0,1.0,1.2054229509374168,"udsr,imcts,dso,pyoperon",local_factorial,local_c0.9_i0.8_b1.0,1,0,3
0.44751381215469616,0.3093922651933701,0.24309392265193372,0.6,0.8319678793682834,0.9769230769230769,1.0,0.9423076923076923,0.5874834410859088,0.8762805507745267,0.8884595524956971,0.8580120481927711,0,0,0,0,0,0,0,23,0.2987012987012987,48,0.9230769230769231,False,False,0.988894408649077,1.0,1.0,1.0,1.2900134567742725,"udsr,imcts,dso,pyoperon",local_factorial,local_c0.9_i0.8_b1.1,2,0,3
0.43783783783783786,0.30270270270270266,0.2594594594594594,0.6,0.8329259911824725,0.9769230769230769,1.0,0.9423076923076923,0.5874834410859088,0.8762805507745267,0.8884595524956971,0.8580120481927711,0,0,0,0,0,0,0,23,0.2987012987012987,48,0.9230769230769231,False,False,0.988894408649077,1.0,1.0,1.0,1.2900134567742725,"udsr,imcts,dso,pyoperon",local_factorial,local_c0.9_i0.8_b1.2,2,0,3
0.46022727272727276,0.35795454545454547,0.18181818181818185,0.6,0.8199969328668314,0.9769230769230769,1.0,0.9423076923076923,0.5941346185873777,0.8674440619621342,0.877065404475043,0.8530120481927711,0,0,0,0,0,0,0,23,0.2987012987012987,50,1.0,False,True,0.9911408935336083,1.0,1.0,1.0,1.2820070920742808,"udsr,imcts,dso,pyoperon",local_factorial,local_c0.9_i0.9_b0.8,0,0,3
0.4402173913043478,0.34239130434782605,0.21739130434782605,0.6,0.8220598515231488,0.9769230769230769,1.0,0.9423076923076923,0.5941346185873777,0.8674440619621342,0.877065404475043,0.8530120481927711,0,0,0,0,0,0,0,23,0.2987012987012987,50,1.0,False,True,0.9911408935336083,1.0,1.0,1.0,1.2820070920742808,"udsr,imcts,dso,pyoperon",local_factorial,local_c0.9_i0.9_b1.0,0,0,3
0.4308510638297873,0.3351063829787234,0.2340425531914894,0.6,0.8230324523151943,0.9769230769230769,1.0,0.9423076923076923,0.5927850662078822,0.8694061962134251,0.8803356282271945,0.853012048192771,0,0,0,0,0,0,0,23,0.2987012987012987,49,0.9607843137254902,False,False,0.9842651170890832,1.0,1.0,1.0,1.2054229509374168,"udsr,imcts,dso,pyoperon",local_factorial,local_c0.9_i0.9_b1.1,1,0,3
0.42187500000000006,0.328125,0.25,0.6,0.8239985719797408,0.9769230769230769,1.0,0.9423076923076923,0.5927850662078822,0.8694061962134251,0.8803356282271945,0.853012048192771,0,0,0,0,0,0,0,23,0.2987012987012987,49,0.9607843137254902,False,False,0.9842651170890832,1.0,1.0,1.0,1.2054229509374168,"udsr,imcts,dso,pyoperon",local_factorial,local_c0.9_i0.9_b1.2,1,0,3
0.4426229508196721,0.3825136612021858,0.1748633879781421,0.6,0.8113573907905681,0.9769230769230769,1.0,0.9423076923076923,0.5941346185873777,0.8674440619621342,0.877065404475043,0.8530120481927711,0,0,0,0,0,0,0,23,0.2987012987012987,50,1.0,False,True,0.9911408935336083,1.0,1.0,1.0,1.2820070920742808,"udsr,imcts,dso,pyoperon",local_factorial,local_c0.9_i1.0_b0.8,0,0,3
0.4331550802139038,0.37433155080213903,0.19251336898395727,0.6,0.8125571056819386,0.9769230769230769,1.0,0.9423076923076923,0.5941346185873777,0.8674440619621342,0.877065404475043,0.8530120481927711,0,0,0,0,0,0,0,23,0.2987012987012987,50,1.0,False,True,0.9911408935336083,1.0,1.0,1.0,1.2820070920742808,"udsr,imcts,dso,pyoperon",local_factorial,local_c0.9_i1.0_b0.9,0,0,3
0.42408376963350786,0.3664921465968586,0.2094240837696335,0.6,0.8137065707349268,0.9769230769230769,1.0,0.9423076923076923,0.5941346185873777,0.8674440619621342,0.877065404475043,0.8530120481927711,0,0,0,0,0,0,0,23,0.2987012987012987,50,1.0,False,True,0.9911408935336083,1.0,1.0,1.0,1.2820070920742808,"udsr,imcts,dso,pyoperon",local_factorial,local_c0.9_i1.0_b1.0,0,0,3
0.4153846153846154,0.358974358974359,0.22564102564102567,0.6,0.81480887824728,0.9769230769230769,1.0,0.9423076923076923,0.5941346185873777,0.8674440619621342,0.877065404475043,0.8530120481927711,0,0,0,0,0,0,0,23,0.2987012987012987,50,1.0,False,True,0.9911408935336083,1.0,1.0,1.0,1.2820070920742808,"udsr,imcts,dso,pyoperon",local_factorial,local_c0.9_i1.0_b1.1,0,0,3
0.407035175879397,0.3517587939698492,0.24120603015075376,0.6,0.8158668718897895,0.9769230769230769,1.0,0.9423076923076923,0.5941346185873777,0.8674440619621342,0.877065404475043,0.8530120481927711,0,0,0,0,0,0,0,23,0.2987012987012987,50,1.0,False,True,0.9911408935336083,1.0,1.0,1.0,1.2820070920742808,"udsr,imcts,dso,pyoperon",local_factorial,local_c0.9_i1.0_b1.2,0,0,3
0.4263157894736842,0.4052631578947368,0.16842105263157897,0.6,0.8033544465515032,0.9769230769230769,1.0,0.9423076923076923,0.5941346185873777,0.8674440619621342,0.877065404475043,0.8530120481927711,0,0,0,0,0,0,0,23,0.2987012987012987,50,1.0,False,True,0.9911408935336083,1.0,1.0,1.0,1.2820070920742808,"udsr,imcts,dso,pyoperon",local_factorial,local_c0.9_i1.1_b0.8,0,0,3
0.4175257731958763,0.39690721649484534,0.18556701030927836,0.6,0.8046758819207946,0.9769230769230769,1.0,0.9423076923076923,0.5941346185873777,0.8674440619621342,0.877065404475043,0.8530120481927711,0,0,0,0,0,0,0,23,0.2987012987012987,50,1.0,False,True,0.9911408935336083,1.0,1.0,1.0,1.2820070920742808,"udsr,imcts,dso,pyoperon",local_factorial,local_c0.9_i1.1_b0.9,0,0,3
0.4090909090909091,0.3888888888888889,0.20202020202020204,0.6,0.8059439259620338,0.9769230769230769,1.0,0.9423076923076923,0.5941346185873777,0.8674440619621342,0.877065404475043,0.8530120481927711,0,0,0,0,0,0,0,23,0.2987012987012987,50,1.0,False,True,0.9911408935336083,1.0,1.0,1.0,1.2820070920742808,"udsr,imcts,dso,pyoperon",local_factorial,local_c0.9_i1.1_b1.0,0,0,3
0.400990099009901,0.3811881188118812,0.21782178217821785,0.6,0.8071617504372833,0.9769230769230769,1.0,0.9423076923076923,0.5941346185873777,0.8674440619621342,0.877065404475043,0.8530120481927711,0,0,0,0,0,0,0,23,0.2987012987012987,50,1.0,False,True,0.9911408935336083,1.0,1.0,1.0,1.2820070920742808,"udsr,imcts,dso,pyoperon",local_factorial,local_c0.9_i1.1_b1.1,0,0,3
0.3932038834951456,0.3737864077669903,0.23300970873786406,0.6,0.8083322807581541,0.9769230769230769,1.0,0.9423076923076923,0.5941346185873777,0.8674440619621342,0.877065404475043,0.8530120481927711,0,0,0,0,0,0,0,23,0.2987012987012987,50,1.0,False,True,0.9911408935336083,1.0,1.0,1.0,1.2820070920742808,"udsr,imcts,dso,pyoperon",local_factorial,local_c0.9_i1.1_b1.2,0,0,3
0.41116751269035534,0.4263959390862944,0.1624365482233503,0.6,0.7959365598453456,0.9730769230769231,1.0,0.9326923076923077,0.59844622886025,0.8659621342512908,0.8746557659208261,0.8529216867469879,0,0,0,0,0,0,0,23,0.2987012987012987,49,0.9607843137254902,False,False,0.9851305957634557,1.0,1.0,1.0,1.153462171810116,"udsr,imcts,dso,pyoperon",local_factorial,local_c0.9_i1.2_b0.8,1,0,3
0.4029850746268656,0.41791044776119396,0.17910447761194032,0.6,0.7973435991181381,0.9769230769230769,1.0,0.9423076923076923,0.5941346185873777,0.8674440619621342,0.877065404475043,0.8530120481927711,0,0,0,0,0,0,0,23,0.2987012987012987,50,1.0,False,True,0.9911408935336083,1.0,1.0,1.0,1.2820070920742808,"udsr,imcts,dso,pyoperon",local_factorial,local_c0.9_i1.2_b0.9,0,0,3
0.39512195121951227,0.40975609756097564,0.19512195121951223,0.6,0.7987114130272895,0.9769230769230769,1.0,0.9423076923076923,0.5941346185873777,0.8674440619621342,0.877065404475043,0.8530120481927711,0,0,0,0,0,0,0,23,0.2987012987012987,50,1.0,False,True,0.9911408935336083,1.0,1.0,1.0,1.2820070920742808,"udsr,imcts,dso,pyoperon",local_factorial,local_c0.9_i1.2_b1.0,0,0,3
0.38755980861244027,0.4019138755980861,0.21052631578947373,0.6,0.8000268704231717,0.9769230769230769,1.0,0.9423076923076923,0.5941346185873777,0.8674440619621342,0.877065404475043,0.8530120481927711,0,0,0,0,0,0,0,23,0.2987012987012987,50,1.0,False,True,0.9911408935336083,1.0,1.0,1.0,1.2820070920742808,"udsr,imcts,dso,pyoperon",local_factorial,local_c0.9_i1.2_b1.1,0,0,3
0.3802816901408451,0.3943661971830986,0.22535211267605634,0.6,0.801301874209563,0.9730769230769231,1.0,0.9326923076923077,0.5958297221976266,0.8710077452667813,0.8799225473321858,0.8576355421686747,0,0,0,0,0,0,0,23,0.2987012987012987,49,0.9607843137254902,False,False,0.9909380164552802,1.0,1.0,1.0,1.2177060617028383,"udsr,imcts,dso,pyoperon",local_factorial,local_c0.9_i1.2_b1.2,1,0,3
0.5056179775280899,0.31460674157303364,0.17977528089887643,0.6,0.8368136266671818,0.9769230769230769,1.0,0.9423076923076923,0.5941346185873777,0.8674440619621342,0.877065404475043,0.8530120481927711,0,0,0,0,0,0,0,23,0.2987012987012987,50,1.0,False,True,0.9911408935336083,1.0,1.0,1.0,1.2820070920742808,"udsr,imcts,dso,pyoperon",local_factorial,local_c1.0_i0.8_b0.8,0,0,3
0.4945054945054945,0.30769230769230765,0.19780219780219782,0.6,0.8374868230472907,0.9769230769230769,1.0,0.9423076923076923,0.5941346185873777,0.8674440619621342,0.877065404475043,0.8530120481927711,0,0,0,0,0,0,0,23,0.2987012987012987,50,1.0,False,True,0.9911408935336083,1.0,1.0,1.0,1.2820070920742808,"udsr,imcts,dso,pyoperon",local_factorial,local_c1.0_i0.8_b0.9,0,0,3
0.48387096774193555,0.3010752688172043,0.21505376344086025,0.6,0.838146712254061,0.9769230769230769,1.0,0.9423076923076923,0.5927850662078822,0.8694061962134251,0.8803356282271945,0.853012048192771,0,0,0,0,0,0,0,23,0.2987012987012987,49,0.9607843137254902,False,False,0.9842651170890832,1.0,1.0,1.0,1.2054229509374168,"udsr,imcts,dso,pyoperon",local_factorial,local_c1.0_i0.8_b1.0,1,0,3
0.4736842105263158,0.29473684210526313,0.2315789473684211,0.6,0.8388341781998263,0.9769230769230769,1.0,0.9423076923076923,0.5874834410859088,0.8762805507745267,0.8884595524956971,0.8580120481927711,0,0,0,0,0,0,0,23,0.2987012987012987,48,0.9230769230769231,False,False,0.988894408649077,1.0,1.0,1.0,1.2900134567742725,"udsr,imcts,dso,pyoperon",local_factorial,local_c1.0_i0.8_b1.1,2,0,3
0.4639175257731959,0.28865979381443296,0.24742268041237114,0.6,0.8402686636562056,0.9807692307692307,1.0,0.9519230769230769,0.5719634582746028,0.8898528399311532,0.9029776247848537,0.8701656626506025,0,0,0,0,0,0,0,20,0.25,43,0.7543859649122807,False,False,0.9905827125176937,1.0,1.0,1.0,1.3512068869840488,"udsr,imcts,dso,pyoperon",local_factorial,local_c1.0_i0.8_b1.2,7,0,3
0.48648648648648646,0.3405405405405405,0.172972972972973,0.6,0.8276311777128109,0.9769230769230769,1.0,0.9423076923076923,0.5941346185873777,0.8674440619621342,0.877065404475043,0.8530120481927711,0,0,0,0,0,0,0,23,0.2987012987012987,50,1.0,False,True,0.9911408935336083,1.0,1.0,1.0,1.2820070920742808,"udsr,imcts,dso,pyoperon",local_factorial,local_c1.0_i0.9_b0.8,0,0,3
0.47619047619047616,0.3333333333333333,0.1904761904761905,0.6,0.8284737784376642,0.9769230769230769,1.0,0.9423076923076923,0.5941346185873777,0.8674440619621342,0.877065404475043,0.8530120481927711,0,0,0,0,0,0,0,23,0.2987012987012987,50,1.0,False,True,0.9911408935336083,1.0,1.0,1.0,1.2820070920742808,"udsr,imcts,dso,pyoperon",local_factorial,local_c1.0_i0.9_b0.9,0,0,3
0.4663212435233161,0.3264248704663213,0.2072538860103627,0.6,0.8292814527076016,0.9769230769230769,1.0,0.9423076923076923,0.5941346185873777,0.8674440619621342,0.877065404475043,0.8530120481927711,0,0,0,0,0,0,0,23,0.2987012987012987,50,1.0,False,True,0.9911408935336083,1.0,1.0,1.0,1.2820070920742808,"udsr,imcts,dso,pyoperon",local_factorial,local_c1.0_i0.9_b1.0,0,0,3
0.45685279187817257,0.31979695431472077,0.2233502538071066,0.6,0.8300629884647929,0.9769230769230769,1.0,0.9423076923076923,0.5927850662078822,0.8694061962134251,0.8803356282271945,0.853012048192771,0,0,0,0,0,0,0,23,0.2987012987012987,49,0.9607843137254902,False,False,0.9842651170890832,1.0,1.0,1.0,1.2054229509374168,"udsr,imcts,dso,pyoperon",local_factorial,local_c1.0_i0.9_b1.1,1,0,3
0.4477611940298508,0.31343283582089554,0.23880597014925375,0.6,0.830845937872726,0.9769230769230769,1.0,0.9423076923076923,0.5927850662078822,0.8694061962134251,0.8803356282271945,0.853012048192771,0,0,0,0,0,0,0,23,0.2987012987012987,49,0.9607843137254902,False,False,0.9842651170890832,1.0,1.0,1.0,1.2054229509374168,"udsr,imcts,dso,pyoperon",local_factorial,local_c1.0_i0.9_b1.2,1,0,3
0.46875,0.36458333333333326,0.16666666666666669,0.6,0.8191182823280294,0.9769230769230769,1.0,0.9423076923076923,0.5941346185873777,0.8674440619621342,0.877065404475043,0.8530120481927711,0,0,0,0,0,0,0,23,0.2987012987012987,50,1.0,False,True,0.9911408935336083,1.0,1.0,1.0,1.2820070920742808,"udsr,imcts,dso,pyoperon",local_factorial,local_c1.0_i1.0_b0.8,0,0,3
0.45918367346938777,0.35714285714285715,0.18367346938775514,0.6,0.8201045227287255,0.9769230769230769,1.0,0.9423076923076923,0.5941346185873777,0.8674440619621342,0.877065404475043,0.8530120481927711,0,0,0,0,0,0,0,23,0.2987012987012987,50,1.0,False,True,0.9911408935336083,1.0,1.0,1.0,1.2820070920742808,"udsr,imcts,dso,pyoperon",local_factorial,local_c1.0_i1.0_b0.9,0,0,3
0.44117647058823534,0.3431372549019608,0.21568627450980396,0.6,0.8219609752476826,0.9769230769230769,1.0,0.9423076923076923,0.5941346185873777,0.8674440619621342,0.877065404475043,0.8530120481927711,0,0,0,0,0,0,0,23,0.2987012987012987,50,1.0,False,True,0.9911408935336083,1.0,1.0,1.0,1.2820070920742808,"udsr,imcts,dso,pyoperon",local_factorial,local_c1.0_i1.0_b1.1,0,0,3
0.43269230769230776,0.33653846153846156,0.23076923076923078,0.6,0.8228356499921914,0.9769230769230769,1.0,0.9423076923076923,0.5941346185873777,0.8674440619621342,0.877065404475043,0.8530120481927711,0,0,0,0,0,0,0,23,0.2987012987012987,50,1.0,False,True,0.9911408935336083,1.0,1.0,1.0,1.2820070920742808,"udsr,imcts,dso,pyoperon",local_factorial,local_c1.0_i1.0_b1.2,0,0,3
0.45226130653266333,0.3869346733668342,0.16080402010050254,0.6,0.8112042841059965,0.9769230769230769,1.0,0.9423076923076923,0.5941346185873777,0.8674440619621342,0.877065404475043,0.8530120481927711,0,0,0,0,0,0,0,23,0.2987012987012987,50,1.0,False,True,0.9911408935336083,1.0,1.0,1.0,1.2820070920742808,"udsr,imcts,dso,pyoperon",local_factorial,local_c1.0_i1.1_b0.8,0,0,3
0.44334975369458124,0.37931034482758613,0.17733990147783252,0.6,0.8123124570686789,0.9769230769230769,1.0,0.9423076923076923,0.5941346185873777,0.8674440619621342,0.877065404475043,0.8530120481927711,0,0,0,0,0,0,0,23,0.2987012987012987,50,1.0,False,True,0.9911408935336083,1.0,1.0,1.0,1.2820070920742808,"udsr,imcts,dso,pyoperon",local_factorial,local_c1.0_i1.1_b0.9,0,0,3
0.4347826086956522,0.37198067632850246,0.19323671497584544,0.6,0.8133778020907749,0.9769230769230769,1.0,0.9423076923076923,0.5941346185873777,0.8674440619621342,0.877065404475043,0.8530120481927711,0,0,0,0,0,0,0,23,0.2987012987012987,50,1.0,False,True,0.9911408935336083,1.0,1.0,1.0,1.2820070920742808,"udsr,imcts,dso,pyoperon",local_factorial,local_c1.0_i1.1_b1.0,0,0,3
0.4265402843601896,0.3649289099526067,0.20853080568720384,0.6,0.8144027548845447,0.9769230769230769,1.0,0.9423076923076923,0.5941346185873777,0.8674440619621342,0.877065404475043,0.8530120481927711,0,0,0,0,0,0,0,23,0.2987012987012987,50,1.0,False,True,0.9911408935336083,1.0,1.0,1.0,1.2820070920742808,"udsr,imcts,dso,pyoperon",local_factorial,local_c1.0_i1.1_b1.1,0,0,3
0.4186046511627907,0.35813953488372097,0.22325581395348837,0.6,0.8153895698999416,0.9769230769230769,1.0,0.9423076923076923,0.5941346185873777,0.8674440619621342,0.877065404475043,0.8530120481927711,0,0,0,0,0,0,0,23,0.2987012987012987,50,1.0,False,True,0.9911408935336083,1.0,1.0,1.0,1.2820070920742808,"udsr,imcts,dso,pyoperon",local_factorial,local_c1.0_i1.1_b1.2,0,0,3
0.4368932038834951,0.4077669902912621,0.15533980582524273,0.6,0.803828130423325,0.9769230769230769,1.0,0.9423076923076923,0.5941346185873777,0.8674440619621342,0.877065404475043,0.8530120481927711,0,0,0,0,0,0,0,23,0.2987012987012987,50,1.0,False,True,0.9911408935336083,1.0,1.0,1.0,1.2820070920742808,"udsr,imcts,dso,pyoperon",local_factorial,local_c1.0_i1.2_b0.8,0,0,3
0.42857142857142855,0.39999999999999997,0.17142857142857143,0.6,0.8050398624526356,0.9769230769230769,1.0,0.9423076923076923,0.5941346185873777,0.8674440619621342,0.877065404475043,0.8530120481927711,0,0,0,0,0,0,0,23,0.2987012987012987,50,1.0,False,True,0.9911408935336083,1.0,1.0,1.0,1.2820070920742808,"udsr,imcts,dso,pyoperon",local_factorial,local_c1.0_i1.2_b0.9,0,0,3
0.4205607476635514,0.3925233644859813,0.18691588785046728,0.6,0.8062062960883272,0.9769230769230769,1.0,0.9423076923076923,0.5941346185873777,0.8674440619621342,0.877065404475043,0.8530120481927711,0,0,0,0,0,0,0,23,0.2987012987012987,50,1.0,False,True,0.9911408935336083,1.0,1.0,1.0,1.2820070920742808,"udsr,imcts,dso,pyoperon",local_factorial,local_c1.0_i1.2_b1.0,0,0,3
0.41284403669724773,0.3853211009174312,0.20183486238532114,0.6,0.8073299248199568,0.9769230769230769,1.0,0.9423076923076923,0.5941346185873777,0.8674440619621342,0.877065404475043,0.8530120481927711,0,0,0,0,0,0,0,23,0.2987012987012987,50,1.0,False,True,0.9911408935336083,1.0,1.0,1.0,1.2820070920742808,"udsr,imcts,dso,pyoperon",local_factorial,local_c1.0_i1.2_b1.1,0,0,3
0.4054054054054055,0.3783783783783784,0.21621621621621623,0.6,0.8084130624261221,0.9769230769230769,1.0,0.9423076923076923,0.5941346185873777,0.8674440619621342,0.877065404475043,0.8530120481927711,0,0,0,0,0,0,0,23,0.2987012987012987,50,1.0,False,True,0.9911408935336083,1.0,1.0,1.0,1.2820070920742808,"udsr,imcts,dso,pyoperon",local_factorial,local_c1.0_i1.2_b1.2,0,0,3
0.5294117647058824,0.2994652406417112,0.17112299465240643,0.6,0.8439742621976074,0.9846153846153847,1.0,0.9615384615384616,0.581609397507104,0.8680043029259896,0.8824870912220311,0.8462801204819277,0,0,0,0,0,0,0,19,0.2345679012345679,44,0.7857142857142857,False,False,0.9927161457359959,1.0,1.0,1.0,1.3616096950154222,"udsr,imcts,dso,pyoperon",local_factorial,local_c1.1_i0.8_b0.8,6,0,3
0.518324607329843,0.29319371727748683,0.18848167539267016,0.6,0.8441819980962653,0.9807692307692307,1.0,0.9519230769230769,0.5864814705595424,0.869434595524957,0.8796299483648882,0.8541415662650602,0,0,0,0,0,0,0,22,0.28205128205128205,48,0.9230769230769231,False,False,0.9910959944481678,1.0,1.0,1.0,1.306144298956787,"udsr,imcts,dso,pyoperon",local_factorial,local_c1.1_i0.8_b0.9,2,0,3
0.5076923076923078,0.28717948717948716,0.20512820512820518,0.6,0.8447000000948026,0.9807692307692307,1.0,0.9519230769230769,0.5864814705595424,0.869434595524957,0.8796299483648882,0.8541415662650602,0,0,0,0,0,0,0,22,0.28205128205128205,48,0.9230769230769231,False,False,0.9910959944481678,1.0,1.0,1.0,1.306144298956787,"udsr,imcts,dso,pyoperon",local_factorial,local_c1.1_i0.8_b1.0,2,0,3
0.49748743718592964,0.28140703517587934,0.22110552763819097,0.6,0.8455441663519873,0.9807692307692307,1.0,0.9519230769230769,0.5772263826172561,0.8827831325301204,0.8977108433734939,0.8603915662650602,0,0,0,0,0,0,0,21,0.26582278481012656,45,0.8181818181818182,False,False,0.9844873685928419,1.0,1.0,1.0,1.2640602422076643,"udsr,imcts,dso,pyoperon",local_factorial,local_c1.1_i0.8_b1.1,5,0,3
0.4876847290640395,0.27586206896551724,0.23645320197044334,0.6,0.8464977528385564,0.9807692307692307,1.0,0.9519230769230769,0.5719634582746028,0.8898528399311532,0.9029776247848537,0.8701656626506025,0,0,0,0,0,0,0,20,0.25,43,0.7543859649122807,False,False,0.9905827125176937,1.0,1.0,1.0,1.3512068869840488,"udsr,imcts,dso,pyoperon",local_factorial,local_c1.1_i0.8_b1.2,7,0,3
0.5103092783505154,0.32474226804123707,0.16494845360824745,0.6,0.8345570905627715,0.9769230769230769,1.0,0.9423076923076923,0.5941346185873777,0.8674440619621342,0.877065404475043,0.8530120481927711,0,0,0,0,0,0,0,23,0.2987012987012987,50,1.0,False,True,0.9911408935336083,1.0,1.0,1.0,1.2820070920742808,"udsr,imcts,dso,pyoperon",local_factorial,local_c1.1_i0.9_b0.8,0,0,3
0.5,0.3181818181818182,0.18181818181818182,0.6,0.8352214738233649,0.9769230769230769,1.0,0.9423076923076923,0.5941346185873777,0.8674440619621342,0.877065404475043,0.8530120481927711,0,0,0,0,0,0,0,23,0.2987012987012987,50,1.0,False,True,0.9911408935336083,1.0,1.0,1.0,1.2820070920742808,"udsr,imcts,dso,pyoperon",local_factorial,local_c1.1_i0.9_b0.9,0,0,3
0.49009900990099015,0.3118811881188119,0.19801980198019803,0.6,0.8358595448756176,0.9769230769230769,1.0,0.9423076923076923,0.5941346185873777,0.8674440619621342,0.877065404475043,0.8530120481927711,0,0,0,0,0,0,0,23,0.2987012987012987,50,1.0,False,True,0.9911408935336083,1.0,1.0,1.0,1.2820070920742808,"udsr,imcts,dso,pyoperon",local_factorial,local_c1.1_i0.9_b1.0,0,0,3
0.4805825242718447,0.3058252427184466,0.21359223300970875,0.6,0.8364792059217083,0.9769230769230769,1.0,0.9423076923076923,0.5927850662078822,0.8694061962134251,0.8803356282271945,0.853012048192771,0,0,0,0,0,0,0,23,0.2987012987012987,49,0.9607843137254902,False,False,0.9842651170890832,1.0,1.0,1.0,1.2054229509374168,"udsr,imcts,dso,pyoperon",local_factorial,local_c1.1_i0.9_b1.1,1,0,3
0.4714285714285715,0.3,0.22857142857142856,0.6,0.8371063866891695,0.9769230769230769,1.0,0.9423076923076923,0.5927850662078822,0.8694061962134251,0.8803356282271945,0.853012048192771,0,0,0,0,0,0,0,23,0.2987012987012987,49,0.9607843137254902,False,False,0.9842651170890832,1.0,1.0,1.0,1.2054229509374168,"udsr,imcts,dso,pyoperon",local_factorial,local_c1.1_i0.9_b1.2,1,0,3
0.4925373134328359,0.3482587064676617,0.15920398009950254,0.6,0.826184168653181,0.9769230769230769,1.0,0.9423076923076923,0.5941346185873777,0.8674440619621342,0.877065404475043,0.8530120481927711,0,0,0,0,0,0,0,23,0.2987012987012987,50,1.0,False,True,0.9911408935336083,1.0,1.0,1.0,1.2820070920742808,"udsr,imcts,dso,pyoperon",local_factorial,local_c1.1_i1.0_b0.8,0,0,3
0.4829268292682928,0.34146341463414637,0.17560975609756102,0.6,0.8269892397421362,0.9769230769230769,1.0,0.9423076923076923,0.5941346185873777,0.8674440619621342,0.877065404475043,0.8530120481927711,0,0,0,0,0,0,0,23,0.2987012987012987,50,1.0,False,True,0.9911408935336083,1.0,1.0,1.0,1.2820070920742808,"udsr,imcts,dso,pyoperon",local_factorial,local_c1.1_i1.0_b0.9,0,0,3
0.47368421052631576,0.33492822966507174,0.1913875598086124,0.6,0.8277634947128536,0.9769230769230769,1.0,0.9423076923076923,0.5941346185873777,0.8674440619621342,0.877065404475043,0.8530120481927711,0,0,0,0,0,0,0,23,0.2987012987012987,50,1.0,False,True,0.9911408935336083,1.0,1.0,1.0,1.2820070920742808,"udsr,imcts,dso,pyoperon",local_factorial,local_c1.1_i1.0_b1.0,0,0,3
0.46478873239436624,0.32863849765258213,0.20657276995305168,0.6,0.8285086696846713,0.9769230769230769,1.0,0.9423076923076923,0.5941346185873777,0.8674440619621342,0.877065404475043,0.8530120481927711,0,0,0,0,0,0,0,23,0.2987012987012987,50,1.0,False,True,0.9911408935336083,1.0,1.0,1.0,1.2820070920742808,"udsr,imcts,dso,pyoperon",local_factorial,local_c1.1_i1.0_b1.1,0,0,3
0.4562211981566821,0.3225806451612903,0.22119815668202764,0.6,0.8292263727681267,0.9769230769230769,1.0,0.9423076923076923,0.5941346185873777,0.8674440619621342,0.877065404475043,0.8530120481927711,0,0,0,0,0,0,0,23,0.2987012987012987,50,1.0,False,True,0.9911408935336083,1.0,1.0,1.0,1.2820070920742808,"udsr,imcts,dso,pyoperon",local_factorial,local_c1.1_i1.0_b1.2,0,0,3
0.4759615384615384,0.37019230769230765,0.15384615384615385,0.6,0.8183748087951971,0.9769230769230769,1.0,0.9423076923076923,0.5941346185873777,0.8674440619621342,0.877065404475043,0.8530120481927711,0,0,0,0,0,0,0,23,0.2987012987012987,50,1.0,False,True,0.9911408935336083,1.0,1.0,1.0,1.2820070920742808,"udsr,imcts,dso,pyoperon",local_factorial,local_c1.1_i1.1_b0.8,0,0,3
0.4669811320754717,0.3632075471698113,0.169811320754717,0.6,0.819300643760611,0.9769230769230769,1.0,0.9423076923076923,0.5941346185873777,0.8674440619621342,0.877065404475043,0.8530120481927711,0,0,0,0,0,0,0,23,0.2987012987012987,50,1.0,False,True,0.9911408935336083,1.0,1.0,1.0,1.2820070920742808,"udsr,imcts,dso,pyoperon",local_factorial,local_c1.1_i1.1_b0.9,0,0,3
0.45833333333333337,0.35648148148148145,0.18518518518518517,0.6,0.8201921885421206,0.9769230769230769,1.0,0.9423076923076923,0.5941346185873777,0.8674440619621342,0.877065404475043,0.8530120481927711,0,0,0,0,0,0,0,23,0.2987012987012987,50,1.0,False,True,0.9911408935336083,1.0,1.0,1.0,1.2820070920742808,"udsr,imcts,dso,pyoperon",local_factorial,local_c1.1_i1.1_b1.0,0,0,3
0.4419642857142857,0.34375,0.21428571428571425,0.6,0.8218797554499783,0.9769230769230769,1.0,0.9423076923076923,0.5941346185873777,0.8674440619621342,0.877065404475043,0.8530120481927711,0,0,0,0,0,0,0,23,0.2987012987012987,50,1.0,False,True,0.9911408935336083,1.0,1.0,1.0,1.2820070920742808,"udsr,imcts,dso,pyoperon",local_factorial,local_c1.1_i1.1_b1.2,0,0,3
0.4604651162790698,0.39069767441860465,0.1488372093023256,0.6,0.8110739653930821,0.9769230769230769,1.0,0.9423076923076923,0.5941346185873777,0.8674440619621342,0.877065404475043,0.8530120481927711,0,0,0,0,0,0,0,23,0.2987012987012987,50,1.0,False,True,0.9911408935336083,1.0,1.0,1.0,1.2820070920742808,"udsr,imcts,dso,pyoperon",local_factorial,local_c1.1_i1.2_b0.8,0,0,3
0.452054794520548,0.3835616438356164,0.16438356164383564,0.6,0.8121035561979962,0.9769230769230769,1.0,0.9423076923076923,0.5941346185873777,0.8674440619621342,0.877065404475043,0.8530120481927711,0,0,0,0,0,0,0,23,0.2987012987012987,50,1.0,False,True,0.9911408935336083,1.0,1.0,1.0,1.2820070920742808,"udsr,imcts,dso,pyoperon",local_factorial,local_c1.1_i1.2_b0.9,0,0,3
0.44394618834080724,0.37668161434977576,0.17937219730941706,0.6,0.8130962110099091,0.9769230769230769,1.0,0.9423076923076923,0.5941346185873777,0.8674440619621342,0.877065404475043,0.8530120481927711,0,0,0,0,0,0,0,23,0.2987012987012987,50,1.0,False,True,0.9911408935336083,1.0,1.0,1.0,1.2820070920742808,"udsr,imcts,dso,pyoperon",local_factorial,local_c1.1_i1.2_b1.0,0,0,3
0.4361233480176212,0.3700440528634361,0.19383259911894277,0.6,0.8140538823923271,0.9769230769230769,1.0,0.9423076923076923,0.5941346185873777,0.8674440619621342,0.877065404475043,0.8530120481927711,0,0,0,0,0,0,0,23,0.2987012987012987,50,1.0,False,True,0.9911408935336083,1.0,1.0,1.0,1.2820070920742808,"udsr,imcts,dso,pyoperon",local_factorial,local_c1.1_i1.2_b1.1,0,0,3
0.42857142857142866,0.36363636363636365,0.2077922077922078,0.6,0.8149783876662632,0.9769230769230769,1.0,0.9423076923076923,0.5941346185873777,0.8674440619621342,0.877065404475043,0.8530120481927711,0,0,0,0,0,0,0,23,0.2987012987012987,50,1.0,False,True,0.9911408935336083,1.0,1.0,1.0,1.2820070920742808,"udsr,imcts,dso,pyoperon",local_factorial,local_c1.1_i1.2_b1.2,0,0,3
0.5510204081632654,0.2857142857142857,0.16326530612244902,0.6,0.8504322729208728,0.9846153846153847,1.0,0.9615384615384616,0.581609397507104,0.8680043029259896,0.8824870912220311,0.8462801204819277,0,0,0,0,0,0,0,19,0.2345679012345679,44,0.7857142857142857,False,False,0.9927161457359959,1.0,1.0,1.0,1.3616096950154222,"udsr,imcts,dso,pyoperon",local_factorial,local_c1.2_i0.8_b0.8,6,0,3
0.54,0.27999999999999997,0.18000000000000002,0.6,0.85078676495582,0.9846153846153847,1.0,0.9615384615384616,0.5812452032831363,0.8685877796901893,0.8834595524956972,0.8462801204819277,0,0,0,0,0,0,0,19,0.2345679012345679,46,0.8518518518518519,False,False,0.9928020150639728,1.0,1.0,1.0,1.3044666046486455,"udsr,imcts,dso,pyoperon",local_factorial,local_c1.2_i0.8_b0.9,4,0,3
0.5294117647058824,0.2745098039215686,0.19607843137254902,0.6,0.8511483051966827,0.9846153846153847,1.0,0.9615384615384616,0.5807823817090444,0.8692994836488812,0.8824870912220311,0.8495180722891567,0,0,0,0,0,0,0,19,0.2345679012345679,44,0.7857142857142857,False,False,0.9926401418501738,1.0,1.0,1.0,1.3537331021824854,"udsr,imcts,dso,pyoperon",local_factorial,local_c1.2_i0.8_b1.0,6,0,3
0.5192307692307693,0.2692307692307692,0.21153846153846156,0.6,0.8513952508700413,0.9807692307692307,1.0,0.9519230769230769,0.5772263826172561,0.8827831325301204,0.8977108433734939,0.8603915662650602,0,0,0,0,0,0,0,21,0.26582278481012656,45,0.8181818181818182,False,False,0.9844873685928419,1.0,1.0,1.0,1.2640602422076643,"udsr,imcts,dso,pyoperon",local_factorial,local_c1.2_i0.8_b1.1,5,0,3
0.509433962264151,0.2641509433962264,0.22641509433962265,0.6,0.8521979570903304,0.9807692307692307,1.0,0.9519230769230769,0.5719634582746028,0.8898528399311532,0.9029776247848537,0.8701656626506025,0,0,0,0,0,0,0,20,0.25,43,0.7543859649122807,False,False,0.9905827125176937,1.0,1.0,1.0,1.3512068869840488,"udsr,imcts,dso,pyoperon",local_factorial,local_c1.2_i0.8_b1.2,7,0,3
0.5320197044334976,0.31034482758620685,0.15763546798029557,0.6,0.84121381746971,0.9807692307692307,1.0,0.9519230769230769,0.5892427828735982,0.8662822719449226,0.880370051635112,0.8451506024096385,0,0,0,0,0,0,0,20,0.25,47,0.8867924528301887,False,False,0.9923853374874397,1.0,1.0,1.0,1.2787579149419102,"udsr,imcts,dso,pyoperon",local_factorial,local_c1.2_i0.9_b0.8,3,0,3
0.5217391304347826,0.3043478260869565,0.17391304347826086,0.6,0.8413824130885696,0.9769230769230769,1.0,0.9423076923076923,0.5941346185873777,0.8674440619621342,0.877065404475043,0.8530120481927711,0,0,0,0,0,0,0,23,0.2987012987012987,50,1.0,False,True,0.9911408935336083,1.0,1.0,1.0,1.2820070920742808,"udsr,imcts,dso,pyoperon",local_factorial,local_c1.2_i0.9_b0.9,0,0,3
0.5118483412322276,0.29857819905213273,0.18957345971563982,0.6,0.8419374094280871,0.9807692307692307,1.0,0.9519230769230769,0.5864814705595424,0.869434595524957,0.8796299483648882,0.8541415662650602,0,0,0,0,0,0,0,22,0.28205128205128205,48,0.9230769230769231,False,False,0.9910959944481678,1.0,1.0,1.0,1.306144298956787,"udsr,imcts,dso,pyoperon",local_factorial,local_c1.2_i0.9_b1.0,2,0,3
0.5023255813953489,0.2930232558139535,0.2046511627906977,0.6,0.8424489849833777,0.9807692307692307,1.0,0.9519230769230769,0.5864814705595424,0.869434595524957,0.8796299483648882,0.8541415662650602,0,0,0,0,0,0,0,22,0.28205128205128205,48,0.9230769230769231,False,False,0.9910959944481678,1.0,1.0,1.0,1.306144298956787,"udsr,imcts,dso,pyoperon",local_factorial,local_c1.2_i0.9_b1.1,2,0,3
0.4931506849315069,0.2876712328767123,0.2191780821917808,0.6,0.8429536546574959,0.9807692307692307,1.0,0.9519230769230769,0.5847874866174202,0.8717117039586919,0.8834251290877797,0.8541415662650601,0,0,0,0,0,0,0,22,0.28205128205128205,48,0.9230769230769231,False,False,0.9837694608162091,1.0,1.0,1.0,1.2311316406441515,"udsr,imcts,dso,pyoperon",local_factorial,local_c1.2_i0.9_b1.2,2,0,3
0.5142857142857143,0.3333333333333333,0.1523809523809524,0.6,0.8326444075790336,0.9769230769230769,1.0,0.9423076923076923,0.5941346185873777,0.8674440619621342,0.877065404475043,0.8530120481927711,0,0,0,0,0,0,0,23,0.2987012987012987,50,1.0,False,True,0.9911408935336083,1.0,1.0,1.0,1.2820070920742808,"udsr,imcts,dso,pyoperon",local_factorial,local_c1.2_i1.0_b0.8,0,0,3
0.5046728971962617,0.32710280373831774,0.16822429906542058,0.6,0.8332948684086242,0.9769230769230769,1.0,0.9423076923076923,0.5941346185873777,0.8674440619621342,0.877065404475043,0.8530120481927711,0,0,0,0,0,0,0,23,0.2987012987012987,50,1.0,False,True,0.9911408935336083,1.0,1.0,1.0,1.2820070920742808,"udsr,imcts,dso,pyoperon",local_factorial,local_c1.2_i1.0_b0.9,0,0,3
0.4954128440366972,0.3211009174311926,0.1834862385321101,0.6,0.833921459116028,0.9769230769230769,1.0,0.9423076923076923,0.5941346185873777,0.8674440619621342,0.877065404475043,0.8530120481927711,0,0,0,0,0,0,0,23,0.2987012987012987,50,1.0,False,True,0.9911408935336083,1.0,1.0,1.0,1.2820070920742808,"udsr,imcts,dso,pyoperon",local_factorial,local_c1.2_i1.0_b1.0,0,0,3
0.4864864864864865,0.3153153153153153,0.19819819819819823,0.6,0.8345254699781202,0.9769230769230769,1.0,0.9423076923076923,0.5941346185873777,0.8674440619621342,0.877065404475043,0.8530120481927711,0,0,0,0,0,0,0,23,0.2987012987012987,50,1.0,False,True,0.9911408935336083,1.0,1.0,1.0,1.2820070920742808,"udsr,imcts,dso,pyoperon",local_factorial,local_c1.2_i1.0_b1.1,0,0,3
0.47787610619469023,0.3097345132743362,0.21238938053097342,0.6,0.8351080999247397,0.9769230769230769,1.0,0.9423076923076923,0.5941346185873777,0.8674440619621342,0.877065404475043,0.8530120481927711,0,0,0,0,0,0,0,23,0.2987012987012987,50,1.0,False,True,0.9911408935336083,1.0,1.0,1.0,1.2820070920742808,"udsr,imcts,dso,pyoperon",local_factorial,local_c1.2_i1.0_b1.2,0,0,3
0.4976958525345623,0.3548387096774194,0.14746543778801846,0.6,0.8249505434180124,0.9769230769230769,1.0,0.9423076923076923,0.5941346185873777,0.8674440619621342,0.877065404475043,0.8530120481927711,0,0,0,0,0,0,0,23,0.2987012987012987,50,1.0,False,True,0.9911408935336083,1.0,1.0,1.0,1.2820070920742808,"udsr,imcts,dso,pyoperon",local_factorial,local_c1.2_i1.1_b0.8,0,0,3
0.4886877828054298,0.34841628959276016,0.16289592760180996,0.6,0.8257196568758244,0.9769230769230769,1.0,0.9423076923076923,0.5941346185873777,0.8674440619621342,0.877065404475043,0.8530120481927711,0,0,0,0,0,0,0,23,0.2987012987012987,50,1.0,False,True,0.9911408935336083,1.0,1.0,1.0,1.2820070920742808,"udsr,imcts,dso,pyoperon",local_factorial,local_c1.2_i1.1_b0.9,0,0,3
0.48000000000000004,0.3422222222222222,0.17777777777777778,0.6,0.8264614240773589,0.9769230769230769,1.0,0.9423076923076923,0.5941346185873777,0.8674440619621342,0.877065404475043,0.8530120481927711,0,0,0,0,0,0,0,23,0.2987012987012987,50,1.0,False,True,0.9911408935336083,1.0,1.0,1.0,1.2820070920742808,"udsr,imcts,dso,pyoperon",local_factorial,local_c1.2_i1.1_b1.0,0,0,3
0.4716157205240175,0.33624454148471616,0.1921397379912664,0.6,0.8271772780142109,0.9769230769230769,1.0,0.9423076923076923,0.5941346185873777,0.8674440619621342,0.877065404475043,0.8530120481927711,0,0,0,0,0,0,0,23,0.2987012987012987,50,1.0,False,True,0.9911408935336083,1.0,1.0,1.0,1.2820070920742808,"udsr,imcts,dso,pyoperon",local_factorial,local_c1.2_i1.1_b1.1,0,0,3
0.46351931330472107,0.33047210300429186,0.20600858369098712,0.6,0.8278685532751195,0.9769230769230769,1.0,0.9423076923076923,0.5941346185873777,0.8674440619621342,0.877065404475043,0.8530120481927711,0,0,0,0,0,0,0,23,0.2987012987012987,50,1.0,False,True,0.9911408935336083,1.0,1.0,1.0,1.2820070920742808,"udsr,imcts,dso,pyoperon",local_factorial,local_c1.2_i1.1_b1.2,0,0,3
0.48214285714285715,0.37499999999999994,0.14285714285714288,0.6,0.817737545767055,0.9769230769230769,1.0,0.9423076923076923,0.5941346185873777,0.8674440619621342,0.877065404475043,0.8530120481927711,0,0,0,0,0,0,0,23,0.2987012987012987,50,1.0,False,True,0.9911408935336083,1.0,1.0,1.0,1.2820070920742808,"udsr,imcts,dso,pyoperon",local_factorial,local_c1.2_i1.2_b0.8,0,0,3
0.47368421052631576,0.3684210526315789,0.15789473684210525,0.6,0.8186095899108283,0.9769230769230769,1.0,0.9423076923076923,0.5941346185873777,0.8674440619621342,0.877065404475043,0.8530120481927711,0,0,0,0,0,0,0,23,0.2987012987012987,50,1.0,False,True,0.9911408935336083,1.0,1.0,1.0,1.2820070920742808,"udsr,imcts,dso,pyoperon",local_factorial,local_c1.2_i1.2_b0.9,0,0,3
0.4655172413793104,0.3620689655172414,0.1724137931034483,0.6,0.8194515635668854,0.9769230769230769,1.0,0.9423076923076923,0.5941346185873777,0.8674440619621342,0.877065404475043,0.8530120481927711,0,0,0,0,0,0,0,23,0.2987012987012987,50,1.0,False,True,0.9911408935336083,1.0,1.0,1.0,1.2820070920742808,"udsr,imcts,dso,pyoperon",local_factorial,local_c1.2_i1.2_b1.0,0,0,3
0.45762711864406785,0.3559322033898305,0.18644067796610173,0.6,0.8202649957430761,0.9769230769230769,1.0,0.9423076923076923,0.5941346185873777,0.8674440619621342,0.877065404475043,0.8530120481927711,0,0,0,0,0,0,0,23,0.2987012987012987,50,1.0,False,True,0.9911408935336083,1.0,1.0,1.0,1.2820070920742808,"udsr,imcts,dso,pyoperon",local_factorial,local_c1.2_i1.2_b1.1,0,0,3
