label,tree_weight,sof1_weight,var_weight,op_weight,nonexact_cap,tree_share,score_pearson,rank_spearman,kendall_tau_b,pairwise_concordant,pairwise_total,pairwise_agreement,mean_abs_score_change,max_abs_score_change,max_abs_rank_shift,exact_rank_match,top1,top1_unchanged,top3_overlap,top3_set_unchanged,ranking
tree_share_sweep_fixed_cap_0.5,0.0,0.5,0.25,0.25,0.5,0.0,0.9665029292188668,0.9440559440559441,0.8181818181818182,60,66,0.9090909090909091,16.594553512380834,21.18051881451881,2.0,False,udsr,False,3,True,udsr>imcts>pysr>dso>drsr>llmsr>ragsr>gplearn>qlattice>tpsr>e2esr>pyoperon
tree_share_sweep_fixed_cap_0.5,0.005,0.495,0.2475,0.2475,0.5,0.01,0.9678098536016893,0.951048951048951,0.8484848484848485,61,66,0.9242424242424242,16.31797762050782,20.827510167610168,2.0,False,imcts,False,3,True,imcts>udsr>pysr>dso>drsr>llmsr>ragsr>gplearn>qlattice>tpsr>e2esr>pyoperon
tree_share_sweep_fixed_cap_0.5,0.01,0.49,0.245,0.245,0.5,0.02,0.969084183927521,0.965034965034965,0.8787878787878788,62,66,0.9393939393939394,16.041401728634806,20.47450152070152,2.0,False,imcts,False,3,True,imcts>pysr>udsr>dso>drsr>llmsr>ragsr>gplearn>qlattice>tpsr>e2esr>pyoperon
tree_share_sweep_fixed_cap_0.5,0.015,0.485,0.2425,0.2425,0.5,0.03,0.9703263013249733,0.965034965034965,0.8787878787878788,62,66,0.9393939393939394,15.76482583676179,20.12149287379287,2.0,False,imcts,False,3,True,imcts>pysr>udsr>dso>drsr>llmsr>ragsr>gplearn>qlattice>tpsr>e2esr>pyoperon
tree_share_sweep_fixed_cap_0.5,0.02,0.48,0.24,0.24,0.5,0.04,0.9715365884021283,0.972027972027972,0.9090909090909091,63,66,0.9545454545454546,15.488249944888778,19.768484226884222,2.0,False,pysr,True,3,True,pysr>imcts>udsr>dso>drsr>llmsr>ragsr>gplearn>qlattice>tpsr>e2esr>pyoperon
tree_share_sweep_fixed_cap_0.5,0.025,0.475,0.2375,0.2375,0.5,0.05,0.9727154290078452,0.972027972027972,0.9090909090909091,63,66,0.9545454545454546,15.211674053015763,19.415475579975574,2.0,False,pysr,True,3,True,pysr>imcts>udsr>dso>drsr>llmsr>ragsr>gplearn>qlattice>tpsr>e2esr>pyoperon
tree_share_sweep_fixed_cap_0.5,0.03,0.47,0.235,0.235,0.5,0.06,0.9738632079994828,0.9790209790209791,0.9393939393939394,64,66,0.9696969696969697,14.935098161142749,19.062466933066926,2.0,False,pysr,True,3,True,pysr>imcts>udsr>dso>llmsr>drsr>ragsr>gplearn>qlattice>tpsr>e2esr>pyoperon
tree_share_sweep_fixed_cap_0.5,0.035,0.465,0.2325,0.2325,0.5,0.07,0.9749803110170798,0.9790209790209791,0.9393939393939394,64,66,0.9696969696969697,14.658522269269735,18.709458286158284,2.0,False,pysr,True,3,True,pysr>imcts>udsr>dso>llmsr>drsr>ragsr>gplearn>qlattice>tpsr>e2esr>pyoperon
tree_share_sweep_fixed_cap_0.5,0.04,0.46,0.23,0.23,0.5,0.08,0.9760671242640195,0.9790209790209791,0.9393939393939394,64,66,0.9696969696969697,14.381946377396723,18.356449639249636,2.0,False,pysr,True,3,True,pysr>imcts>udsr>dso>llmsr>drsr>ragsr>gplearn>qlattice>tpsr>e2esr>pyoperon
tree_share_sweep_fixed_cap_0.5,0.045,0.455,0.2275,0.2275,0.5,0.09,0.9771240342941937,0.9790209790209791,0.9393939393939394,64,66,0.9696969696969697,14.10537048552371,18.003440992340995,2.0,False,pysr,True,3,True,pysr>imcts>udsr>dso>llmsr>drsr>ragsr>gplearn>qlattice>tpsr>e2esr>pyoperon
tree_share_sweep_fixed_cap_0.5,0.05,0.45,0.225,0.225,0.5,0.1,0.9781514278056693,0.9790209790209791,0.9393939393939394,64,66,0.9696969696969697,13.828794593650695,17.650432345432346,2.0,False,pysr,True,3,True,pysr>imcts>udsr>dso>llmsr>drsr>ragsr>gplearn>qlattice>tpsr>e2esr>pyoperon
tree_share_sweep_fixed_cap_0.5,0.055,0.445,0.2225,0.2225,0.5,0.11,0.9791496914408542,0.9790209790209791,0.9393939393939394,64,66,0.9696969696969697,13.552218701777681,17.297423698523698,2.0,False,pysr,True,3,True,pysr>imcts>udsr>dso>llmsr>drsr>ragsr>gplearn>qlattice>tpsr>e2esr>pyoperon
tree_share_sweep_fixed_cap_0.5,0.06,0.44,0.22,0.22,0.5,0.12,0.9801192115931441,0.9790209790209791,0.9393939393939394,64,66,0.9696969696969697,13.275642809904667,16.94441505161505,2.0,False,pysr,True,3,True,pysr>imcts>udsr>dso>llmsr>drsr>ragsr>gplearn>qlattice>tpsr>e2esr>pyoperon
tree_share_sweep_fixed_cap_0.5,0.065,0.435,0.2175,0.2175,0.5,0.13,0.9810603742200292,0.9790209790209791,0.9393939393939394,64,66,0.9696969696969697,12.999066918031653,16.5914064047064,2.0,False,pysr,True,3,True,pysr>imcts>udsr>dso>llmsr>drsr>ragsr>gplearn>qlattice>tpsr>e2esr>pyoperon
tree_share_sweep_fixed_cap_0.5,0.07,0.43,0.215,0.215,0.5,0.14,0.9819735646626191,0.9790209790209791,0.9393939393939394,64,66,0.9696969696969697,12.722491026158638,16.238397757797756,2.0,False,pysr,True,3,True,pysr>imcts>udsr>dso>llmsr>drsr>ragsr>gplearn>qlattice>tpsr>e2esr>pyoperon
tree_share_sweep_fixed_cap_0.5,0.075,0.425,0.2125,0.2125,0.5,0.15,0.982859167471552,0.993006993006993,0.9696969696969697,65,66,0.9848484848484849,12.445915134285626,15.885389110889108,1.0,False,pysr,True,3,True,pysr>imcts>udsr>dso>llmsr>drsr>gplearn>ragsr>qlattice>tpsr>e2esr>pyoperon
tree_share_sweep_fixed_cap_0.5,0.08,0.42,0.21,0.21,0.5,0.16,0.9837175662392332,0.993006993006993,0.9696969696969697,65,66,0.9848484848484849,12.169339242412612,15.532380463980463,1.0,False,pysr,True,3,True,pysr>imcts>udsr>dso>llmsr>drsr>gplearn>ragsr>qlattice>tpsr>e2esr>pyoperon
tree_share_sweep_fixed_cap_0.5,0.085,0.415,0.2075,0.2075,0.5,0.17,0.9845491434383498,0.993006993006993,0.9696969696969697,65,66,0.9848484848484849,11.892763350539596,15.179371817071814,1.0,False,pysr,True,3,True,pysr>imcts>udsr>dso>llmsr>drsr>gplearn>ragsr>qlattice>tpsr>e2esr>pyoperon
tree_share_sweep_fixed_cap_0.5,0.09,0.41,0.205,0.205,0.5,0.18,0.9853542802665862,0.993006993006993,0.9696969696969697,65,66,0.9848484848484849,11.616187458666584,14.82636317016317,1.0,False,pysr,True,3,True,pysr>imcts>udsr>dso>llmsr>drsr>gplearn>ragsr>qlattice>tpsr>e2esr>pyoperon
tree_share_sweep_fixed_cap_0.5,0.095,0.405,0.2025,0.2025,0.5,0.19,0.9861333564974849,0.993006993006993,0.9696969696969697,65,66,0.9848484848484849,11.339611566793572,14.473354523254525,1.0,False,pysr,True,3,True,pysr>imcts>udsr>dso>llmsr>drsr>gplearn>ragsr>qlattice>tpsr>e2esr>pyoperon
tree_share_sweep_fixed_cap_0.5,0.1,0.4,0.2,0.2,0.5,0.2,0.9868867503373662,0.993006993006993,0.9696969696969697,65,66,0.9848484848484849,11.063035674920558,14.120345876345876,1.0,False,pysr,True,3,True,pysr>imcts>udsr>dso>llmsr>drsr>gplearn>ragsr>qlattice>tpsr>e2esr>pyoperon
tree_share_sweep_fixed_cap_0.5,0.105,0.395,0.1975,0.1975,0.5,0.21,0.9876148382882238,0.993006993006993,0.9696969696969697,65,66,0.9848484848484849,10.786459783047542,13.767337229437228,1.0,False,pysr,True,3,True,pysr>imcts>udsr>dso>llmsr>drsr>gplearn>ragsr>qlattice>tpsr>e2esr>pyoperon
tree_share_sweep_fixed_cap_0.5,0.11,0.39,0.195,0.195,0.5,0.22,0.9883179950165131,0.993006993006993,0.9696969696969697,65,66,0.9848484848484849,10.509883891174528,13.414328582528583,1.0,False,pysr,True,3,True,pysr>imcts>udsr>dso>llmsr>drsr>gplearn>ragsr>qlattice>tpsr>e2esr>pyoperon
tree_share_sweep_fixed_cap_0.5,0.115,0.385,0.1925,0.1925,0.5,0.23,0.9889965932277404,0.993006993006993,0.9696969696969697,65,66,0.9848484848484849,10.233307999301514,13.061319935619935,1.0,False,pysr,True,3,True,pysr>imcts>udsr>dso>llmsr>drsr>gplearn>ragsr>qlattice>tpsr>e2esr>pyoperon
tree_share_sweep_fixed_cap_0.5,0.12,0.38,0.19,0.19,0.5,0.24,0.9896510035467516,0.993006993006993,0.9696969696969697,65,66,0.9848484848484849,9.956732107428499,12.708311288711286,1.0,False,pysr,True,3,True,pysr>imcts>udsr>dso>llmsr>drsr>gplearn>ragsr>qlattice>tpsr>e2esr>pyoperon
tree_share_sweep_fixed_cap_0.5,0.125,0.375,0.1875,0.1875,0.5,0.25,0.9902815944036245,1.0,1.0,66,66,1.0,9.680156215555487,12.355302641802641,0.0,True,pysr,True,3,True,pysr>imcts>udsr>dso>llmsr>drsr>gplearn>qlattice>ragsr>tpsr>e2esr>pyoperon
tree_share_sweep_fixed_cap_0.5,0.13,0.37,0.185,0.185,0.5,0.26,0.9908887319250628,1.0,1.0,66,66,1.0,9.403580323682473,12.002293994893993,0.0,True,pysr,True,3,True,pysr>imcts>udsr>dso>llmsr>drsr>gplearn>qlattice>ragsr>tpsr>e2esr>pyoperon
tree_share_sweep_fixed_cap_0.5,0.135,0.365,0.1825,0.1825,0.5,0.27,0.9914727798311777,1.0,1.0,66,66,1.0,9.127004431809459,11.649285347985344,0.0,True,pysr,True,3,True,pysr>imcts>udsr>dso>llmsr>drsr>gplearn>qlattice>ragsr>tpsr>e2esr>pyoperon
tree_share_sweep_fixed_cap_0.5,0.14,0.36,0.18,0.18,0.5,0.28,0.9920340993375557,1.0,1.0,66,66,1.0,8.850428539936445,11.2962767010767,0.0,True,pysr,True,3,True,pysr>imcts>udsr>dso>llmsr>drsr>gplearn>qlattice>ragsr>tpsr>e2esr>pyoperon
tree_share_sweep_fixed_cap_0.5,0.145,0.355,0.1775,0.1775,0.5,0.29,0.9925730490624961,1.0,1.0,66,66,1.0,8.57385264806343,10.943268054168051,0.0,True,pysr,True,3,True,pysr>imcts>udsr>dso>llmsr>drsr>gplearn>qlattice>ragsr>tpsr>e2esr>pyoperon
tree_share_sweep_fixed_cap_0.5,0.15,0.35,0.175,0.175,0.5,0.3,0.9930899849393071,1.0,1.0,66,66,1.0,8.297276756190415,10.590259407259403,0.0,True,pysr,True,3,True,pysr>imcts>udsr>dso>llmsr>drsr>gplearn>qlattice>ragsr>tpsr>e2esr>pyoperon
tree_share_sweep_fixed_cap_0.5,0.155,0.345,0.1725,0.1725,0.5,0.31,0.9935852601335403,1.0,1.0,66,66,1.0,8.020700864317401,10.237250760350758,0.0,True,pysr,True,3,True,pysr>imcts>udsr>dso>llmsr>drsr>gplearn>qlattice>ragsr>tpsr>e2esr>pyoperon
tree_share_sweep_fixed_cap_0.5,0.16,0.34,0.17,0.17,0.5,0.32,0.9940592249650535,1.0,1.0,66,66,1.0,7.744124972444387,9.88424211344211,0.0,True,pysr,True,3,True,pysr>imcts>udsr>dso>llmsr>drsr>gplearn>qlattice>ragsr>tpsr>e2esr>pyoperon
tree_share_sweep_fixed_cap_0.5,0.165,0.335,0.1675,0.1675,0.5,0.33,0.9945122268347776,1.0,1.0,66,66,1.0,7.467549080571373,9.531233466533461,0.0,True,pysr,True,3,True,pysr>imcts>udsr>dso>llmsr>drsr>gplearn>qlattice>ragsr>tpsr>e2esr>pyoperon
tree_share_sweep_fixed_cap_0.5,0.17,0.33,0.165,0.165,0.5,0.34,0.9949446101560712,1.0,1.0,66,66,1.0,7.190973188698359,9.178224819624816,0.0,True,pysr,True,3,True,pysr>imcts>udsr>dso>llmsr>drsr>gplearn>qlattice>ragsr>tpsr>e2esr>pyoperon
tree_share_sweep_fixed_cap_0.5,0.175,0.325,0.1625,0.1625,0.5,0.35,0.9953567162905422,1.0,1.0,66,66,1.0,6.9143972968253475,8.825216172716171,0.0,True,pysr,True,3,True,pysr>imcts>udsr>dso>llmsr>drsr>gplearn>qlattice>ragsr>tpsr>e2esr>pyoperon
tree_share_sweep_fixed_cap_0.5,0.18,0.32,0.16,0.16,0.5,0.36,0.9957488834882179,1.0,1.0,66,66,1.0,6.6378214049523345,8.472207525807523,0.0,True,pysr,True,3,True,pysr>imcts>udsr>dso>llmsr>drsr>gplearn>qlattice>ragsr>tpsr>e2esr>pyoperon
tree_share_sweep_fixed_cap_0.5,0.185,0.315,0.1575,0.1575,0.5,0.37,0.99612144683194,1.0,1.0,66,66,1.0,6.361245513079319,8.119198878898878,0.0,True,pysr,True,3,True,pysr>imcts>udsr>dso>llmsr>drsr>gplearn>qlattice>ragsr>tpsr>e2esr>pyoperon
tree_share_sweep_fixed_cap_0.5,0.19,0.31,0.155,0.155,0.5,0.38,0.9964747381858702,1.0,1.0,66,66,1.0,6.084669621206305,7.76619023199023,0.0,True,pysr,True,3,True,pysr>imcts>udsr>dso>llmsr>drsr>gplearn>qlattice>ragsr>tpsr>e2esr>pyoperon
tree_share_sweep_fixed_cap_0.5,0.195,0.305,0.1525,0.1525,0.5,0.39,0.9968090861479779,1.0,1.0,66,66,1.0,5.80809372933329,7.413181585081581,0.0,True,pysr,True,3,True,pysr>imcts>udsr>dso>llmsr>drsr>gplearn>qlattice>ragsr>tpsr>e2esr>pyoperon
tree_share_sweep_fixed_cap_0.5,0.2,0.3,0.15,0.15,0.5,0.4,0.9971248160064001,1.0,1.0,66,66,1.0,5.531517837460278,7.060172938172936,0.0,True,pysr,True,3,True,pysr>imcts>udsr>dso>llmsr>drsr>gplearn>qlattice>ragsr>tpsr>e2esr>pyoperon
tree_share_sweep_fixed_cap_0.5,0.205,0.295,0.1475,0.1475,0.5,0.41,0.9974222496995456,1.0,1.0,66,66,1.0,5.254941945587266,6.7071642912642915,0.0,True,pysr,True,3,True,pysr>imcts>udsr>dso>llmsr>drsr>gplearn>qlattice>ragsr>tpsr>e2esr>pyoperon
tree_share_sweep_fixed_cap_0.5,0.21,0.29,0.145,0.145,0.5,0.42,0.9977017057798322,1.0,1.0,66,66,1.0,4.978366053714252,6.354155644355647,0.0,True,pysr,True,3,True,pysr>imcts>udsr>dso>llmsr>drsr>gplearn>qlattice>ragsr>tpsr>e2esr>pyoperon
tree_share_sweep_fixed_cap_0.5,0.215,0.285,0.1425,0.1425,0.5,0.43,0.997963499380938,1.0,1.0,66,66,1.0,4.701790161841237,6.001146997446998,0.0,True,pysr,True,3,True,pysr>imcts>udsr>dso>llmsr>drsr>gplearn>qlattice>ragsr>tpsr>e2esr>pyoperon
tree_share_sweep_fixed_cap_0.5,0.22,0.28,0.14,0.14,0.5,0.44,0.9982079421884474,1.0,1.0,66,66,1.0,4.425214269968223,5.64813835053835,0.0,True,pysr,True,3,True,pysr>imcts>udsr>dso>llmsr>drsr>gplearn>qlattice>ragsr>tpsr>e2esr>pyoperon
tree_share_sweep_fixed_cap_0.5,0.225,0.275,0.1375,0.1375,0.5,0.45,0.9984353424137831,1.0,1.0,66,66,1.0,4.14863837809521,5.295129703629705,0.0,True,pysr,True,3,True,pysr>imcts>udsr>dso>llmsr>drsr>gplearn>qlattice>ragsr>tpsr>e2esr>pyoperon
tree_share_sweep_fixed_cap_0.5,0.23,0.27,0.135,0.135,0.5,0.46,0.9986460047713029,1.0,1.0,66,66,1.0,3.8720624862221946,4.9421210567210565,0.0,True,pysr,True,3,True,pysr>imcts>udsr>dso>llmsr>drsr>gplearn>qlattice>ragsr>tpsr>e2esr>pyoperon
tree_share_sweep_fixed_cap_0.5,0.235,0.265,0.1325,0.1325,0.5,0.47,0.9988402304584589,1.0,1.0,66,66,1.0,3.595486594349181,4.589112409812408,0.0,True,pysr,True,3,True,pysr>imcts>udsr>dso>llmsr>drsr>gplearn>qlattice>ragsr>tpsr>e2esr>pyoperon
tree_share_sweep_fixed_cap_0.5,0.24,0.26,0.13,0.13,0.5,0.48,0.9990183171389017,1.0,1.0,66,66,1.0,3.3189107024761673,4.236103762903763,0.0,True,pysr,True,3,True,pysr>imcts>udsr>dso>llmsr>drsr>gplearn>qlattice>ragsr>tpsr>e2esr>pyoperon
tree_share_sweep_fixed_cap_0.5,0.245,0.255,0.1275,0.1275,0.5,0.49,0.99918055892842,1.0,1.0,66,66,1.0,3.0423348106031525,3.883095115995115,0.0,True,pysr,True,3,True,pysr>imcts>udsr>dso>llmsr>drsr>gplearn>qlattice>ragsr>tpsr>e2esr>pyoperon
tree_share_sweep_fixed_cap_0.5,0.25,0.25,0.125,0.125,0.5,0.5,0.9993272463836168,1.0,1.0,66,66,1.0,2.7657589187301386,3.5300864690864664,0.0,True,pysr,True,3,True,pysr>imcts>udsr>dso>llmsr>drsr>gplearn>qlattice>ragsr>tpsr>e2esr>pyoperon
tree_share_sweep_fixed_cap_0.5,0.255,0.245,0.1225,0.1225,0.5,0.51,0.9994586664932085,1.0,1.0,66,66,1.0,2.4891830268571242,3.1770778221778215,0.0,True,pysr,True,3,True,pysr>imcts>udsr>dso>llmsr>drsr>gplearn>qlattice>ragsr>tpsr>e2esr>pyoperon
tree_share_sweep_fixed_cap_0.5,0.26,0.24,0.12,0.12,0.5,0.52,0.9995751026718472,1.0,1.0,66,66,1.0,2.2126071349841094,2.824069175269173,0.0,True,pysr,True,3,True,pysr>imcts>udsr>dso>llmsr>drsr>gplearn>qlattice>ragsr>tpsr>e2esr>pyoperon
tree_share_sweep_fixed_cap_0.5,0.265,0.235,0.1175,0.1175,0.5,0.53,0.9996768347563669,1.0,1.0,66,66,1.0,1.9360312431110953,2.4710605283605247,0.0,True,pysr,True,3,True,pysr>imcts>udsr>dso>llmsr>drsr>gplearn>qlattice>ragsr>tpsr>e2esr>pyoperon
tree_share_sweep_fixed_cap_0.5,0.27,0.23,0.115,0.115,0.5,0.54,0.9997641390043505,1.0,1.0,66,66,1.0,1.6594553512380827,2.11805188145188,0.0,True,pysr,True,3,True,pysr>imcts>udsr>dso>llmsr>drsr>gplearn>qlattice>ragsr>tpsr>e2esr>pyoperon
tree_share_sweep_fixed_cap_0.5,0.275,0.225,0.1125,0.1125,0.5,0.55,0.9998372880949213,1.0,1.0,66,66,1.0,1.382879459365067,1.7650432345432314,0.0,True,pysr,True,3,True,pysr>imcts>udsr>dso>llmsr>drsr>gplearn>qlattice>ragsr>tpsr>e2esr>pyoperon
tree_share_sweep_fixed_cap_0.5,0.28,0.22,0.11,0.11,0.5,0.56,0.9998965511316669,1.0,1.0,66,66,1.0,1.1063035674920527,1.412034587634583,0.0,True,pysr,True,3,True,pysr>imcts>udsr>dso>llmsr>drsr>gplearn>qlattice>ragsr>tpsr>e2esr>pyoperon
tree_share_sweep_fixed_cap_0.5,0.285,0.215,0.1075,0.1075,0.5,0.57,0.9999421936476018,1.0,1.0,66,66,1.0,0.8297276756190426,1.0590259407259417,0.0,True,pysr,True,3,True,pysr>imcts>udsr>dso>llmsr>drsr>gplearn>qlattice>ragsr>tpsr>e2esr>pyoperon
tree_share_sweep_fixed_cap_0.5,0.29,0.21,0.105,0.105,0.5,0.58,0.9999744776120699,1.0,1.0,66,66,1.0,0.5531517837460282,0.7060172938172933,0.0,True,pysr,True,3,True,pysr>imcts>udsr>dso>llmsr>drsr>gplearn>qlattice>ragsr>tpsr>e2esr>pyoperon
tree_share_sweep_fixed_cap_0.5,0.295,0.205,0.1025,0.1025,0.5,0.59,0.9999936614395122,1.0,1.0,66,66,1.0,0.2765758918730139,0.35300864690864486,0.0,True,pysr,True,3,True,pysr>imcts>udsr>dso>llmsr>drsr>gplearn>qlattice>ragsr>tpsr>e2esr>pyoperon
tree_share_sweep_fixed_cap_0.5,0.3,0.2,0.1,0.1,0.5,0.6,1.0,1.0,1.0,66,66,1.0,0.0,0.0,0.0,True,pysr,True,3,True,pysr>imcts>udsr>dso>llmsr>drsr>gplearn>qlattice>ragsr>tpsr>e2esr>pyoperon
tree_share_sweep_fixed_cap_0.5,0.305,0.195,0.0975,0.0975,0.5,0.61,0.9999937446314603,1.0,1.0,66,66,1.0,0.2765758918730145,0.3530086469086484,0.0,True,pysr,True,3,True,pysr>imcts>udsr>dso>llmsr>drsr>gplearn>qlattice>ragsr>tpsr>e2esr>pyoperon
tree_share_sweep_fixed_cap_0.5,0.31,0.19,0.095,0.095,0.5,0.62,0.9999751431535018,1.0,1.0,66,66,1.0,0.5531517837460284,0.706017293817295,0.0,True,pysr,True,3,True,pysr>imcts>udsr>dso>llmsr>drsr>gplearn>qlattice>ragsr>tpsr>e2esr>pyoperon
tree_share_sweep_fixed_cap_0.5,0.315,0.185,0.0925,0.0925,0.5,0.63,0.9999444398827652,1.0,1.0,66,66,1.0,0.8297276756190427,1.0590259407259417,0.0,True,pysr,True,3,True,pysr>imcts>udsr>dso>llmsr>drsr>gplearn>qlattice>ragsr>tpsr>e2esr>pyoperon
tree_share_sweep_fixed_cap_0.5,0.32,0.18,0.09,0.09,0.5,0.64,0.9999018756497267,1.0,1.0,66,66,1.0,1.1063035674920563,1.41203458763459,0.0,True,pysr,True,3,True,pysr>imcts>udsr>dso>llmsr>drsr>gplearn>qlattice>ragsr>tpsr>e2esr>pyoperon
tree_share_sweep_fixed_cap_0.5,0.325,0.175,0.0875,0.0875,0.5,0.65,0.9998476878168648,1.0,1.0,66,66,1.0,1.382879459365071,1.7650432345432367,0.0,True,pysr,True,3,True,pysr>imcts>udsr>dso>llmsr>drsr>gplearn>qlattice>ragsr>tpsr>e2esr>pyoperon
tree_share_sweep_fixed_cap_0.5,0.33,0.17,0.085,0.085,0.5,0.66,0.999782110298132,1.0,1.0,66,66,1.0,1.659455351238085,2.1180518814518834,0.0,True,pysr,True,3,True,pysr>imcts>udsr>dso>llmsr>drsr>gplearn>qlattice>ragsr>tpsr>e2esr>pyoperon
tree_share_sweep_fixed_cap_0.5,0.335,0.165,0.0825,0.0825,0.5,0.67,0.9997053735796505,1.0,1.0,66,66,1.0,1.9360312431110993,2.471060528360532,0.0,True,pysr,True,3,True,pysr>imcts>udsr>dso>llmsr>drsr>gplearn>qlattice>ragsr>tpsr>e2esr>pyoperon
tree_share_sweep_fixed_cap_0.5,0.34,0.16,0.08,0.08,0.5,0.68,0.9996177047415665,1.0,1.0,66,66,1.0,2.212607134984113,2.8240691752691784,0.0,True,pysr,True,3,True,pysr>imcts>udsr>dso>llmsr>drsr>gplearn>qlattice>ragsr>tpsr>e2esr>pyoperon
tree_share_sweep_fixed_cap_0.5,0.345,0.155,0.0775,0.0775,0.5,0.69,0.9995193274809935,1.0,1.0,66,66,1.0,2.4891830268571247,3.1770778221778215,0.0,True,pysr,True,3,True,pysr>imcts>udsr>dso>llmsr>drsr>gplearn>qlattice>ragsr>tpsr>e2esr>pyoperon
tree_share_sweep_fixed_cap_0.5,0.35,0.15,0.075,0.075,0.5,0.7,0.9994104621359868,1.0,1.0,66,66,1.0,2.765758918730139,3.53008646908647,0.0,True,pysr,True,3,True,pysr>imcts>udsr>dso>llmsr>drsr>gplearn>qlattice>ragsr>tpsr>e2esr>pyoperon
tree_share_sweep_fixed_cap_0.5,0.355,0.145,0.0725,0.0725,0.5,0.71,0.9992913257104746,1.0,1.0,66,66,1.0,3.0423348106031525,3.8830951159951166,0.0,True,pysr,True,3,True,pysr>imcts>udsr>dso>llmsr>drsr>gplearn>qlattice>ragsr>tpsr>e2esr>pyoperon
tree_share_sweep_fixed_cap_0.5,0.36,0.14,0.07,0.07,0.5,0.72,0.9991621319000972,1.0,1.0,66,66,1.0,3.3189107024761673,4.236103762903763,0.0,True,pysr,True,3,True,pysr>imcts>udsr>dso>llmsr>drsr>gplearn>qlattice>ragsr>tpsr>e2esr>pyoperon
tree_share_sweep_fixed_cap_0.5,0.365,0.135,0.0675,0.0675,0.5,0.73,0.9990230911188888,1.0,1.0,66,66,1.0,3.5954865943491816,4.589112409812412,0.0,True,pysr,True,3,True,pysr>imcts>udsr>dso>llmsr>drsr>gplearn>qlattice>ragsr>tpsr>e2esr>pyoperon
tree_share_sweep_fixed_cap_0.5,0.37,0.13,0.065,0.065,0.5,0.74,0.998874410526743,1.0,1.0,66,66,1.0,3.8720624862221946,4.942121056721058,0.0,True,pysr,True,3,True,pysr>imcts>udsr>dso>llmsr>drsr>gplearn>qlattice>ragsr>tpsr>e2esr>pyoperon
tree_share_sweep_fixed_cap_0.5,0.375,0.125,0.0625,0.0625,0.5,0.75,0.9987162940576166,1.0,1.0,66,66,1.0,4.14863837809521,5.295129703629705,0.0,True,pysr,True,3,True,pysr>imcts>udsr>dso>llmsr>drsr>gplearn>qlattice>ragsr>tpsr>e2esr>pyoperon
tree_share_sweep_fixed_cap_0.5,0.38,0.12,0.06,0.06,0.5,0.76,0.9985489424484082,1.0,1.0,66,66,1.0,4.425214269968223,5.648138350538352,0.0,True,pysr,True,3,True,pysr>imcts>udsr>dso>llmsr>drsr>gplearn>qlattice>ragsr>tpsr>e2esr>pyoperon
tree_share_sweep_fixed_cap_0.5,0.385,0.115,0.0575,0.0575,0.5,0.77,0.9983725532684672,1.0,1.0,66,66,1.0,4.701790161841237,6.001146997447,0.0,True,pysr,True,3,True,pysr>imcts>udsr>dso>llmsr>drsr>gplearn>qlattice>ragsr>tpsr>e2esr>pyoperon
tree_share_sweep_fixed_cap_0.5,0.39,0.11,0.055,0.055,0.5,0.78,0.9981873209496833,1.0,1.0,66,66,1.0,4.978366053714252,6.354155644355647,0.0,True,pysr,True,3,True,pysr>imcts>udsr>dso>llmsr>drsr>gplearn>qlattice>ragsr>tpsr>e2esr>pyoperon
tree_share_sweep_fixed_cap_0.5,0.395,0.105,0.0525,0.0525,0.5,0.79,0.997993436817106,0.993006993006993,0.9696969696969697,65,66,0.9848484848484849,5.254941945587266,6.707164291264293,1.0,False,pysr,True,3,True,pysr>imcts>udsr>dso>llmsr>drsr>gplearn>qlattice>tpsr>ragsr>e2esr>pyoperon
tree_share_sweep_fixed_cap_0.5,0.4,0.1,0.05,0.05,0.5,0.8,0.9977910891200521,0.986013986013986,0.9393939393939394,64,66,0.9696969696969697,5.53151783746028,7.060172938172942,1.0,False,pysr,True,3,True,pysr>imcts>udsr>dso>llmsr>drsr>gplearn>qlattice>tpsr>ragsr>pyoperon>e2esr
tree_share_sweep_fixed_cap_0.5,0.405,0.095,0.0475,0.0475,0.5,0.81,0.997580463063658,0.986013986013986,0.9393939393939394,64,66,0.9696969696969697,5.808093729333295,7.413181585081588,1.0,False,pysr,True,3,True,pysr>imcts>udsr>dso>llmsr>drsr>gplearn>qlattice>tpsr>ragsr>pyoperon>e2esr
tree_share_sweep_fixed_cap_0.5,0.41,0.09,0.045,0.045,0.5,0.82,0.997361740840828,0.986013986013986,0.9393939393939394,64,66,0.9696969696969697,6.084669621206306,7.766190231990232,1.0,False,pysr,True,3,True,pysr>imcts>udsr>dso>llmsr>drsr>gplearn>qlattice>tpsr>ragsr>pyoperon>e2esr
tree_share_sweep_fixed_cap_0.5,0.415,0.085,0.0425,0.0425,0.5,0.83,0.9971351016645483,0.986013986013986,0.9393939393939394,64,66,0.9696969696969697,6.36124551307932,8.119198878898878,1.0,False,pysr,True,3,True,pysr>imcts>udsr>dso>llmsr>drsr>gplearn>qlattice>tpsr>ragsr>pyoperon>e2esr
tree_share_sweep_fixed_cap_0.5,0.42,0.08,0.04,0.04,0.5,0.84,0.9969007218005186,0.986013986013986,0.9393939393939394,64,66,0.9696969696969697,6.637821404952334,8.472207525807526,1.0,False,pysr,True,3,True,pysr>imcts>udsr>dso>llmsr>drsr>gplearn>qlattice>tpsr>ragsr>pyoperon>e2esr
tree_share_sweep_fixed_cap_0.5,0.425,0.075,0.0375,0.0375,0.5,0.85,0.9966587746000705,0.986013986013986,0.9393939393939394,64,66,0.9696969696969697,6.9143972968253475,8.825216172716173,1.0,False,pysr,True,3,True,pysr>imcts>udsr>dso>llmsr>drsr>gplearn>qlattice>tpsr>ragsr>pyoperon>e2esr
tree_share_sweep_fixed_cap_0.5,0.43,0.07,0.035,0.035,0.5,0.86,0.9964094305333349,0.986013986013986,0.9393939393939394,64,66,0.9696969696969697,7.190973188698362,9.17822481962482,1.0,False,pysr,True,3,True,pysr>imcts>udsr>dso>llmsr>drsr>gplearn>qlattice>tpsr>ragsr>pyoperon>e2esr
tree_share_sweep_fixed_cap_0.5,0.435,0.065,0.0325,0.0325,0.5,0.87,0.9961528572226208,0.986013986013986,0.9393939393939394,64,66,0.9696969696969697,7.467549080571376,9.531233466533468,1.0,False,pysr,True,3,True,pysr>imcts>udsr>dso>llmsr>drsr>gplearn>qlattice>tpsr>ragsr>pyoperon>e2esr
tree_share_sweep_fixed_cap_0.5,0.44,0.06,0.03,0.03,0.5,0.88,0.9958892194759816,0.986013986013986,0.9393939393939394,64,66,0.9696969696969697,7.74412497244439,9.884242113442115,1.0,False,pysr,True,3,True,pysr>imcts>udsr>dso>llmsr>drsr>gplearn>qlattice>tpsr>ragsr>pyoperon>e2esr
tree_share_sweep_fixed_cap_0.5,0.445,0.055,0.0275,0.0275,0.5,0.89,0.9956186793209247,0.986013986013986,0.9393939393939394,64,66,0.9696969696969697,8.020700864317405,10.237250760350761,1.0,False,pysr,True,3,True,pysr>imcts>udsr>dso>llmsr>drsr>gplearn>qlattice>tpsr>ragsr>pyoperon>e2esr
tree_share_sweep_fixed_cap_0.5,0.45,0.05,0.025,0.025,0.5,0.9,0.9953413960382489,0.986013986013986,0.9393939393939394,64,66,0.9696969696969697,8.297276756190419,10.59025940725941,1.0,False,pysr,True,3,True,pysr>imcts>udsr>dso>llmsr>drsr>gplearn>qlattice>tpsr>ragsr>pyoperon>e2esr
tree_share_sweep_fixed_cap_0.5,0.455,0.045,0.0225,0.0225,0.5,0.91,0.9950575261959689,0.986013986013986,0.9393939393939394,64,66,0.9696969696969697,8.573852648063433,10.943268054168056,1.0,False,pysr,True,3,True,pysr>imcts>udsr>dso>llmsr>drsr>gplearn>qlattice>tpsr>ragsr>pyoperon>e2esr
tree_share_sweep_fixed_cap_0.5,0.46,0.04,0.02,0.02,0.5,0.92,0.9947672236833072,0.986013986013986,0.9393939393939394,64,66,0.9696969696969697,8.850428539936447,11.296276701076703,1.0,False,pysr,True,3,True,pysr>imcts>udsr>dso>llmsr>drsr>gplearn>qlattice>tpsr>ragsr>pyoperon>e2esr
tree_share_sweep_fixed_cap_0.5,0.465,0.035,0.0175,0.0175,0.5,0.93,0.9944706397447244,0.986013986013986,0.9393939393939394,64,66,0.9696969696969697,9.12700443180946,11.649285347985352,1.0,False,pysr,True,3,True,pysr>imcts>udsr>dso>llmsr>drsr>gplearn>qlattice>tpsr>ragsr>pyoperon>e2esr
tree_share_sweep_fixed_cap_0.5,0.47,0.03,0.015,0.015,0.5,0.94,0.9941679230139623,0.986013986013986,0.9393939393939394,64,66,0.9696969696969697,9.403580323682473,12.002293994893995,1.0,False,pysr,True,3,True,pysr>imcts>udsr>dso>llmsr>drsr>gplearn>qlattice>tpsr>ragsr>pyoperon>e2esr
tree_share_sweep_fixed_cap_0.5,0.475,0.025,0.0125,0.0125,0.5,0.95,0.9938592195480798,0.986013986013986,0.9393939393939394,64,66,0.9696969696969697,9.680156215555487,12.355302641802641,1.0,False,pysr,True,3,True,pysr>imcts>udsr>dso>llmsr>drsr>gplearn>qlattice>tpsr>ragsr>pyoperon>e2esr
tree_share_sweep_fixed_cap_0.5,0.48,0.02,0.01,0.01,0.5,0.96,0.9935446728614555,0.986013986013986,0.9393939393939394,64,66,0.9696969696969697,9.9567321074285,12.70831128871129,1.0,False,pysr,True,3,True,pysr>imcts>udsr>dso>llmsr>drsr>gplearn>qlattice>tpsr>ragsr>pyoperon>e2esr
tree_share_sweep_fixed_cap_0.5,0.485,0.015,0.0075,0.0075,0.5,0.97,0.9932244239597363,0.986013986013986,0.9393939393939394,64,66,0.9696969696969697,10.233307999301514,13.061319935619936,1.0,False,pysr,True,3,True,pysr>imcts>udsr>dso>llmsr>drsr>gplearn>qlattice>tpsr>ragsr>pyoperon>e2esr
tree_share_sweep_fixed_cap_0.5,0.49,0.01,0.005,0.005,0.5,0.98,0.992898611373716,0.986013986013986,0.9393939393939394,64,66,0.9696969696969697,10.509883891174528,13.414328582528583,1.0,False,pysr,True,3,True,pysr>imcts>udsr>dso>llmsr>drsr>gplearn>qlattice>tpsr>ragsr>pyoperon>e2esr
tree_share_sweep_fixed_cap_0.5,0.495,0.005,0.0025,0.0025,0.5,0.99,0.9925673711931162,0.986013986013986,0.9393939393939394,64,66,0.9696969696969697,10.786459783047544,13.767337229437231,1.0,False,pysr,True,3,True,pysr>imcts>udsr>dso>llmsr>drsr>gplearn>qlattice>tpsr>ragsr>pyoperon>e2esr
tree_share_sweep_fixed_cap_0.5,0.5,0.0,0.0,0.0,0.5,1.0,0.9922308371002613,0.986013986013986,0.9393939393939394,64,66,0.9696969696969697,11.063035674920558,14.120345876345878,1.0,False,pysr,True,3,True,pysr>imcts>udsr>dso>llmsr>drsr>gplearn>qlattice>tpsr>ragsr>pyoperon>e2esr
